id,title,date,article_url,place_of_accident,district,number_of_deaths,number_of_injured,vehicle_type,cause_of_accident,country,report_type,type_of_accident
375,Road accident kills 4 in Rangpur,2020-07-01 20:50:16,https://en.prothomalo.com/bangladesh/accident/road-accident-kills-4-in-rangpur,anantapur point on the taraganj-burirhat road,rangpur,4,1,truck,iron rod-laden truck overturned and fell down into a roadside ditch,Bangladesh,event,road accident
376,"Video footage looks like murder, not accident: State minister",2020-06-29 21:04:23,https://en.prothomalo.com/bangladesh/city/video-footage-shows-it-is-murder-not-accident-state-minister,,,0,0,,,Bangladesh,event,road accident
377,"Two killed in Jashore road accident

",2020-06-21 09:34:00,https://en.prothomalo.com/bangladesh/accident/two-killed-in-jashore-road-accident-2,abhaynagar,jashore,2,1,truck and battery-run auto-rickshaw,head on collision,Bangladesh,event,road accident
378,"Two killed in Jashore road accident

",2020-06-21 09:34:00,https://en.prothomalo.com/bangladesh/local-news/two-killed-in-jashore-road-accident,abhaynagar,jashore,2,1,truck and auto-rickshaw,head on collision,Bangladesh,event,road accident
380,Two BGB men killed in road accident,2020-06-13 13:19:05,https://en.prothomalo.com/bangladesh/accident/two-bgb-men-killed-in-road-accident,rajshahi-chapainawabganj highway in sarangpur of godagari upazila,rajshahi,2,10,"truck, bgb vehicle",head-on collision,Bangladesh,event,road accident
381,Madaripur road accident kills 2,2020-06-11 13:33:07,https://en.prothomalo.com/bangladesh/accident/madaripur-road-accident-kills-2,shimultola,madaripur,2,1,"human hauler (nosimon), truck",driver lost control and hit a stationary truck,Bangladesh,event,road accident
382,Two killed in city road accident,2020-06-04 16:09:15,https://en.prothomalo.com/bangladesh/accident/two-killed-in-city-road-accident,banglamotor area,dhaka,2,1,"bus, motorcycle",driver lost control over the steering,Bangladesh,event,road accident
383,Munshiganj road accident kills 3,2020-05-27 14:02:10,https://en.prothomalo.com/bangladesh/accident/munshiganj-road-accident-kills-3,dhaka-chattogram highway in gazaria upazila,munshiganj,3,8,microbus,driver lost control over the steering,Bangladesh,event,road accident
386,University student killed in road accident,2020-03-26 14:54:55,https://en.prothomalo.com/bangladesh/accident/university-student-killed-in-road-accident,tuniapara of mirpur,kushtia,1,0,three-wheeler,,Bangladesh,event,road accident
387,Separate road accidents kill 7 in Bogura,2020-03-25 18:19:58,https://en.prothomalo.com/bangladesh/accident/separate-road-accidents-kill-7-in-bogura,"ghoga bottola area, sherpur upazila",sherpur,7,13,"truck, bus",head on collision,Bangladesh,event,road accident
388,3 killed in Cumilla road accident,2020-02-29 16:00:38,https://en.prothomalo.com/bangladesh/accident/3-killed-in-cumilla-road-accident,daudkandi upazila,cumilla,3,15,bus,plunged into a roadside ditch,Bangladesh,event,road accident
390,2 killed in Kushtia road accident,2020-02-22 13:54:44,https://en.prothomalo.com/bangladesh/2-killed-in-Kushtia-road-accident,kushtia-ishwardi highway in 10 mile area of bheramara upazila,kushtia,2,0,trolley (power tiller with trailer),road crash,Bangladesh,event,road accident
392,2 killed in Cumilla road accident,2020-02-08 12:48:42,https://en.prothomalo.com/bangladesh/2-killed-in-Cumilla-road-accident,dhaka-chattogram highway in jagannathdighi area of chauddagram upazila,cumilla,2,10,bus and covered van,road accident,Bangladesh,event,road accident
393,Two schoolboys killed in road accident,2020-02-05 13:41:03,https://en.prothomalo.com/bangladesh/Two-schoolboys-killed-in-road-accident,sadhurmor area in godagari upazila,rajshahi,2,1,"microbus, bicycle",run over by a microbus,Bangladesh,event,road accident
399,Jashore car accident kills 3 of a family,2020-01-18 11:06:11,https://en.prothomalo.com/bangladesh/Jashore-car-accident-kills-3-of-a-family,jashore town,jashore,3,3,car,,Bangladesh,event,road accident
400,2 motorcyclists killed in road accident,2020-01-11 12:02:42,https://en.prothomalo.com/bangladesh/2-motorcyclists-killed-in-road-accident-2,fauzdarhat area,sitakundu,2,0,"covered van, motorbike",covered van hit motorbike,Bangladesh,event,road accident
401,2 motorcyclists killed in road accident,2020-01-11 12:02:42,https://en.prothomalo.com/bangladesh/2-motorcyclists-killed-in-road-accident,fauzdarhat area,"sitakundu, chattogram",2,0,"covered van, motorbike",covered van hit their motorbikes,Bangladesh,event,road accident
402,3 killed in separate road accidents,2020-01-09 09:25:39,https://en.prothomalo.com/bangladesh/3-killed-in-separate-road-accidents,dhaka-chattogram highway,sitakunda and mirsarai upazila,3,3,,,Bangladesh,event,road accident
404,"Father, daughter killed in road accident",2020-01-06 16:22:08,https://en.prothomalo.com/bangladesh/Father-daughter-killed-in-road-accident,rajarampur,chapainawabganj,2,0,"truck, motorcycle",truck hit motorcycle,Bangladesh,event,road accident
408,6 killed in road accidents,2020-01-02 12:46:29,https://en.prothomalo.com/bangladesh/6-killed-in-road-accidents-2,chattogram-cox’s bazar highway at joarianala in ramu,cox's bazar,3,0,bus and private car,bus hit a private car,Bangladesh,event,road accident
409,6 killed in road accidents,2020-01-02 12:46:29,https://en.prothomalo.com/bangladesh/6-killed-in-road-accidents,chattogram-cox’s bazar highway at joarianala in ramu,cox's bazar,3,0,bus and private car,bus hit a private car,Bangladesh,event,road accident
410,3 killed in Cox's Bazar road accident,2020-01-02 10:02:00,https://en.prothomalo.com/bangladesh/3-killed-in-Cox-s-Bazar-road-accident,chattogram-cox’s bazar highway at joarianala,"ramu, cox's bazar",3,0,bus and private car,bus hit a private car,Bangladesh,event,road accident
411,"3 road accidents at the same place in 6 hours, 2 killed",2019-12-27 18:31:59,https://en.prothomalo.com/bangladesh/3-road-accidents-at-the-same-place-in-6-hours-2,kamaliarchar area of kishoreganj sadar upazila,kishoreganj,2,20,"bus, truck, tank lorry","driver lost control over the steering, dense fog and slippery road",Bangladesh,event,road accident
412,Motorcyclist killed in Chattogram accident,2019-12-27 12:01:43,https://en.prothomalo.com/bangladesh/Motorcyclist-killed-in-Chattogram-accident,tigerpass area,chattogram,1,0,"motorcycle, covered van",covered van hit shovon’s motorbike,Bangladesh,event,road accident
413,2 killed in Sirajganj road accident,2019-12-19 13:06:55,https://en.prothomalo.com/bangladesh/2-killed-in-Sirajganj-road-accident-5,hatikumrul-bonpara highway,sirajganj,2,19,truck and bus,head-on collision,Bangladesh,event,road accident
414,2 killed in Sirajganj road accident,2019-12-19 13:06:55,https://en.prothomalo.com/bangladesh/2-killed-in-Sirajganj-road-accident-4,hatikumrul-bonpara highway,sirajganj,2,19,truck and bus,head-on collision,Bangladesh,event,road accident
415,2 killed in Sirajganj road accident,2019-12-19 13:06:55,https://en.prothomalo.com/bangladesh/2-killed-in-Sirajganj-road-accident-3,hatikumrul-bonpara highway,sirajganj,2,19,truck and bus,head-on collision,Bangladesh,event,road accident
416,2 killed in Sirajganj road accident,2019-12-19 13:06:55,https://en.prothomalo.com/bangladesh/2-killed-in-Sirajganj-road-accident-2,hatikumrul-bonpara highway,sirajganj,2,19,truck and bus,head-on collision,Bangladesh,event,road accident
417,2 killed in Sirajganj road accident,2019-12-19 13:06:55,https://en.prothomalo.com/bangladesh/2-killed-in-Sirajganj-road-accident,hatikumrul-bonpara highway,sirajganj,2,19,truck and bus,head-on collision,Bangladesh,event,road accident
418,Two killed in road accident,2019-12-17 11:35:09,https://en.prothomalo.com/bangladesh/Two-killed-in-road-accident,manikpur in zakiganj upazila,sylhet,2,0,"truck, motorbike",truck crashed into motorbike,Bangladesh,event,road accident
419,Pedestrian killed in road accident,2019-12-09 11:37:59,https://en.prothomalo.com/bangladesh/Pedestrian-killed-in-road-accident,"college road area, dhaka-bogura highway","sherpur, bogura",1,0,truck,truck hit pedestrian,Bangladesh,event,road accident
420,Road accidents kill 3,2019-11-24 10:36:01,https://en.prothomalo.com/bangladesh/Road-accidents-kill-3,manikganj and barishal,"manikganj, barishal",3,20,,,Bangladesh,event,road accident
426,Policeman killed in Khulna road accident,2019-11-11 13:49:40,https://en.prothomalo.com/bangladesh/Policeman-killed-in-Khulna-road-accident,rupsha-bagerhat purono sarak at debipur area,khulna,1,1,"motorcycle, human hauler",collision,Bangladesh,event,road accident
428,7 killed in Panchagarh road accident,2019-11-08 17:37:54,https://en.prothomalo.com/bangladesh/7-killed-in-Panchagarh-road-accident,tetulia upazila,panchagarh,7,0,"minibus, battery-run easy-bike",head-on collision,Bangladesh,event,road accident
433,Magura road accident kills 2,2019-10-11 23:11:36,https://en.prothomalo.com/bangladesh/Magura-road-accident-kills-2,itkhola bazar area on magura-jhenidah road,magura,2,0,"motorcycle, passenger bus",hit by a passenger bus,Bangladesh,event,road accident
434,Road accident kills motorcyclist,2019-09-30 15:57:13,https://en.prothomalo.com/bangladesh/Road-accident-kills-motorcyclist,hajiganj upazila,chandpur,1,0,motorbikes,head-on collision,Bangladesh,event,road accident
435,Road accidents kill 4 in two dists,2019-09-27 21:36:34,https://en.prothomalo.com/bangladesh/Road-accidents-kill-4-in-two-dists,chikashi of dhunat upazila,bogura,2,0,motorcycles,head-on collision,Bangladesh,event,road accident
436,Road accident laws must not be relaxed,2019-09-27 11:48:53,https://en.prothomalo.com/opinion/Road-accident-laws-must-not-be-relaxed,"airport road, dhaka",dhaka,2,0,bus,,Bangladesh,event,road accident
439,Mymensingh road accident kills 2,2019-09-09 11:48:31,https://en.prothomalo.com/bangladesh/accident/mymensingh-road-accident-kills-2,bagar bazar signboard area,mymensingh,2,0,truck,hit by a truck,Bangladesh,event,road accident
440,Mymensingh road accident kills 2,2019-09-09 11:48:31,https://en.prothomalo.com/bangladesh/Mymensingh-road-accident-kills-2,bagar bazar signboard area,mymensingh,2,0,truck,hit by a truck,Bangladesh,event,road accident
441,Cop dies in Rajshahi road accident,2019-09-02 13:05:55,https://en.prothomalo.com/bangladesh/Cop-dies-in-Rajshahi-road-accident,godagari upazila,rajshahi,1,0,motorbike,hit by a motorbike,Bangladesh,event,road accident
443,Road accidents kill 3 youths,2019-08-27 13:59:05,https://en.prothomalo.com/bangladesh/Road-accidents-kill-3-youths,"wari, dhaka",dhaka,1,0,"bicycle, vehicle",vehicle hit bicycle,Bangladesh,event,road accident
447,Road accident kills 2,2019-08-20 10:07:22,https://en.prothomalo.com/bangladesh/Road-accident-kills-2-3,amjurhat,"patiya, chattogram",2,0,"truck, motorcycle",truck crashed into a motorcycle,Bangladesh,event,road accident
448,Road accident kills 2,2019-08-20 10:07:22,https://en.prothomalo.com/bangladesh/Road-accident-kills-2-2,amjurhat,patiya,2,0,"truck, motorcycle",truck crashed into a motorcycle,Bangladesh,event,road accident
449,Road accident kills 2,2019-08-20 10:07:22,https://en.prothomalo.com/bangladesh/Road-accident-kills-2,amjurhat,patiya,2,0,"truck, motorcycle",truck crashed into motorcycle,Bangladesh,event,road accident
451,Road accidents: No directives working,2019-08-19 12:56:30,https://en.prothomalo.com/opinion/Road-accidents-No-directives-working,bangladesh,,0,0,,reckless driving,Bangladesh,event,road accident
453,"Parents, two children die in road accident",2019-08-16 14:46:22,https://en.prothomalo.com/bangladesh/4-of-a-family-killed-in-road-crash,ramgopalpur,mymensingh,4,2,private car and a bus,collision,Bangladesh,event,road accident
457,Two killed in Bagerhat road accident,2019-07-08 18:46:16,https://en.prothomalo.com/bangladesh/Two-killed-in-Bagerhat-road-accident,bishwa road intersection,bagerhat,2,0,"easy-bike, cyclist, truck",hit by a truck,Bangladesh,event,road accident
459,Accidents kill 12 people per hour in Bangladesh,2019-07-04 17:28:03,https://en.prothomalo.com/bangladesh/12-people-die-in-accidents-per-hour,national institute of traumatology and orthopaedic rehabilitation,dhaka,0,1,,,Bangladesh,event,road accident
462,2 killed in road accident,2019-06-27 11:25:11,https://en.prothomalo.com/bangladesh/2-killed-in-road-accident-3,"shalimun, tongi, gazipur",gazipur,2,8,"truck, human hauler",truck rammed into a human hauler,Bangladesh,event,road accident
463,2 killed in road accident,2019-06-27 11:25:11,https://en.prothomalo.com/bangladesh/2-killed-in-road-accident,"shalimun, tongi, gazipur",gazipur,2,8,"truck, human hauler",truck rammed into a human hauler,Bangladesh,event,road accident
468,Sirajganj road accident kills 4,2019-06-04 11:42:04,https://en.prothomalo.com/bangladesh/Sirajganj-road-accident-kills-4,"tabaripara of chandaikona union of raiganj upazila, sirajganj",sirajganj,4,23,bus,plunged into a roadside ditch,Bangladesh,event,road accident
469,Compensation in road accidents rare,2019-05-14 14:50:08,https://en.prothomalo.com/bangladesh/Compensation-in-road-accidents-rare,near mouchak market,dhaka,1,0,bus,run over,Bangladesh,event,road accident
470,3 killed in road accident,2019-05-05 09:59:08,https://en.prothomalo.com/bangladesh/3-killed-in-road-accident-2,beribadh area of village char newton,bhola,3,2,trolley,driver lost control over the steering,Bangladesh,event,road accident
471,3 killed in road accident,2019-05-05 09:59:08,https://en.prothomalo.com/bangladesh/3-killed-in-road-accident,beribadh area of village char newton,bhola,3,2,trolley,driver lost control over the steering,Bangladesh,event,road accident
473,Bus driver responsible for Shahbagh accident: Police,2019-04-23 14:12:50,https://en.prothomalo.com/bangladesh/Bus-driver-responsible-for-Shahbagh-accident,matsya bhaban intersection,dhaka,2,2,bus,driver's negligence (claimed brake failure),Bangladesh,event,road accident
474,"Eight of a family killed as microbus plunges into pond 

",2020-08-18 12:09:23,https://en.prothomalo.com/bangladesh/accident/8-killed-in-mymensingh-road-accident,bashati area of phulpur upazila,mymensingh,8,0,microbus,driver lost control over the steering,Bangladesh,event,road accident
477,21 killed in separate road accidents,2019-03-28 20:49:01,https://en.prothomalo.com/bangladesh/21-killed-in-separate-road-accidents,"chattogram, madaripur, jashore and rangamati","chattogram, madaripur, jashore and rangamati",21,53,,separate road accidents,Bangladesh,event,road accident
478,"Mother, daughter among 8 killed in road accident",2019-03-28 11:09:04,https://en.prothomalo.com/bangladesh/Road-crash-kills-8,chattogram-cox’s bazar highway,chattogram,8,0,bus and a microbus,head-on collision,Bangladesh,event,road accident
479,The old tale of road accidents: Lives never counted,2019-03-28 10:06:26,https://en.prothomalo.com/opinion/The-old-tale-of-road-accidents-Lives-never,lakshmipur,lakshmipur,7,0,truck,crushed under a truck,Bangladesh,event,road accident
480,Sylhet Agri University sues 3 over student’s death in road accident,2019-03-25 20:11:13,https://en.prothomalo.com/bangladesh/Sylhet-Agri-University-sues-3-over-student’s-death,sherpur,moulvibazar sadar,1,0,bus,pushed off the vehicle by helper,Bangladesh,event,road accident
481,Students block road demanding compensation for accident victim,2019-03-23 15:39:27,https://en.prothomalo.com/bangladesh/Students-block-road-demanding-compensation-for,benapole-jashore highway,jashore,0,0,,,Bangladesh,event,road accident
482,3 killed in road accident,2019-03-15 15:18:48,https://en.prothomalo.com/bangladesh/3-killed-in-road-accident-2,dhaka-aricha highway in nayadingi of saturia upazila,manikganj,3,0,"truck, pick-up van",truck hit pick-up van,Bangladesh,event,road accident
483,3 killed in road accident,2019-03-15 15:18:48,https://en.prothomalo.com/bangladesh/3-killed-in-road-accident,dhaka-aricha highway in nayadingi of saturia upazila,manikganj,3,1,truck and pick-up van,truck hit pick-up van,Bangladesh,event,road accident
484,Road accident kills schoolgirl,2019-03-02 10:47:13,https://en.prothomalo.com/bangladesh/Road-accident-kills-schoolgirl,sylhet-fenchuganj road at dharampur village,sylhet,1,0,bus,crushed to death by a bus,Bangladesh,event,road accident
485,Road accident kills 2,2019-02-14 11:33:59,https://en.prothomalo.com/bangladesh/Road-accident-kills-2-3,shialdangi village,rajbari,2,8,bus,plunged into a roadside ditch,Bangladesh,event,road accident
486,Road accident kills 2,2019-02-14 11:33:59,https://en.prothomalo.com/bangladesh/Road-accident-kills-2-2,shialdangi village,rajbari,2,8,bus,plunged into a roadside ditch,Bangladesh,event,road accident
487,Road accident kills 2,2019-02-14 11:33:59,https://en.prothomalo.com/bangladesh/Road-accident-kills-2,shialdangi village,rajbari,2,8,bus,plunged into a roadside ditch,Bangladesh,event,road accident
488,Mentally challenged student killed in road accident,2019-02-09 14:42:41,https://en.prothomalo.com/bangladesh/Mentally-challenged-student-killed-in-road,malek bazar,gopalganj,1,0,bus,bus hit him when he was crossing the road,Bangladesh,event,road accident
489,JaPa MP wonders  no one to prevent road accidents!,2019-02-05 22:28:24,https://en.prothomalo.com/bangladesh/JaPa-MP-says-no-one-to-prevent-road-accidents,parliament,,0,0,long-route vehicles,lack of implementation of road safety directives,Bangladesh,event,road accident
490,Hundreds of people protest at siblings death in road accident,2019-01-31 14:53:37,https://en.prothomalo.com/bangladesh/Hundreds-of-people-protest-siblings-death-in-road,dhaka-mawa highway at rejendrapur,south keraniganj,2,0,truck,truck driver responsible for the death of two siblings,Bangladesh,event,road accident
491,Road accident kills 3,2019-01-31 13:46:06,https://en.prothomalo.com/bangladesh/Road-accident-kills-3,alalpur,mymensingh sadar upazila,3,2,ambulance,overturned after crashing into a roadside tree,Bangladesh,event,road accident
492,Two sued over Cumilla accident,2019-01-27 18:33:53,https://en.prothomalo.com/bangladesh/Two-sued-over-Cumilla-accident,chouddagram upazila,cumilla,13,0,truck,truck flipped on brick kiln workers,Bangladesh,event,road accident
493,5 of a bridal party killed in road accident,2019-01-15 22:48:28,https://en.prothomalo.com/bangladesh/5-of-a-bridal-party-killed-in-road-accident,birpasha of bijoynagar upazila,brahmanbaria,5,3,microbus,plunged into a roadside ditch,Bangladesh,event,road accident
495,Launch accident kills one,2019-01-06 12:46:38,https://en.prothomalo.com/bangladesh/Launch-accident-kills-one,river meghna,mehendiganj,1,3,,hit another anchored one,Bangladesh,event,road accident
499,Road accidents claim 6 lives in 4 districts,2018-12-15 09:18:12,https://en.prothomalo.com/bangladesh/Road-accidents-claim-6-lives-in-4-districts,chatmohar-tebunia road in neutigachha area of chatmohar upazila,pabna,2,0,motorcycle,driver lost control of the motorcycle while trying to save a dog.,Bangladesh,event,road accident
504,Chattogram truck accident kills 2,2018-10-23 15:37:16,https://en.prothomalo.com/bangladesh/Chattogram-truck-accident-kills-2,dhaka-chottagram highway in barotakia,mirsarai,2,1,truck,truck hit another one,Bangladesh,event,road accident
506,"Mother, daughter killed in road accident",2018-10-11 12:07:07,https://en.prothomalo.com/bangladesh/Mother-daughter-killed-in-road-accident-2,bhatiapara,nilphamari,2,1,truck and rickshaw-van,truck hit rickshaw-van,Bangladesh,event,road accident
507,"Mother, daughter killed in road accident",2018-10-11 12:07:07,https://en.prothomalo.com/bangladesh/Mother-daughter-killed-in-road-accident,bhatiapara,nilphamari,2,1,"truck, rickshaw-van",truck hit a rickshaw-van,Bangladesh,event,road accident
509,Schoolgirl killed in road accident,2018-10-07 14:15:45,https://en.prothomalo.com/bangladesh/Schoolgirl-killed-in-road-accident-2,nachole-amnura road in panditpur,chapainawabganj,1,0,human-hauler,hit her,Bangladesh,event,road accident
510,Schoolgirl killed in road accident,2018-10-07 14:15:45,https://en.prothomalo.com/bangladesh/Schoolgirl-killed-in-road-accident,nachole-amnura road in panditpur,chapainawabganj,1,0,human-hauler,hit her,Bangladesh,event,road accident
511,Road accident kills one,2018-10-06 10:32:48,https://en.prothomalo.com/bangladesh/Road-accident-kills-one,"bhaina intersection, magura",magura,1,5,human-hauler (nasimon),driver lost control over the steering,Bangladesh,event,road accident
514,Woman killed in Bhola launch accident,2018-09-02 13:00:33,https://en.prothomalo.com/bangladesh/Woman-killed-in-Bhola-launch-accident,hakimuddin launch ghat,bhola,1,3,,collision between two launches,Bangladesh,event,road accident
518,Cabinet to consider capital punishment for road accident deaths,2018-08-06 12:16:29,https://en.prothomalo.com/bangladesh/Cabinet-to-consider-capital-punishment-for-road,dhaka,dhaka,2,0,bus,speeding bus ran over a group of students,Bangladesh,event,road accident
519,2 drivers detained over Airport Road accident,2018-07-30 18:11:25,https://en.prothomalo.com/bangladesh/2-drivers-detained-over-Airport-Road-accident,airport road,dhaka,2,0,bus,,Bangladesh,event,road accident
521,Munshiganj female UP member killed in speedboat accident,2018-07-18 10:26:31,https://en.prothomalo.com/bangladesh/Munshiganj-female-UP-member-killed-in-speedboat,shimulia ghat,munshiganj,1,10,"speedboat, ferry",ferry collision,Bangladesh,event,road accident
527,7 killed in separate road accidents,2018-06-02 15:25:42,https://en.prothomalo.com/bangladesh/6-killed-in-separate-road-accidents,"sirajganj, nilphamari and rajshahi districts","sirajganj, nilphamari and rajshahi",7,25,,,Bangladesh,event,road accident
532,2 killed in Sirajganj road accident,2018-05-08 10:02:00,https://en.prothomalo.com/bangladesh/2-killed-in-Sirajganj-road-accident-5,hatikumrul-banpara highway at ramchar in ullahpara upazila,sirjaganj,2,3,bus and battery-run van,speeding bus ran over them,Bangladesh,event,road accident
533,2 killed in Sirajganj road accident,2018-05-08 10:02:00,https://en.prothomalo.com/bangladesh/2-killed-in-Sirajganj-road-accident-4,"hatikumrul-banpara highway at ramchar in ullahpara upazila, sirjaganj",sirjaganj,2,3,bus and battery-run van,speeding bus ran over pedestrians,Bangladesh,event,road accident
534,2 killed in Sirajganj road accident,2018-05-08 10:02:00,https://en.prothomalo.com/bangladesh/2-killed-in-Sirajganj-road-accident-3,hatikumrul-banpara highway at ramchar in ullahpara upazila,sirajganj,2,3,"bus, van",speeding bus hit a battery-run van,Bangladesh,event,road accident
535,2 killed in Sirajganj road accident,2018-05-08 10:02:00,https://en.prothomalo.com/bangladesh/2-killed-in-Sirajganj-road-accident-2,hatikumrul-banpara highway at ramchar,sirajganj,2,3,bus and battery-run van,speeding bus ran over victims,Bangladesh,event,road accident
536,2 killed in Sirajganj road accident,2018-05-08 10:02:00,https://en.prothomalo.com/bangladesh/2-killed-in-Sirajganj-road-accident,hatikumrul-banpara highway at ramchar in ullahpara upazila,sirajganj,2,3,bus and battery-run van,speeding bus ran over them,Bangladesh,event,road accident
543,2 motorcyclists killed in road accident,2018-03-17 12:38:25,https://en.prothomalo.com/bangladesh/2-motorcyclists-killed-in-road-accident-2,sullah upazila,sunamganj,2,1,"motorcycle, human hauler",human hauler hit the motorcycle,Bangladesh,event,road accident
544,2 motorcyclists killed in road accident,2018-03-17 12:38:25,https://en.prothomalo.com/bangladesh/2-motorcyclists-killed-in-road-accident,sullah upazila,sunamganj,2,1,"motorcycle, human hauler",human hauler hit the motorcycle,Bangladesh,event,road accident
545,2 killed in Chittagong road accident,2018-03-17 12:36:20,https://en.prothomalo.com/bangladesh/2-killed-in-Chittagong-road-accident,sitakunda upazila,chittagong,2,20,"bus, covered van",bus knocked a covered van from behind,Bangladesh,event,road accident
546,Man killed in Rajshahi road accident,2018-03-12 11:33:52,https://en.prothomalo.com/bangladesh/Man-killed-in-Rajshahi-road-accident,katkhali,rajshahi,1,0,bus,bus ran over him,Bangladesh,event,road accident
550,2 killed in road accident,2018-03-03 14:07:20,https://en.prothomalo.com/bangladesh/2-killed-in-road-accident-3,"banghabandhu bridge (west) road, konabari area",sirajganj,2,1,truck,truck hit a stationary truck,Bangladesh,event,road accident
551,2 killed in road accident,2018-03-03 14:07:20,https://en.prothomalo.com/bangladesh/2-killed-in-road-accident,"banghabandhu bridge (west) road, konabari area, kamarkhanda upazila",sirajganj,2,1,truck,truck hit a stationary one,Bangladesh,event,road accident
553,Narayanganj accident death toll rises to 10,2018-02-26 18:51:22,https://en.prothomalo.com/bangladesh/Narayanganj-accident-death-toll-rises-to-10,dhaka-chittagong highway at tribordi in sonargaon upazila,narayanganj,10,50,,,Bangladesh,event,road accident
554,4 killed in Mymensingh road accident,2018-02-24 16:39:37,https://en.prothomalo.com/bangladesh/4-killed-in-Mymensingh-road-accident,mymensingh-kishoreganj highway in char rasulpur area,mymensingh,4,30,bus,overturned,Bangladesh,event,road accident
555,3 killed in Shariatpur road accident,2018-02-24 12:15:44,https://en.prothomalo.com/bangladesh/3-killed-in-Shariatpur-road-accident,basudevpur village,shariatpur,3,7,truck,vehicle plunged into a ditch,Bangladesh,event,road accident
557,School student killed in road accident,2018-02-12 16:41:43,https://en.prothomalo.com/bangladesh/School-student-killed-in-road-accident,nagarmohammadpur,kushtia sadar,1,0,"motorbike, trolley",trolley hit motorbike,Bangladesh,event,road accident
558,Three motorcyclists killed in Syedpur road accident,2018-02-05 13:25:47,https://en.prothomalo.com/bangladesh/Three-motorcyclists-killed-in-Syedpur-road,niyamatpur dholagachh point of syedpur bypass,nilphamari,3,0,motorcyclists,road accident,Bangladesh,event,road accident
559,Natore road accident kills 2,2018-02-05 13:18:54,https://en.prothomalo.com/bangladesh/Natore-road-accident-kills-2,collectrate shapla chattar area,natore,2,1,"motorcycle, truck",speeding truck ran over the motorcycle,Bangladesh,event,road accident
564,Road accident kills 1 in Rajshahi,2018-01-20 09:49:54,https://en.prothomalo.com/bangladesh/Road-accident-kills-1-in-Rajshahi,dhaka-rajshahi highway,rajshahi,1,0,human hauler,,Bangladesh,event,road accident
565,AL leader killed in road accident,2018-01-20 09:31:41,https://en.prothomalo.com/bangladesh/AL-leader-killed-in-road-accident,borogaon-chachuli area on panchagarah-thakurgaon highway,thakurgaon sadar upazila,1,1,,,Bangladesh,event,road accident
566,2 youths killed in road accident,2018-01-19 11:17:18,https://en.prothomalo.com/bangladesh/2-youths-killed-in-road-accident,dhaka-khulna highway,faridpur,2,0,road,,Bangladesh,event,road accident
568,Minor schoolgirl killed in road accident,2018-01-09 14:42:03,https://en.prothomalo.com/bangladesh/Minor-schoolgirl-killed-in-road-accident,bhabanipur village,meherpur district,1,0,power tiller,vehicle collision,Bangladesh,event,road accident
569,Road accident kills 2 in Cox's Bazar,2018-01-08 19:36:52,https://en.prothomalo.com/bangladesh/Road-accident-kills-2-in-Cox-s-Bazar,pechardip area,cox's bazar,2,3,bus and cng-run auto-rickshaw,bus knocked a cng-run auto-rickshaw,Bangladesh,event,road accident
572,Schoolgirl killed in road accident,2018-01-04 15:31:44,https://en.prothomalo.com/bangladesh/Schoolgirl-killed-in-road-accident-2,megdubi area,gazipur city,1,0,truck,truck ran over schoolgirl,Bangladesh,event,road accident
573,Schoolgirl killed in road accident,2018-01-04 15:31:44,https://en.prothomalo.com/bangladesh/Schoolgirl-killed-in-road-accident,megdubi area,gazipur city,1,0,truck,truck ran over her,Bangladesh,event,road accident
575,Bogra road accident toll rises to 4,2017-12-27 18:33:29,https://en.prothomalo.com/bangladesh/Bogra-road-crash-kills-3,mokamtala,bogra,4,25,,,Bangladesh,event,road accident
578,2 killed in Mymensingh road accident,2017-12-21 17:16:11,https://en.prothomalo.com/bangladesh/2-killed-in-Mymensingh-road-accident,mymensingh-netrakona road in moza hadi area,mymensingh,2,2,road,,Bangladesh,event,road accident
579,2 college students killed in road accident,2017-12-20 23:43:59,https://en.prothomalo.com/bangladesh/2-college-students-killed-in-road-accident,jessore-narail highway,jessore,2,0,car,,Bangladesh,event,road accident
584,College teacher killed in road accident,2017-11-26 20:31:46,https://en.prothomalo.com/bangladesh/College-teacher-killed-in-road-accident,mochmoil bazar,bagmara,1,0,,,Bangladesh,event,road accident
585,Ex-CUET student killed in road accident,2017-11-25 09:07:07,https://en.prothomalo.com/bangladesh/Ex-CUET-student-killed-in-road-accident,new monsurabad area,chittagong,1,0,bus,run over,Bangladesh,event,road accident