id,title,date,article_url,place_of_accident,district,number_of_deaths,number_of_injured,vehicle_type,cause_of_accident,country,report_type,type_of_accident
586,Bus torched over road accident in Ctg,2017-11-21 14:10:20,https://en.prothomalo.com/bangladesh/Bus-torched-over-road-accident-in-Ctg,solosahar area of panchlaish,panchlaish,0,1,"bus, motorcycle",bus hit a motorcycle rider,Bangladesh,event,road accident
587,4 killed in road accidents,2017-11-17 13:03:04,https://en.prothomalo.com/bangladesh/4-killed-in-road-accidents-2,sitakunda and hathazari upazilas,chittagong,4,3,,,Bangladesh,event,road accident
588,4 killed in road accidents,2017-11-17 13:03:04,https://en.prothomalo.com/bangladesh/4-killed-in-road-accidents,sitakunda and hathazari upazilas,chittagong,4,3,,,Bangladesh,event,road accident
589,4 killed in road accidents,2017-11-17 13:03:04,https://en.prothomalo.com/bangladesh/4-killed-in-Munshiganj-road-accidents,sitakunda and hathazari upazilas,chittagong,4,3,,,Bangladesh,event,road accident
590,3 killed in Mymensingh road crash,2018-12-13 10:32:00,https://en.prothomalo.com/bangladesh/2-killed-in-road-accident-2,shikarikanda,mymensingh,3,1,"covered van, pedestrians",ran over pedestrians,Bangladesh,event,road accident
592,2 killed in separate road accidents,2017-11-03 20:10:29,https://en.prothomalo.com/bangladesh/2-killed-in-separate-road-accidents,ashulia,savar,2,3,,,Bangladesh,event,road accident
595,Road accident kills 2,2017-10-27 12:10:36,https://en.prothomalo.com/bangladesh/Road-accident-kills-2-3,chittagong-teknaf highway near rabeta hospital,ramu,2,8,"truck, human hauler",truck hit a human hauler,Bangladesh,event,road accident
596,Road accident kills 2,2017-10-27 12:10:36,https://en.prothomalo.com/bangladesh/Road-accident-kills-2-2,chittagong-teknaf highway near rabeta hospital,ramu,2,8,"truck, human hauler",truck hit a human hauler,Bangladesh,event,road accident
597,Road accident kills 2,2017-10-27 12:10:36,https://en.prothomalo.com/bangladesh/Road-accident-kills-2,chittagong-teknaf highway near rabeta hospital,ramu,2,8,"truck, human hauler",truck hit a human hauler,Bangladesh,event,road accident
598,"Road accidents kill children, working people most",2017-10-22 00:00:10,https://en.prothomalo.com/bangladesh/Road-accidents-kill-children-working-people-most,bangladesh,,0,0,,,Bangladesh,event,road accident
601,Road accident kills student,2017-10-09 17:46:54,https://en.prothomalo.com/bangladesh/Road-accident-kills-student,duttapara bazaar area on natore-dhaka highway,natore,1,0,bus,ran over,Bangladesh,event,road accident
602,Chuadanga road accident kills girl,2017-10-02 17:16:29,https://en.prothomalo.com/bangladesh/Chuadanga-road-accident-kills-girl,baidyanathpur village,chuadanga district,1,0,"tractor, human hauler",tractor hit human hauler,Bangladesh,event,road accident
613,2 killed in Netrakona road accident,2017-08-26 22:44:42,https://en.prothomalo.com/bangladesh/2-killed-in-Netrakona-road-accident-2,hirakanda on netrakona- kalmakanda road,netrakona,2,1,motorcycle,,Bangladesh,event,road accident
614,2 killed in Netrakona road accident,2017-08-26 22:44:42,https://en.prothomalo.com/bangladesh/2-killed-in-Netrakona-road-accident,hirakanda on netrakona- kalmakanda road,netrakona,2,1,motorcycle,,Bangladesh,event,road accident
617,"Microbus with bridal party plunges into canal at Borguna, 7 dead",2024-06-22 16:24:58,,haldia bazar area of chawra union,amtali upazila of borguna,7,0,microbus,bridge collapsed,Bangladesh,event,road accident
620,BRTC truck runs over SSC examinee in Uttara,2025-04-27 17:36:49,https://en.prothomalo.com/bangladesh/city/r5pquikuo0,"azampur, uttara",dhaka,1,0,truck,speeding truck,Bangladesh,event,road accident
622,3 workers killed in Pabna road crash,2024-12-27 12:05:03,https://en.prothomalo.com/bangladesh/accident/ekltddobfy,rangamati area of santhia upazila,pabna,3,5,three-wheeler and truck,a speeding truck ran over a three-wheeler,Bangladesh,event,road accident
625,2 killed in Gazipur road accident,2017-07-08 23:23:08,,"baipass and mouchak areas, dhaka-tangail highway",kaliakair,2,0,"motorcycle, bus","bus knocked down motorcycle, boy crushed under wheels of speeding bus",Bangladesh,event,road accident
626,Three motorbike riders killed in Gopalganj road crash,2025-01-17 12:19:21,https://en.prothomalo.com/bangladesh/accident/u9eby3k1yh,dhaka-khulna highway at hironnokandi,gopalganj district,3,0,"motorcycle, vehicle",vehicle hit motorcycle,Bangladesh,event,road accident
629,"Truck, pickup van collision kills 4 in Habiganj",2025-04-18 10:19:43,https://en.prothomalo.com/bangladesh/accident/62zmalfk3n,bakharnakhar area on the dhaka-sylhet highway,habiganj,4,5,truck and a pickup van,collision,Bangladesh,event,road accident
630,Driver of bus killing two CUET students arrested,2024-04-24 17:15:14,https://en.prothomalo.com/bangladesh/local-news/y3n10gzsf4,kotwali area of chattogram city,chattogram,0,2,bus,hit and run,Bangladesh,event,road accident
631,BNP chief’s adviser Habib injured in road accident,2017-07-02 22:06:43,https://en.prothomalo.com/bangladesh/BNP-chief’s-adviser-Habib-injured-in-road-accident,gurudaspur,natore,0,3,"car, truck",head-on collision,Bangladesh,event,road accident
639,Metro Rail authorities urge public to avoid flying paper lanterns,2024-12-30 20:18:48,https://en.prothomalo.com/bangladesh/m7xhtkudmi,mrt line-6 route from uttara north to motijheel and surrounding areas,dhaka,0,0,"metro rail, paper lanterns",paper lanterns entangled in high-voltage electric lines,Bangladesh,event,road accident
642,Child goes missing as auto-rickshaw falls into drain in Chattogram,2025-04-19 09:35:15,https://en.prothomalo.com/bangladesh/local-news/cso5ox254g,chawkbazar area of chattogram city,chattogram,0,1,battery-run rickshaw,over speed,Bangladesh,event,road accident
643,"Woman, daughter among 3 killed in ambulance-van collision in Jashore",2025-03-19 11:03:29,https://en.prothomalo.com/bangladesh/accident/o3upx6bi9u,jhikargachha,jashore,3,0,ambulance and engine-run rickshaw van,head-on collision,Bangladesh,event,road accident
644,Man killed in bus-truck collision in Dhaka ,2024-11-17 11:54:10,https://en.prothomalo.com/bangladesh/city/526xq1dh4e,paltan area,dhaka,1,0,"bus, truck, rickshaw",head-on collision,Bangladesh,event,road accident
646,"Five dead, 25 injured in bus-truck collision in Gopalganj",2024-09-01 10:13:50,https://en.prothomalo.com/bangladesh/accident/x73yy25999,dhaka-gopalganj highway in kashiani upazila,gopalganj,5,25,passenger bus and a truck,head-on collision,Bangladesh,event,road accident
648,7 killed in bus-auto rickshaw collision in Mymensingh,2024-02-16 16:21:25,https://en.prothomalo.com/bangladesh/accident/59kq5vbve6,mymensingh-sherpur highway in the alalpur area of mymensingh sadar upazila,mymensingh,7,0,bus and a cng-run auto rickshaw,head-on collision,Bangladesh,event,road accident
649,Road crash at Hanif flyover kills one,2023-12-21 13:56:36,https://en.prothomalo.com/bangladesh/accident/wszlhyefw3,jatrabari,dhaka,1,0,"motorcycle, bus",hit by a bus,Bangladesh,event,road accident
650,"4 killed from bus-truck collision in Tangail, 8 injured",2024-10-04 16:06:04,https://en.prothomalo.com/bangladesh/accident/9so2dbk3a6,tangail-mymensingh highway in sholakura area,tangail,4,8,"bus, truck",head-on collision,Bangladesh,event,road accident
652,5 killed as buses collide head-on in Chattogram,2025-03-31 10:50:09,,chattogram-cox’s bazar highway in lohagara upazila,chattogram,5,8,passenger buses,head-on collision,Bangladesh,event,road accident
655,One killed in road crash in Dhaka,2023-06-05 11:36:25,https://en.prothomalo.com/bangladesh/city/2a9jwz1w0w,jatrabari area,dhaka,1,0,,,Bangladesh,event,road accident
657,5 killed as truck hits auto-rickshaw in Jamalpur,2025-01-31 08:52:43,https://en.prothomalo.com/bangladesh/accident/ybxv2w0xzf,sarishabari upazila,jamalpur,5,1,"truck, auto-rickshaw",truck hitting auto-rickshaw,Bangladesh,event,road accident
659,Separate road accidents kill 2 in Magura,2017-05-31 14:15:37,,dhaka-magura highway and magura-jhenidah road,magura,2,0,"pickup van, truck, bus",head-on collision and being crushed under wheels,Bangladesh,event,road accident
660,Bus overturns killing five in Cumilla,2024-05-17 12:26:50,https://en.prothomalo.com/bangladesh/accident/7hsdawhs6p,basantapur area,cumilla,5,10,passenger bus,lost control,Bangladesh,event,road accident
662,4 killed in Bogura bus-covered van collision,2024-07-09 11:48:15,https://en.prothomalo.com/bangladesh/accident/cy89cslfvt,rangpur-dhaka highway at banani lichutala area,bogura,4,7,"passenger bus, covered van",head-on collision,Bangladesh,event,road accident
665,Four killed in Ctg road accident,2017-05-25 20:12:16,https://en.prothomalo.com/bangladesh/Four-killed-in-Ctg-road-accident,chittagong-cox's bazar highway at koshaipara in chandnaish upazila,chandnaish,4,9,"truck, human-hauler",truck collided with a human-hauler,Bangladesh,event,road accident
666,Two college students die as truck collides with motorcycle in Natore ,2023-08-31 09:54:41,https://en.prothomalo.com/bangladesh/accident/hos2y1mx1y,baraigram,natore,2,0,"truck, motorcycle",truck collided with motorcycle,Bangladesh,event,road accident
667,ASI among 6 killed in Gopalganj road accident,2017-05-25 16:01:14,https://en.prothomalo.com/bangladesh/ASI-among-6-killed-in-Gopalganj-road-accident,dhaka-khulna highway at nichupara,gopalganj sadar upazila,6,4,"microbus, easy bike",microbus hit an easy bike,Bangladesh,event,road accident
670,Traffic police killed in Gaibandha road crash,2023-08-24 12:20:22,https://en.prothomalo.com/bangladesh/accident/fcqszxpuik,golchattar,gaibandha,1,0,"truck, motorbike",truck hit motorbike,Bangladesh,event,road accident
671,Eleven die as truck hits vehicles at toll plaza in Jhalakathi,2024-04-17 15:06:30,https://en.prothomalo.com/bangladesh/local-news/z0chp27pt6,gabkhan bridge toll plaza,jhalakathi,11,25,"cement-laden truck, other vehicles",truck lost control and hit a number of vehicles,Bangladesh,event,road accident
674,10 injured after 3 vehicles collide on expressway in Munshiganj,2025-02-17 14:31:33,https://en.prothomalo.com/bangladesh/accident/2x8785gcfe,sreenagar expressway near sreenagar ferry ghat,munshiganj,0,10,"passenger bus, truck, pickup van",collision due to dense fog and limited visibility,Bangladesh,event,road accident
675,Anchored ferry drowns in Padma river with vehicles,2024-01-17 12:15:10,https://en.prothomalo.com/bangladesh/accident/0d0lkdv3vw,paturia’s ghat no. 5,paturia,0,0,"ferry, vehicles",drowned in the padma river,Bangladesh,event,road accident
676,One killed as bus overturns on Expressway,2024-04-24 12:33:15,https://en.prothomalo.com/bangladesh/accident/x9d7l1xo1c,bandarkhola area on bangabandhu sheikh mujibur rahman expressway,"shibchar, madaripur",1,10,bus,,Bangladesh,event,road accident
677,13 killed in bus-pickup van collision in Faridpur,2024-04-16 10:46:03,,"dhaka-khulna highway in sadar upazila of faridpur, tetultala area of kanaipur union parishad",faridpur,13,0,bus and pickup van,collision,Bangladesh,event,road accident
678,Lightning strike kills fisherman in Kishoreganj,2023-06-17 10:50:00,https://en.prothomalo.com/bangladesh/accident/1ad2qum1t9,nurpur haor,kishoreganj,1,1,,lightning strike,Bangladesh,event,road accident
679,Truck hits 70-year-old man to death in Jatrabari,2023-09-03 09:57:02,https://en.prothomalo.com/bangladesh/accident/x2qi8p5g5k,jatrabari,dhaka,1,0,truck,,Bangladesh,event,road accident
683,12 people killed in head-on collision between two trucks in Sylhet,2023-06-07 08:13:39,https://en.prothomalo.com/bangladesh/accident/jewt65xa46,nazirabazar,sylhet,12,0,two trucks,head-on collision,Bangladesh,event,road accident
684,Road crash kills 3 in Dinajpur,2024-12-06 12:37:30,https://en.prothomalo.com/bangladesh/accident/11zrxs5fe2,kamarpur zodur mor area of birganj upazila,dinajpur,3,15,bus and truck,head-on collision,Bangladesh,event,road accident
685,Four dead as BRTC bus hits rickshaw van in Dinajpur,2024-02-06 11:18:08,https://en.prothomalo.com/bangladesh/accident/z7w8cchc5x,"ranirbandar bazar area, pakerhat road",dinajpur,4,0,bus and rickshaw van,bus hit a stationary rickshaw van,Bangladesh,event,road accident
688,College teacher killed as bus runs over him in Bogura,2023-05-24 15:31:39,https://en.prothomalo.com/bangladesh/accident/7jivze9xjs,bogura-rangpur highway at jhopgari in sadar upazila,bogura,1,0,bus,,Bangladesh,event,road accident
689,Two truckers killed in Panchagarh road accident,2017-05-17 14:32:00,https://en.prothomalo.com/bangladesh/Two-truckers-killed-in-Panchagarh-road-accident,panchagarh-dhaka highway in boda,boda,2,2,truck,head-on collision,Bangladesh,event,road accident
690,3 dead as sand pile collapses in Rajbari ,2023-09-13 12:04:26,https://en.prothomalo.com/bangladesh/accident/ei4lnoet25,joikura ghat,sadar upazila of rajbari district,3,0,"truck, excavator machine",sand pile collapsed on them while loading it on a truck,Bangladesh,event,road accident
691,13 missing as passenger trawler capsizes in Meghna River ,2025-05-31 22:47:35,https://en.prothomalo.com/bangladesh/local-news/ic0q3f20e5,meghna river near dubarchar area adjacent to karim bazar in hatiya,hatiya,0,0,passenger trawler,capsized due to strong winds and waves,Bangladesh,event,road accident
693,Five killed as two buses collide in Faridpur,2024-10-15 10:46:29,https://en.prothomalo.com/bangladesh/local-news/8zaofzgj1v,"dhaka-khulna highway, near karimpur jora bridge in mallickpur of faridpur sadar upazila",faridpur,5,15,bus,head-on collision,Bangladesh,event,road accident
697,Transport syndicate set to extort Tk 8.32b during Eid: Jatri Kalyan Samity,2025-03-26 21:36:53,https://en.prothomalo.com/bangladesh/cxrjumq7y8,dhaka reporters’ unity,dhaka,0,0,"road, rail, water and air transport",fare irregularities and extortion,Bangladesh,event,road accident
698,Education academy DG killed in road accident,2017-05-13 18:10:13,https://en.prothomalo.com/bangladesh/Education-academy-DG-killed-in-road-accident,baroiarhat area,fatikchhari,1,0,,,Bangladesh,event,road accident
699,Five killed in Gazipur road crash,2024-09-15 10:22:26,https://en.prothomalo.com/bangladesh/accident/6ind9vrd3g,tongi-kaliganj-ghorashal road,gazipur,5,1,cng-run auto rickshaw,,Bangladesh,event,road accident
704,Govt insincerity hinders reducing road accidents: Ilias Kanchan,2017-05-08 18:16:11,https://en.prothomalo.com/bangladesh/Govt-insincerity-hinders-reducing-road-accidents,country,,0,0,,,Bangladesh,event,road accident
706,2 killed as bus overturns on Bogura-Rangpur highway,2023-06-28 14:37:22,https://en.prothomalo.com/bangladesh/accident/vv09h3fo9o,bogura-rangpur highway at chandihara in shibganj upazila,bogura district,2,2,bus,overturned,Bangladesh,event,road accident
707,Chhatra Dal activist shot dead in Narsingdi,2024-12-22 13:22:45,https://en.prothomalo.com/bangladesh/local-news/auf6dhwevn,panchdona bazar fish market mosque,sadar upazila,1,0,,shot dead by miscreants,Bangladesh,event,road accident
708,Four killed in Mymensingh road crash,2023-10-11 11:32:06,https://en.prothomalo.com/bangladesh/accident/y1i0b58wzt,"chelerghat area, dhaka-mymensingh highway",mymensingh,4,0,bus,bus ran over people,Bangladesh,event,road accident
710,5 killed in bus-truck head-on collision in Dinajpur,2024-07-05 12:03:37,https://en.prothomalo.com/bangladesh/accident/77a3uamyl6,panchbari bazar chakrampur (daisei) area of ​​dinajpur-gobindaganj road,dinajpur sadar upazila,5,28,bus and truck,head-on collision,Bangladesh,event,road accident
711,Driver dies as truck crashes into covered van in Banani,2023-08-25 21:14:01,https://en.prothomalo.com/bangladesh/accident/prmrnuuwrz,banani area,dhaka,1,0,"truck, covered van",,Bangladesh,event,road accident
715,Indefinite transport strike on Sylhet-Tamabil road from Monday,2023-07-10 08:54:05,https://en.prothomalo.com/bangladesh/uf0w1vuqpa,sylhet-tamabil road,jaintapur,5,0,all types of transport,,Bangladesh,event,road accident
716,Two truck workers killed in city accident,2017-04-29 10:41:25,,shyampur area,dhaka,2,0,,,Bangladesh,event,road accident
717,Three killed as truck hit buses carrying Jamaat members in Rajshahi,2025-04-07 10:11:24,https://en.prothomalo.com/bangladesh/local-news/kvxl4jpbxj,kharkhari area on the outskirts of rajshahi city,rajshahi,3,50,truck and two buses,truck collided with two buses,Bangladesh,event,road accident
719,4 killed in head-on collision of motorcycles in Shibchar ,2025-04-01 23:00:20,https://en.prothomalo.com/bangladesh/local-news/0tg964x2yr,kutubpur saheb bajar,madaripur,4,2,motorcycle,head on collision,Bangladesh,event,road accident
720,Four dead as bus hits auto-rickshaw in Gaibandha,2023-04-21 20:45:01,https://en.prothomalo.com/bangladesh/accident/urtdici3zx,taltala area of gabindaganj upazila,gaibandha,4,0,"bus, auto-rickshaw",bus hit auto-rickshaw,Bangladesh,event,road accident
721,42 RMG workers injured as bus overturns in Banani,2025-03-28 14:20:46,https://en.prothomalo.com/bangladesh/city/329w3knjek,banani area,dhaka,0,42,bus,overturned,Bangladesh,event,road accident
723,"Truck driver, assistant killed in road accident",2017-04-26 15:17:50,https://en.prothomalo.com/bangladesh/Workers-killed-in-Sirajganj-road-crash,dhaka-bogra highway,sirajganj,2,3,transport workers,road accident,Bangladesh,event,road accident
726,"7 killed as truck, microbus collide in Narsingdi ",2023-08-25 08:21:33,https://en.prothomalo.com/bangladesh/accident/jfny1v132t,ghasirdia area,narsingdi,7,0,truck and microbus,collision,Bangladesh,event,road accident
728,Five killed in truck-car collision in Habiganj,2024-05-02 12:11:03,https://en.prothomalo.com/bangladesh/accident/cfa5t17hh9,haritala area on sylhet-dhaka highway,habiganj,5,0,truck and car,head on collision,Bangladesh,event,road accident
729,3 students killed as truck hits motorcycle in Chattogram,2023-11-04 16:31:05,https://en.prothomalo.com/bangladesh/accident/hm71unkdx8,"komoldha area, mirsharai upazila",chattogram,3,1,truck and motorcycle,truck hit motorcycle from behind while it was taking a u-turn,Bangladesh,event,road accident
733,16 killed as bus plunges into ditch,2023-03-19 09:19:54,https://en.prothomalo.com/bangladesh/accident/piut06j8gp,kutubpur,madaripur,16,30,bus,fell into a ditch,Bangladesh,event,road accident
734,Bodies of 2 workers recovered from septic tank in Dhaka,2023-05-28 15:49:59,https://en.prothomalo.com/bangladesh/nps7yk5yjf,septic tank of an under-construction building,uttarkhan,2,0,,fell into septic tank,Bangladesh,event,road accident
735,"Road crash kills 2, injures 6 in Chattogram",2023-04-21 19:21:30,https://en.prothomalo.com/bangladesh/accident/yjccy7747r,chattogram-cox's bazar highway,"patiya upazila, chattogram",2,6,two buses,head-on collision,Bangladesh,event,road accident
737,Cop killed in road accident,2017-04-18 09:57:24,https://en.prothomalo.com/bangladesh/Cop-killed-in-road-accident,bogura-rangpur highway at mokamtola,bogra,1,0,truck,truck knocked him down,Bangladesh,event,road accident
740,12 injured as bus flipped over after crashing into footpath in Dhaka ,2023-04-19 16:42:42,https://en.prothomalo.com/bangladesh/city/jzaqzydayt,mirpur road,dhaka,0,12,bus,overturned after crashing into a footpath,Bangladesh,event,road accident
741,Two SSC examinees killed in road crash in Satkhira,2023-05-22 15:10:36,https://en.prothomalo.com/bangladesh/accident/g5g0vwf26f,satkhira-khulna highway near binerpota bridge,satkhira,2,0,"truck, motorbike",truck hit motorbike,Bangladesh,event,road accident
742,"Rath Yatra: 5 electrocuted, 50 injured in Bogura",2024-07-07 20:40:53,,seujgari area of bogura town,bogura,5,37,rath,electrocution,Bangladesh,event,road accident
744,"Father, daughter killed in Dinajpur road accident",2017-04-15 22:05:06,https://en.prothomalo.com/bangladesh/Father-daughter-killed-in-Dinajpur-road-accident,mirzapur area of birampur upazila,birampur,2,3,bus and rickshaw van,bus hit a rickshaw van,Bangladesh,event,road accident
746,B’baria road accident kills 2,2017-04-05 10:10:08,https://en.prothomalo.com/bangladesh/B’baria-road-accident-kills-2,bertala on dhaka-sylhet highway,ashuganj,2,0,"truck, motorcycle",truck hit their bike,Bangladesh,event,road accident
748,Two dead as wall collapses in Chattogram,2023-02-23 11:18:07,,"jamal khan, chattogram city",chattogram,2,1,not applicable,wall collapse during demolition,Bangladesh,event,road accident
750,Two siblings lose lives while going by hired motorbike to celebrate Eid,2024-06-17 20:28:43,https://en.prothomalo.com/bangladesh/accident/hjdkzofx4p,"sohagpur bus stand area, ashuganj, brahmanbaria",brahmanbaria,2,0,motorbike,,Bangladesh,event,road accident
751,Three go missing as boat capsizes in Lalmonirhat,2023-07-09 13:27:07,,teesta river,lalmonirhat,0,0,,strong currents,Bangladesh,event,road accident
752,Dhaka-Mymensingh road blocked as female worker killed in road crash,2025-03-12 12:32:13,https://en.prothomalo.com/bangladesh/local-news/i17wk9nu8u,dhaka-mymensingh highway in gazipur,gazipur,1,0,truck,road accident,Bangladesh,event,road accident
753,Blockade in Banani over death of RMG worker in road crash,2025-03-10 10:54:33,https://en.prothomalo.com/bangladesh/city/yh9dbozxlc,chairman bari area,dhaka,1,1,,road accident,Bangladesh,event,road accident
756,"Five killed as truck, easybike collide head-on in Khulna",2024-02-10 19:02:16,https://en.prothomalo.com/bangladesh/accident/815q7wlgu0,khulna-satkhira highway at angardoha culvert area,khulna,5,0,truck and battery-run easybike,head-on collision,Bangladesh,event,road accident
757,Pedal rickshaw drivers demand ban on battery-run rickshaws,2024-08-26 16:54:03,,shahbagh intersection,dhaka,0,0,"pedal rickshaw, battery-run rickshaw, autorickshaw","protest demanding a ban on battery-run rickshaws from main roads, causing traffic standstill.",Bangladesh,event,road accident
758,Mymensingh road accident kills 3,2017-04-08 11:30:58,https://en.prothomalo.com/bangladesh/Mymensingh-road-accident-kills-3,bhaitkandi sokholla intersection,phulpur,3,2,truck-pickup van,collision,Bangladesh,event,road accident
760,17 killed as bus falls into water body in Jhalakathi,2023-07-22 12:43:06,https://en.prothomalo.com/bangladesh/accident/5sy2zk7bvm,"dhansiri union parishad, jhalakathi sadar upazila",jhalakathi,17,0,bus,fell into a water body,Bangladesh,event,road accident
762,12 killed in Chuadanga road accident,2017-03-26 11:52:21,,damurhuda upazila,chuadanga,12,10,"truck, votovoti",truck hits a small vehicle,Bangladesh,event,road accident
763,6 killed in collision between CNG-run auto-rickshaw and microbus in Sylhet,2023-07-20 11:21:27,https://en.prothomalo.com/bangladesh/accident/o8dbb8iqvk,sylhet-companiganj regional highway,sylhet,6,0,"cng-run auto-rickshaw, microbus",collision,Bangladesh,event,road accident
764,'People in rural areas suffer from 8 to 12hrs of load shedding',2024-05-05 21:34:35,https://en.prothomalo.com/bangladesh/7a2540fiba,kishoreganj’s karimganj and tarail upazilas,kishoreganj,0,0,,,Bangladesh,event,road accident
769,6 killed as bus collides head-on with auto-rickshaw in Sherpur,2024-12-29 15:33:54,https://en.prothomalo.com/bangladesh/accident/roc1yum4vu,sherpur-dhaka regional highway near the bhatshala jora pump area,sherpur,6,0,passenger bus and auto-rickshaw,head-on collision,Bangladesh,event,road accident
770,"CUET shut sine die, bus torched",2024-04-25 18:13:04,https://en.prothomalo.com/bangladesh/local-news/5njaejhjse,chittagong university of engineering and technology (cuet),chittagong,2,0,,road accident,Bangladesh,event,road accident
772,Three killed in road crash in Jashore,2023-05-02 09:09:38,https://en.prothomalo.com/bangladesh/accident/r4zvj277j3,keshabpur area,jashore,3,0,motorcycles,collision,Bangladesh,event,road accident
773,"Bus-Leguna collision kills 4, injures 7 in Faridpur",2024-01-19 22:13:37,https://en.prothomalo.com/bangladesh/accident/t5h6xpyscc,dhaka-khulna highway in bhanga,faridpur,4,7,bus and leguna,head-on collision,Bangladesh,event,road accident
775,Couple killed as bus hits autorickshaw in Dinajpur,2023-08-11 22:57:26,https://en.prothomalo.com/bangladesh/local-news/x4a3mmgs70,near the central bus terminal,dinajpur,2,2,"bus, cng autorickshaw",bus hitting cng autorickshaw,Bangladesh,event,road accident
776,"4 killed, 30 hurt as bus overturns in Habiganj",2023-02-16 22:52:14,https://en.prothomalo.com/bangladesh/accident/1ov8neni4e,dhaka-sylhet highway,habiganj,4,30,bus,overturned,Bangladesh,event,road accident
777,Bus kills schoolboy in Hatirjheel,2023-04-22 17:53:21,https://en.prothomalo.com/bangladesh/accident/go1igg4d4p,dhaka,dhaka,1,0,"bus, motorcycle",bus hit a motorcycle,Bangladesh,event,road accident
779,Man dies as oil tanker hits him after losing control,2023-05-23 12:12:39,https://en.prothomalo.com/bangladesh/accident/fbxyejclj7,dhaka-rangpur highway,gaibandha,1,0,oil tanker,losing control,Bangladesh,event,road accident
780,Two workers die as under-construction roof collapses,2023-05-23 10:36:55,https://en.prothomalo.com/bangladesh/local-news/c5nv12cibj,betuarmukh area of kamal bazar,dokkhin surma,2,0,,collapse of the roof of an under-construction building,Bangladesh,event,road accident
782,Bus hits motorcyclist to death in Dhaka ,2023-07-25 17:58:58,https://en.prothomalo.com/bangladesh/accident/rjlqe3bf8y,rayerbagh bus stoppage,jatrabari,1,1,"motorcycle, bus",hit by a bus,Bangladesh,event,road accident
784,2 dead in bus-truck collision on Dhaka-Natore highway,2023-07-23 11:24:11,https://en.prothomalo.com/bangladesh/accident/0wszujlgto,dhaka-natore highway,natore,2,10,"passenger bus, truck",collision,Bangladesh,event,road accident
785,Two people killed as truck hits motorbike in Kushtia,2022-12-03 11:46:36,https://en.prothomalo.com/bangladesh/accident/r4hr566ti4,kushtia-ishwardi highway at bahirchar,kushtia,2,0,"truck, motorbike",truck hit a motorbike,Bangladesh,event,road accident
788,Journalist’s dismembered body found in Bogura,2024-02-15 22:56:53,https://en.prothomalo.com/bangladesh/local-news/tobu9qah6o,muril bazar on naogaon-bogura road,adamdighi,1,0,,"disappearance and recovery of body, potential road accident or murder",Bangladesh,event,road accident
790,"Mother, daughter electrocuted to death in Khagrachhari",2022-12-25 09:46:54,https://en.prothomalo.com/bangladesh/accident/ltnr6ws9cc,shah nagar area,manikchhari,2,0,,electrocution,Bangladesh,event,road accident
791,Two killed in Brahmanbaria road crash,2023-04-29 09:32:55,https://en.prothomalo.com/bangladesh/accident/4e6v2flz2r,shyamolighat,bijoynagar,2,0,"motorcycle, microbus",collision with a microbus coming from the opposite direction,Bangladesh,event,road accident
792,Two killed in Brahmanbaria road crash,2023-04-29 09:32:55,https://en.prothomalo.com/bangladesh/local-news/pqscanfypk,shyamolighat of dhaka-sylhet highway,bijoynagar,2,0,"motorcycle, microbus",head-on collision with a vehicle coming from the opposite direction,Bangladesh,event,road accident
794,Five killed in Trishal road crash,2022-11-20 22:49:05,https://en.prothomalo.com/bangladesh/accident/9k7oow05nt,trishal,mymensingh,5,0,"truck, auto-rickshaw",truck crashed into auto-rickshaw,Bangladesh,event,road accident
796,Wedding joy turns into tears as two brothers killed in Goalanda road crash,2024-02-01 16:30:27,,dhaka-khulna highway in goalanda upazila,goalanda,2,1,"truck, motorbike",soil-laden truck hit a motorbike,Bangladesh,event,road accident
797,Three killed in Bogura road crash,2023-06-27 19:47:53,https://en.prothomalo.com/bangladesh/4bmsz8rtir,naogaon-bogura regional highway,bogura,3,2,"cng-run auto-rickshaw, human hauler",head-on collision,Bangladesh,event,road accident
798,2 killed in Cumilla road crash,2022-12-18 19:31:23,https://en.prothomalo.com/bangladesh/accident/sv6idq6a0i,cumilla-sylhet highway,cumilla,2,1,"truck, motorbike",truck hit a motorbike,Bangladesh,event,road accident
799,2 killed in Cumilla road crash,2022-12-18 19:31:23,https://en.prothomalo.com/bangladesh/2-killed-in-Cumilla-road-crash,cumilla-sylhet highway in debidwar upazila,cumilla,2,1,"truck, motorbike",truck hit a motorbike,Bangladesh,event,road accident
803,College student dies in bike race with friends,2023-02-15 09:22:01,https://en.prothomalo.com/bangladesh/accident/4r7fbi5k49,magura-jhenaidah road,magura,1,0,,,Bangladesh,event,road accident
805,"Truck hits vehicles at a high speed, death toll rises to 14",2024-04-17 19:35:00,https://en.prothomalo.com/bangladesh/accident/ve1cqau8jk,gabkhan bridge toll plaza,jhalakathi,14,0,"truck, multiple vehicles",driver lost control over the steering,Bangladesh,event,road accident
807,Three people killed in Gopalganj road crash,2023-03-07 21:29:16,,dhaka-khulna highway,gopalganj,3,0,"bus, motorcycle, bicycle",bus rammed into a motorcycle and a bicycle,Bangladesh,event,road accident
808,Two killed in Brahmanbaria road crash,2023-04-08 18:10:14,https://en.prothomalo.com/bangladesh/accident/4e6v2flz2r,jadavpur area,brahmanbaria,2,1,auto-rickshaw and a truck,collision,Bangladesh,event,road accident