id,title,date,article_url,place_of_accident,district,number_of_deaths,number_of_injured,vehicle_type,cause_of_accident,country,report_type,type_of_accident
809,Two killed in Brahmanbaria road crash,2023-04-08 18:10:14,https://en.prothomalo.com/bangladesh/local-news/pqscanfypk,jadavpur area on shahbajpur-shahjadapur regional highway,brahmanbaria,2,1,auto-rickshaw and a truck,collision,Bangladesh,event,road accident
811,Two killed in Rajshahi road crash,2022-10-30 09:47:55,https://en.prothomalo.com/bangladesh/Two-killed-in-Rajshahi-road-crash,rajshahi-naogaon highway,rajshahi,2,0,"motorcycle, truck",run over by a truck,Bangladesh,event,road accident
812,Road crash kills three in Cox’s Bazar,2023-03-04 14:34:51,,"aziz nagar, aziznagar-12 bridge area",chakaria,3,6,bus and pickup van,head-on collision,Bangladesh,event,road accident
813,Four killed after lorry collides head-on with pickup in Cumilla  ,2023-06-11 21:00:53,,dhaka-chattogram highway at lalbagh area,cumilla sadar dakshin upazila,4,0,"lorry, pickup van",head-on collision,Bangladesh,event,road accident
814,Six members of a family burnt in fire in Bhashantek,2024-04-12 18:51:50,https://en.prothomalo.com/bangladesh/city/qe71pgq6ya,paschim bhashantek area,dhaka,0,6,,fire originated from a mosquito coil,Bangladesh,event,road accident
816,Cylinder explosion in Savar injures 10,2023-08-13 16:36:15,https://en.prothomalo.com/bangladesh/accident/aleol9wpde,shreepur’s noyanagar area,ashulia of savar,0,10,gas cylinder,gas cylinder leakage explosion,Bangladesh,event,road accident
820,Cumilla road crash leaves 2 dead,2023-01-19 14:41:49,https://en.prothomalo.com/bangladesh/accident/fzz3v8z981,cumilla-chandpur road at boro dharmapur,cumilla,2,0,,,Bangladesh,event,road accident
821,Cumilla road crash leaves 2 dead,2023-01-19 14:41:49,https://en.prothomalo.com/bangladesh/accident/cumilla-road-crash-leaves-2-dead,cumilla-chandpur road at boro dharmapur,cumilla,2,0,,,Bangladesh,event,road accident
824,Child dies as truck ploughs into house in Kurigram,2023-01-09 11:46:40,,jatrapur union parishad,kurigram,1,0,truck,truck ploughed through a roadside house,Bangladesh,event,road accident
829,Three killed in Jamalpur road crash,2023-04-09 13:40:26,https://en.prothomalo.com/bangladesh/accident/1v9hjmb7st,betmari area of jamalpur’s melandaha upazila,jamalpur,3,0,"truck, pickup van",truck hit pickup van,Bangladesh,event,road accident
830,"Water bus hit by bulkhead capsizes in Buriganga, 30 missing",2023-07-16 22:38:14,https://en.prothomalo.com/bangladesh/accident/ocnx7lbp15,"buriganga river, sadarghat area",dhaka,0,0,"water bus, bulkhead",hit by a sand-laden bulkhead,Bangladesh,event,road accident
831,Woman lawyer killed in road crash at Hanif flyover,2023-07-16 16:25:27,https://en.prothomalo.com/bangladesh/accident/7tds52fkm5,mayor mohammad hanif flyover,jatrabari,1,1,"motorcycle, bus",bus hit the motorcycle,Bangladesh,event,road accident
832,"City corporation garbage truck kills worker, road blocked",2024-02-24 10:43:22,https://en.prothomalo.com/bangladesh/local-news/gpyj6jsy63,kunia borobari area,gazipur,1,0,garbage truck,run over by a garbage truck,Bangladesh,event,road accident
834,2 killed in road crash in Kushtia,2023-07-13 11:58:20,https://en.prothomalo.com/bangladesh/accident/z2nknex4xo,kalumor area of kumarkhali on the kushtia-rajbari highway,kushtia,2,0,"car, motorcycle, nasimon",,Bangladesh,event,road accident
836,Man burned to death as truck catches fire in Sylhet,2023-01-29 17:05:48,https://en.prothomalo.com/bangladesh/accident/r3en5xwbr3,sylhet-fenchuganj road at parairchak,sylhet,1,0,truck,collision between two trucks followed by fire,Bangladesh,event,road accident
837,Motorcyclist killed in ‘race’ of two buses in Dhaka,2023-04-02 13:34:39,https://en.prothomalo.com/bangladesh/accident/r000zwqvua,savar's ashulia,dhaka,1,0,"motorcycle, bus","road accident involving a motorcycle and buses, leading to fire.",Bangladesh,event,road accident
838,"5 police SIs, an ASI injured in Noakhali road accident",2017-02-24 16:15:24,https://en.prothomalo.com/bangladesh/5-police-SIs-an-ASI-injured-in-Noakhali-road,munshir bari dorga area,chatkhil,0,5,microbus,hit a roadside tree,Bangladesh,event,road accident
840,Hasnat’s car hit by another vehicle at Gulistan,2024-11-28 17:02:25,https://en.prothomalo.com/bangladesh/city/ehm5l8cfb1,"gulistan area, jatrabari-gulistan flyover toll plaza",dhaka,0,0,"car, motorcade vehicle",collision between vehicles,Bangladesh,event,road accident
841,2 CUET students killed in road crash,2024-04-22 21:20:23,https://en.prothomalo.com/bangladesh/accident/wx24imoutw,zianagar area,chattogram,2,1,bus,bus ran over students,Bangladesh,event,road accident
843,Motorcyclist hit by bus in Narayanganj dies,2023-07-04 09:11:13,https://en.prothomalo.com/bangladesh/accident/21au647nxt,dhaka medical college hospital,dhaka,1,0,"motorcycle, bus",struck by a bus,Bangladesh,event,road accident
844,3 siblings killed in Sirajganj road crash,2023-05-01 22:41:39,https://en.prothomalo.com/bangladesh/accident/p2n1l6rpco,dhaka-bogura highway in raiganj upazila of sirajganj,sirajganj,3,2,bus and ambulance,head-on collision,Bangladesh,event,road accident
845,"School teacher, van driver killed in Rajshahi road crash",2023-02-28 13:26:12,https://en.prothomalo.com/bangladesh/accident/7449mv2jhd,keshorhaat area of mohanpur upazila,rajshahi district,2,0,bus and van,bus hitting van,Bangladesh,event,road accident
846,Special drive against over speeding on Padma expressay,2023-03-30 10:30:31,https://en.prothomalo.com/bangladesh/local-news/8nqp7wrpnf,padma bridge expressway,shibchar,0,0,vehicles,speeding,Bangladesh,event,road accident
847,4 killed in truck-pick-up van collision in Sirajganj,2023-06-29 20:17:46,https://en.prothomalo.com/bangladesh/accident/gennyzcir8,pukurpara area in ullapara upazila,sirajganj,4,2,truck and pick-up van,collision,Bangladesh,event,road accident
848,Two killed as truck hits three-wheeler,2023-03-23 11:21:41,https://en.prothomalo.com/bangladesh/accident/tdsoc0yroc,mymensingh-netrokona road in gouripur upazila,mymensingh,2,3,truck and cng-run auto-rickshaw,truck hit a cng-run auto-rickshaw,Bangladesh,event,road accident
850,"Netrokona speedboat capsize: 3 children bodies recovered, 1 still missing",2025-09-14 14:38:29,,"panchhat charpara area of gazipur union, khaliajuri upazila",netrokona,3,0,speedboat,capsize,Bangladesh,event,road accident
852,11 fishermen injured as gas cylinder explodes inside trawler in Cox’s Bazar,2023-09-01 18:50:25,https://en.prothomalo.com/bangladesh/local-news/ws6rn3s8zv,ghat-6 of nuniachara,cox’s bazar,0,11,trawler,gas cylinder explosion,Bangladesh,event,road accident
854,Road crash kills 7 of a family including 3 children in Chattogram,2023-11-07 14:36:10,https://en.prothomalo.com/bangladesh/accident/t5lrxgzfaf,chattogram-khagrachhari regional highway at the board school area of ward 7 of mirzapur union,hathazari upazila of chattogram,7,2,bus and cng-run auto-rickshaw,head-on-collision,Bangladesh,event,road accident
857,Three die as bus hits pickup van in Dinajpur,2022-12-11 13:23:48,https://en.prothomalo.com/bangladesh/accident/gnt8yzriwe,fulbari upazila,dinajpur,3,0,"bus, pickup van",bus hit a pickup van,Bangladesh,event,road accident
858,Fish trader killed in city road crash,2022-11-10 13:53:43,https://en.prothomalo.com/bangladesh/accident/ry12v0wxhy,dhaka-mawa highway in jatrabari area,jatrabari,1,2,,,Bangladesh,event,road accident
860,Six killed in collision between truck and auto-rickshaw in Narsingdi,2024-10-26 16:28:05,https://en.prothomalo.com/bangladesh/accident/qrha8obv3m,pacharbari area on the itakhola-manohardi regional highway,narsingdi,6,0,truck and auto-rickshaw,head-on collision,Bangladesh,event,road accident
863,3 of a family burnt in fire from gas cylinder leak in Gazipur,2023-08-14 15:04:59,https://en.prothomalo.com/bangladesh/local-news/17ktstyf46,boardbazar muktarbari area of gazipur city,gazipur,0,3,gas cylinder,gas cylinder leak,Bangladesh,event,road accident
864,4 of a family killed during Eid trip ,2025-03-30 17:41:31,https://en.prothomalo.com/bangladesh/local-news/rs7ubej2bx,chandrapara area on the mymensingh-kishoreganj regional highway,mymensingh,4,0,"auto-rickshaw, bus",bus ran over the auto-rickshaw,Bangladesh,event,road accident
867,CU teacher killed in road crash,2022-09-03 11:53:04,https://en.prothomalo.com/bangladesh/accident/6fzfmefmvw,chittagong university,chittagong,1,0,"bike, car",speeding car hit bike,Bangladesh,event,road accident
873,3 construction workers die from electrocution in Gazipur,2023-03-30 13:50:01,https://en.prothomalo.com/bangladesh/local-news/stlqzc4vzl,kewa village,gazipur,3,0,construction equipment,"electrocution while lifting iron rods, came in contact with live electric wire",Bangladesh,event,road accident
874,5 passengers miraculously survive after container lorry crushes car ,2023-08-05 19:46:02,https://en.prothomalo.com/bangladesh/local-news/ospfg83pqr,dhaka-chattogram highway near faujdarhat cadet college,chittagong,0,0,"private car, container lorry",lorry overturned on a private car,Bangladesh,event,road accident
877,Youth killed in Tangail motorcycle crash,2022-11-25 13:12:11,,tangail,tangail,1,1,motorcycle,crashed into another two-wheeler,Bangladesh,event,road accident
880,Three killed in road crash in Chandpur,2023-02-22 12:34:13,https://en.prothomalo.com/bangladesh/accident/o2x4193uz5,ghosher haat area on chandpur-cumilla highway,chandpur sadar upazila,3,1,bus and cng-run auto-rickshaw,head-on collision,Bangladesh,event,road accident
881,"2 killed, 15 hurt in road crash on Barishal-Patharghata highway",2023-03-24 15:43:11,https://en.prothomalo.com/bangladesh/accident/cpnf2qa714,kanudashkathi area on the barishal-patharghata highway,rajapur,2,15,brtc bus,bus hit a tree by the roadside following an altercation between the driver and the supervisor,Bangladesh,event,road accident
884,Envoys can call security personnel if needed: Kamal,2023-05-18 11:23:02,https://en.prothomalo.com/bangladesh/r9xs7jecus,ministry conference room,,0,0,,,Bangladesh,event,road accident
885,"2 dead, 20 injured as picnic bus overturns in Rangamati",2023-03-18 08:50:37,https://en.prothomalo.com/bangladesh/9ci75ozzy1,manikchhari area,rangamati,2,20,bus,went out of control and overturned,Bangladesh,event,road accident
886,Three die as truck hits motorbike in Khilgaon ,2022-11-19 12:12:43,https://en.prothomalo.com/bangladesh/city/ibq7grqtjo,khilgaon flyover,dhaka,3,0,"truck, motorbike",truck hit motorbike,Bangladesh,event,road accident
887,Two killed in truck-CNG collision in Sylhet,2023-02-13 13:11:04,https://en.prothomalo.com/bangladesh/accident/r7xinmc8mo,golapganj upazila,sylhet,2,3,cng autorickshaw and truck,collision between autorickshaw and truck,Bangladesh,event,road accident
888,Road crashes killed four in Gazipur,2022-12-17 16:18:57,https://en.prothomalo.com/bangladesh/accident/xc0hb6n7c2,dhaka-tangail and dhaka-mymensingh highways,gazipur,4,0,,,Bangladesh,event,road accident
892,"Mother, three children killed as wall collapses in Teknaf ",2023-11-17 10:56:21,https://en.prothomalo.com/bangladesh/accident/xxp77mt3aj,"panirchhara area of morichyaghona, moulvibazar, hnila union",cox's bazar,4,0,,mud wall collapse due to heavy rain,Bangladesh,event,road accident
893,Student killed as truck runs over him in Chuadanga,2022-11-13 09:29:55,https://en.prothomalo.com/bangladesh/accident/w7fsxnh2dx,chuadanga town,chuadanga,1,0,"motorcycle, truck",truck hit motorcycle and ran over victim,Bangladesh,event,road accident
894,2 dead as picnic bus hits tree in Chattogram,2022-11-11 14:53:25,https://en.prothomalo.com/bangladesh/accident/pn9lv07psr,chattogram-cox’s bazar highway in lohagara upazila,chattogram,2,0,picnic bus,hit a roadside tree,Bangladesh,event,road accident
896,Minor killed in road crash in Dhaka,2022-12-07 08:40:11,https://en.prothomalo.com/bangladesh/accident/79n324amox,dholaipara,dhaka,1,0,bus,hit by bus,Bangladesh,event,road accident
897,"2 killed in head-on collision of bus, car in Gaibandha",2023-06-30 12:19:28,https://en.prothomalo.com/bangladesh/accident/nweiawkvk8,pantapara on the dhaka-rangpur highway,gaibandha,2,0,bus and car,head-on collision,Bangladesh,event,road accident
901,3 dead as bus hits auto rickshaw in Cumilla,2022-10-31 14:14:28,https://en.prothomalo.com/bangladesh/accident/26jnmj7u3l,dhaka-chattogram highway,cumilla,3,4,"bus, auto rickshaw",bus hit auto rickshaw,Bangladesh,event,road accident
902,Bus driver dies after being run over by pick-up van,2023-04-28 15:05:18,https://en.prothomalo.com/bangladesh/accident/sbi5gqkn4p,moghbazar flyover,dhaka,1,0,"bus, pickup van",pickup van ran over bus driver,Bangladesh,event,road accident
903,Road crash kills 2 in Rangpur,2022-07-05 16:02:59,https://en.prothomalo.com/bangladesh/accident/road-crash-kills-2-in-rangpur,mahiganj soreyaltal,rangpur,2,4,"truck, auto-rickshaw",truck hitting auto-rickshaw,Bangladesh,event,road accident
904,Death toll rises to 8 in Khagrachhari road accident,2017-02-04 10:33:50,https://en.prothomalo.com/bangladesh/Death-toll-rises-to-8-in-Khagrachhari-road,chittagong medical college hospital (cmch),chittagong,8,0,,,Bangladesh,event,road accident
905,University student killed after being hit by bus in Dhaka,2023-01-22 18:40:42,https://en.prothomalo.com/bangladesh/accident/jh8uq7wlzn,kuril bishwa road area,dhaka,1,0,bus,bus hit a pedestrian,Bangladesh,event,road accident
907,2 farmers killed in Pabna road crash; 5 hurt,2022-11-23 11:06:41,https://en.prothomalo.com/bangladesh/accident/oqmb6m9q8m,kashinathpur-bogura highway in santhia upazila,pabna,2,5,"truck, three-wheeler",truck hit a three-wheeler,Bangladesh,event,road accident
908,Four killed as bus hits truck on Dhaka-Mawa expressway in Munshiganj,2023-04-20 11:15:05,,shologhor on the dhaka-mawa expressway,munshiganj,4,2,"passenger bus, truck",passenger bus hit a parked truck from behind,Bangladesh,event,road accident
909,2 workers die inside septic tank in Chattogram,2023-02-15 09:28:14,https://en.prothomalo.com/bangladesh/local-news/6bff4wftqj,dakshin madarsha village,chattogram,2,0,,working inside a septic tank without adequate protective gear,Bangladesh,event,road accident
913,Couple killed in Naogaon road crash,2022-08-13 17:50:12,https://en.prothomalo.com/bangladesh/accident/a3inn0govj,naogaon-rajshahi regional highway near latahar bridge in nowhata area,naogaon,2,0,car,lost control over the steering,Bangladesh,event,road accident
914,Speaker calls for preventing road accidents,2017-01-28 19:53:27,,,,0,0,,,Bangladesh,event,road accident
915,NSU student dies as covered van hits motorbike in city,2023-04-01 13:53:01,,beribadh area,dhaka,1,0,"motorbike, covered van",covered van hit the motorbike,Bangladesh,event,road accident
916,Three teens killed in Barguna bike crash,2022-11-04 14:12:01,https://en.prothomalo.com/bangladesh/local-news/ztelfkbkr9,betagi,barguna,3,0,bike,hit a roadside tree,Bangladesh,event,road accident
917,"Father, son among 5 killed as covered van ploughs into restaurant",2022-12-02 13:09:12,https://en.prothomalo.com/bangladesh/accident/chly435hkw,manirampur upazila,jashore,5,0,covered van,veered off the road and ploughed into a roadside restaurant,Bangladesh,event,road accident
919,Two children die after falling off rooftop in Dhaka,2023-01-28 09:07:21,https://en.prothomalo.com/bangladesh/city/0x5l251ax9,sylheti bazar area of kamrangirchar's ahsanbagh,kamrangirchar,2,0,,falling off the rooftop,Bangladesh,event,road accident
921,Pak diplomat escape unhurt after a bus rams his car in Brahmanbaria,2023-05-26 20:33:33,https://en.prothomalo.com/bangladesh/accident/b03tgq0ue8,brahmanbaria,brahmanbaria,0,0,"car, bus",speeding bus collided head-on with car,Bangladesh,event,road accident
925,Physician dies on Cumilla highway while being chased by motorbikes,2025-09-04 13:23:10,https://en.prothomalo.com/bangladesh/city/z21jwzc65p,"cumilla–chandpur highway, bizra area of laksham upazila, cumilla",cumilla,1,0,"car, motorcycle",lost control after being chased by motorcyclists,Bangladesh,event,road accident
932,"Driver, helper arrested over university student’s death in Dhaka road crash",2023-01-23 11:57:38,https://en.prothomalo.com/bangladesh/accident/5gtawuogj0,near jamuna future park,dhaka,1,0,bus,,Bangladesh,event,road accident
934,Student dies in motorbike-truck collision in Dhaka,2023-07-23 11:41:18,,rampura,dhaka,1,0,"motorcycle, truck",head-on collision,Bangladesh,event,road accident
936,"Two dead, four wounded in Sylhet road crash",2023-01-20 21:58:07,https://en.prothomalo.com/bangladesh/accident/oysleg3hxu,dakshin surma upazila,sylhet,2,4,"truck, cng-run auto-rickshaw",speeding truck crashed into a cng-run auto-rickshaw,Bangladesh,event,road accident
938,"Mother, child killed in Panchagarh road accident",2017-01-24 10:11:43,,amarkhana area of panchagarh sadar upazila,panchagarh,2,1,,,Bangladesh,event,road accident
939,Traffic police killed in city road crash,2022-08-28 10:54:42,https://en.prothomalo.com/bangladesh/accident/erbc1o1yqr,uttara area,dhaka,1,0,lorry,lorry ran over constable,Bangladesh,event,road accident
940,5 killed in separate road crashes in Bogura,2023-07-15 12:16:56,https://en.prothomalo.com/bangladesh/accident/k4kybxnkwn,dhaka-bogra highway in the katabaria area,bogura,2,1,"truck, motorbike",truck hit a motorbike,Bangladesh,event,road accident
942,Three people electrocuted in Kishoreganj,2022-08-26 21:29:06,https://en.prothomalo.com/bangladesh/accident/rfjisj1x5o,bhairab upazila,kishoreganj,3,3,,electrocution,Bangladesh,event,road accident
944,Ex-DU teacher under whose car a woman was dragged and killed died at DMCH  ,2023-01-13 18:32:15,https://en.prothomalo.com/bangladesh/city/yfo90abng9,dhaka university (du) area,dhaka,1,0,private car,trapped under his private car,Bangladesh,event,road accident
945,2 killed in Dhaka as ‘auto-rickshaw crashes into truck’,2023-01-13 13:11:02,https://en.prothomalo.com/bangladesh/city/cwicimte8r,jatrabari area,dhaka,2,2,"cng-run auto-rickshaw, truck",auto-rickshaw crashed into a truck,Bangladesh,event,road accident
947,Rickshawpuller killed in Narayanganj road crash,2022-10-19 11:00:08,https://en.prothomalo.com/bangladesh/accident/62xu4td0em,kachpur bridge,narayanganj,1,0,"unidentified vehicle, rickshaw",hit by an unidentified speeding vehicle,Bangladesh,event,road accident
948,"3 killed, 77 hurt in Panchagarh road crashes",2023-03-04 21:58:20,https://en.prothomalo.com/bangladesh/accident/now1tkypye,debiganj and boda upazilas of panchagarh,panchagarh,3,77,,separate road crashes,Bangladesh,event,road accident
949,Two killed as pickup van rams auto-rickshaw in city,2023-03-03 21:14:18,https://en.prothomalo.com/bangladesh/accident/nkjbnvx5fb,jatrabari area,dhaka,2,3,"pickup van, cng-run auto-rickshaw",pickup van rammed a cng-run auto-rickshaw,Bangladesh,event,road accident
951,"Trawler carrying 28 sacrificial cows sinks in Padma 
",2023-06-24 20:09:22,https://en.prothomalo.com/bangladesh/local-news/kl75h6iq0u,padma river in sutrokandi area under kanchanpur union,manikganj,0,0,engine-run trawler,capsized due to severe tides,Bangladesh,event,road accident
953,Collision near Chattogram port: Two bodies recovered,2022-10-14 15:20:43,https://en.prothomalo.com/bangladesh/accident/z321r2x0ai,"near chattogram port, bay of bengal",chattogram,2,0,"lighterage vessel, ship",collision between two ships,Bangladesh,event,road accident
955,"Two killed, four injured in Narayanganj road crash",2022-10-12 13:43:36,https://en.prothomalo.com/bangladesh/accident/dwfqqq02ux,dhaka-sylhet highway in araihazar upazila,narayanganj,2,4,bus and auto-rickshaw,speeding bus hit a cng-run auto-rickshaw,Bangladesh,event,road accident
956,Two killed in road crash in the city,2022-11-08 11:26:41,https://en.prothomalo.com/bangladesh/accident/06pktri4mv,postagola,dhaka,2,0,"truck, pickup van",,Bangladesh,event,road accident
958,Three victims of Uttarkhan fire admitted to hospital,2022-12-31 10:45:51,https://en.prothomalo.com/bangladesh/accident/5wuy43nohe,uttarkhan,dhaka,0,3,gas cylinder,gas cylinder explosion,Bangladesh,event,road accident
959,"Mother, son drown as boat sinks in Narail",2022-12-31 09:44:46,https://en.prothomalo.com/bangladesh/0cfpjhl0ws,nabaganga river in narail's kalia upazila,narail,2,0,,capsized,Bangladesh,event,road accident
960,School teacher killed in Dinajpur road crash,2022-07-21 14:19:32,,dinajpur-phulbari road,dinajpur,1,0,"bus, bicycle",speeding bus hit bicycle,Bangladesh,event,road accident
961,"Mother, daughter among three killed in Faridpur road crash",2022-12-29 14:17:33,,dhaka-bhanga highway at salildia in bhanga upazila,faridpur,3,3,car and truck,crash amid dense fog,Bangladesh,event,road accident
964,Tangail road crash claims six lives ,2022-10-06 16:43:51,https://en.prothomalo.com/bangladesh/accident/xd8bymn3av,bangabandhu bridge east golchattar area,tangail,6,35,"bus, microbus",collision between bus and microbus,Bangladesh,event,road accident
966,Child killed in Cox’s Bazar landslide,2022-06-20 11:44:17,https://en.prothomalo.com/bangladesh/accident/child-killed-in-coxs-bazar-landslide-2,moheshkhali upazila,moheskhali,1,0,,landslide triggered by rain,Bangladesh,event,road accident
969,Ninth-grader dies after scarf gets stuck with auto’s wheels in Mymensingh,2022-12-21 11:25:44,https://en.prothomalo.com/bangladesh/accident/mcbdlk630a,gafargaon upazila,gafargaon,1,0,battery-run autorickshaw,scarf got stuck with the wheels of a battery-run autorickshaw,Bangladesh,event,road accident
970,Two die as truck hits bike in Sylhet,2022-10-28 12:28:38,https://en.prothomalo.com/bangladesh/accident/0ylllu56jk,jakiganj upazila,sylhet,2,0,"motorbike, truck",speeding truck hit motorbike,Bangladesh,event,road accident
972,Five killed after auto-rickshaw collides with ambulance  ,2022-12-19 20:51:27,https://en.prothomalo.com/bangladesh/accident/3y5t1respf,rangpur-dinajpur highway at nengtichera area of taraganj upazila,rangpur,5,2,ambulance and auto-rickshaw,head-on collision,Bangladesh,event,road accident
976,Battery-run rickshaw puller killed in road crash in Dhaka,2022-07-30 20:15:47,https://en.prothomalo.com/bangladesh/accident/k321op61bn,asad gate area of mohammadpur on mirpur road near asad gate,gopalganj,1,0,"auto rickshaw, anonymous vehicle",hit by an anonymous vehicle,Bangladesh,event,road accident
978,One killed in Dinajpur road crash,2022-12-12 09:56:45,https://en.prothomalo.com/bangladesh/accident/b7swi9b7qx,"hili-mollabazar road, chhoto dangapara area",hakimpur,1,1,motorcycle,hit a tree,Bangladesh,event,road accident
979,Kalyan to be interrogated at jail gate in journo accident case,2017-01-11 17:06:05,https://en.prothomalo.com/bangladesh/Kalyan-to-be-interrogated-at-jail-gate-in-journo,dhaka,dhaka,0,1,car,,Bangladesh,event,road accident
980,Two brothers killed in Gazipur road crash,2022-11-09 09:41:18,https://en.prothomalo.com/bangladesh/accident/8lo9fybnne,kaliakair upazila,gazipur,2,0,"motorbike, covered van",covered van ran over the motorbike,Bangladesh,event,road accident
981,Youth's bloody body left lying on the road  ,2023-01-26 18:27:52,https://en.prothomalo.com/bangladesh/city/ndn9ugvsj6,rampura bridge at hatirjheel area,dhaka,1,0,,,Bangladesh,event,road accident
984,7 killed in road crash in Jashore,2023-07-08 09:17:01,https://en.prothomalo.com/bangladesh/accident/5c297iiamk,jashore-magura highway in the lebutala area of jashore sadar upazila,jashore,7,1,bus and easy-bike,head-on collision,Bangladesh,event,road accident
985,Schoolboy killed in Dhaka road crash,2022-09-11 13:57:12,https://en.prothomalo.com/bangladesh/accident/c0pq29plq0,tejgaon,dhaka,1,0,unidentified vehicle,hit by unidentified vehicle,Bangladesh,event,road accident
986,Four killed in head-on collision between truck and ambulance in Gopalganj,2023-07-06 11:54:07,https://en.prothomalo.com/bangladesh/accident/wnc6zgxulr,purba miapara area,gopalganj,4,3,ambulance and excavator carrying truck,head-on collision,Bangladesh,event,road accident
987,2 bikers killed in city road accident,2017-01-18 11:57:16,https://en.prothomalo.com/bangladesh/2-bikers-killed-in-city-road-accident,najimuddin road crossing in the city’s chawkbazar area,chawkbazar,2,1,"truck, motorcycle",truck hit motorcyclists,Bangladesh,event,road accident
988,"Road crash kills parents, daughter in Thakurgaon",2022-11-27 13:04:03,https://en.prothomalo.com/bangladesh/accident/5tzxmdsf34,thakurgaon-baliadanga road,thakurgaon sadar,3,0,bus and motorbike,bus hit motorbike,Bangladesh,event,road accident
990,Three killed as Ena Paribahan bus rams van in Chattogram,2022-11-26 18:07:58,https://en.prothomalo.com/bangladesh/accident/5u2dht1jvw,dhaka-chattogram highway,mirsari,3,2,"bus, pickup van",bus rammed a stationary pickup van,Bangladesh,event,road accident
992,4 killed as truck ploughs into roadside market in Narsingdi,2022-10-02 11:07:01,https://en.prothomalo.com/bangladesh/accident/eyqq4awcxx,mahmudabad,narsingdi,4,3,truck,truck hit pedestrians in a market,Bangladesh,event,road accident
993,Two bikers killed in Magura road crash,2022-09-30 13:27:36,https://en.prothomalo.com/bangladesh/accident/ntu3d5kxue,chaygharia area of jashore-magura road,magura,2,1,"microbus, bike",hit by a microbus,Bangladesh,event,road accident
995,Tourist drowns in Kaptai Lake,2022-08-06 22:10:16,https://en.prothomalo.com/bangladesh/local-news/i31aghiefg,kaptai lake,rangamati sadar upazila,1,0,,drowning while bathing,Bangladesh,event,road accident
996,Bus crashes into toll booth of Padma Bridge,2022-07-09 21:24:32,https://en.prothomalo.com/bangladesh/accident/bus-crashes-into-toll-booth-of-padma-bridge,padma bridge mawa end,munshiganj,0,1,commuter bus,commuter bus crashed into toll booth,Bangladesh,event,road accident
997,Two killed in Jhenaidah road crash,2022-07-07 12:32:47,,jhenaidah-kaliganj highway,jhenaidah,2,0,"pickup van, truck",pickup van crashed into a parked truck,Bangladesh,event,road accident
998,Three of family crushed under bus wheels in Natore,2022-11-18 19:48:38,https://en.prothomalo.com/bangladesh/accident/783lbabx7k,dhebar para area on lalpur-gopalpur highway,natore,3,0,bus,crushed under the wheels of a bus,Bangladesh,event,road accident
1001,"3 dead, 35 injured as two buses collide head-on in Rangpur",2023-01-10 13:15:30,https://en.prothomalo.com/bangladesh/accident/rqx3x7fyn0,doalipara area of the rangpur-dinajpur highway,rangpur,3,35,two buses,head-on collision,Bangladesh,event,road accident
1002,2 killed in Satkhira road accident,2017-01-04 10:57:49,,nehalpur,tala,2,3,truck,plunged into a roadside ditch,Bangladesh,event,road accident
1003,"Tourist vehicle overturns in Cox’s Bazar, 1 dead, 7 injured ",2023-01-07 11:01:11,,marine drive road,cox's bazar,1,7,tourist vehicle,driver lost control over the steering,Bangladesh,event,road accident
1009,Four bodies recovered after Karnaphuli trawler capsize,2022-10-13 23:06:31,https://en.prothomalo.com/bangladesh/accident/nthw37ib9e,karnaphuli river,chattogram,4,0,fishing trawler,boat sinking,Bangladesh,event,road accident
1010,SSC examinee killed in road crash on the way to exam centre,2022-09-17 16:03:53,https://en.prothomalo.com/bangladesh/accident/b3v1n9zo8u,mp girls high school centre in kaliganj,panchagarh,1,0,auto-rickshaw,road crash,Bangladesh,event,road accident
1015,Baby born miraculously during road crash admitted to hospital ,2022-07-19 17:13:26,https://en.prothomalo.com/bangladesh/local-news/n5c4hycton,trishal,mymensingh,3,1,,,Bangladesh,event,road accident
1016,2 Rohingyas killed in Cox’s Bazar road crash,2022-06-20 12:54:28,https://en.prothomalo.com/bangladesh/accident/2-rohingyas-killed-in-coxs-bazar-road-crash,cox’s bazar-teknaf highway,cox’s bazar,2,0,"covered van, human hauler",collision,Bangladesh,event,road accident
1017,3 die in separate incidents in Narayanganj,2023-06-08 10:02:13,https://en.prothomalo.com/bangladesh/local-news/ayaj0xpjj4,fatullah upazila,narayanganj,3,0,motorcycle,separate incidents,Bangladesh,event,road accident
1018,Student killed in road crash in Dhaka,2023-03-30 10:55:50,https://en.prothomalo.com/bangladesh/accident/zicx448lgu,jatrabari dholaipar hanif flyover,dhaka,1,1,motorcycle,,Bangladesh,event,road accident
1024,2 killed in Barishal road crash,2022-08-28 15:41:16,https://en.prothomalo.com/bangladesh/accident/ujms38tw4n,dhaka-barishal highway at rahmatpur,barishal,2,2,"bus, van, tricycle van",,Bangladesh,event,road accident
1025,2 killed in Barishal road crash,2022-08-28 15:41:16,https://en.prothomalo.com/bangladesh/accident/2-killed-in-barishal-road-crash,dhaka-barishal highway at rahmatpur,barishal,2,2,bus and van,,Bangladesh,event,road accident
1027,Truck-microbus collision leaves 2 dead in Natore,2022-05-18 11:12:37,https://en.prothomalo.com/bangladesh/accident/truck-microbus-collision-leaves-2-dead-in-natore,baraigram upazila,natore,2,1,truck and microbus,head-on collision,Bangladesh,event,road accident
1029,"2 dead, 3 hurt as truck overturns in Khagrachhari",2022-08-23 11:35:56,https://en.prothomalo.com/bangladesh/accident/iyx2ao6p94,mahalchhari-jaliyapara road in guimara upazila,khagrachhari,2,3,log-laden truck,driver lost control of the overloaded vehicle,Bangladesh,event,road accident