id,title,date,article_url,place_of_accident,district,number_of_deaths,number_of_injured,vehicle_type,cause_of_accident,country,report_type,type_of_accident
1031,2 Juba League men die in Mongla accident,2016-12-23 11:38:43,https://en.prothomalo.com/bangladesh/2-Juba-league-men-die-in-Mongla-accident,mongla,bagerhat,2,0,,,Bangladesh,event,road accident
1032,4 killed in Comilla accident,2016-12-23 10:58:25,https://en.prothomalo.com/bangladesh/4-killed-in-Comilla-accident,dhaka-chittagong highway at dayapur in chouara area of sadar dakkhin upazila,chouara,4,0,,,Bangladesh,event,road accident
1033,Man killed as concrete block falls off metro rail route,2022-05-31 09:09:06,https://en.prothomalo.com/bangladesh/accident/man-killed-as-concrete-block-falls-off-metro-rail-route,mirpur,dhaka,1,0,,concrete block fell from under-construction metro rail track,Bangladesh,event,road accident
1034,Work of BRT project on Uttara part remains suspended,2022-08-16 16:15:51,https://en.prothomalo.com/bangladesh/city/q1v7t4x2fw,uttara,uttara,0,0,bus,lack of safety measures during brt project work,Bangladesh,event,road accident
1035,At least three killed as BRT project's girder falls on car in Uttara,2022-08-15 18:26:03,https://en.prothomalo.com/bangladesh/accident/ybeuy1pwid,"jashimuddin road area, uttara",dhaka,3,3,private car,falling girder from brt project,Bangladesh,event,road accident
1037,"CUET VC confined, students against leaving halls",2024-04-25 19:39:27,https://en.prothomalo.com/bangladesh/local-news/stpj37teuk,chittagong university of engineering and technology (cuet),chittagong,2,0,,road accident,Bangladesh,event,road accident
1039,Four killed in microbus-truck-bus collision in Habiganj,2022-07-18 19:50:47,https://en.prothomalo.com/bangladesh/accident/64a92icw2y,bakharnagar intersection of dhaka-sylhet highway,habiganj,4,5,"microbus, truck, bus",collision,Bangladesh,event,road accident
1041,"2 killed, 10 hurt in Rajshahi road crash ",2022-06-22 16:34:35,https://en.prothomalo.com/bangladesh/2-killed-10-hurt-in-rajshahi-road-crash,dhaka-rajshahi highway,rajshahi,2,10,"truck, van",truck hit a van,Bangladesh,event,road accident
1042,"Five killed, nearly 50 injured in Rangpur road crash",2022-09-05 09:43:34,https://en.prothomalo.com/bangladesh/accident/oz08y5nd9d,rangpur-dinajpur highway near the kharubhaj bridge in ikorchali hajipara area,rangpur,5,50,two buses,head on collision,Bangladesh,event,road accident
1043,Two died while loading logs onto truck in Barishal,2023-03-01 10:42:59,https://en.prothomalo.com/bangladesh/local-news/qrnhttvdft,shoada area near gaurnadi-goplaganj road,gaurnadi,2,2,truck,loading logs,Bangladesh,event,road accident
1045,DNCC garbage truck kills youth,2022-07-13 20:49:31,https://en.prothomalo.com/bangladesh/accident/5vcjnhtmoo,mirpur-14,dhaka,1,0,truck,truck ran over a pedestrian,Bangladesh,event,road accident
1048,Five killed as bus hits CNG-run autorickshaw in Bogura ,2023-02-23 16:09:42,https://en.prothomalo.com/bangladesh/accident/38gwvnh19r,sujabad area of shahjanpur upazila,bogura,5,0,bus and autorickshaw,collision between bus and autorickshaw,Bangladesh,event,road accident
1050,Two killed in road crash on Bangabandhu Expressway,2022-07-11 01:09:05,https://en.prothomalo.com/bangladesh/accident/two-killed-in-road-crash-on-bangabandhu-expressway,rajendrapur flyover of the bangabandhu expressway,keraniganj,2,3,car,road crash,Bangladesh,event,road accident
1053,Health official killed in Faridpur road crash,2022-02-28 14:34:01,https://en.prothomalo.com/bangladesh/accident/health-official-killed-in-faridpur-road-crash,pukhuria-atarshi road in bhanga upazila,faridpur,1,0,,,Bangladesh,event,road accident
1054,Beijing keen to strengthen cooperation with Dhaka,2022-06-11 11:31:40,https://en.prothomalo.com/bangladesh/beijing-keen-to-strengthen-cooperation-with-dhaka,container depot in chattogram,chattogram,0,0,container,fire,Bangladesh,event,road accident
1055,Auto-rickshaw driver found dead in Natore,2022-05-16 11:28:00,https://en.prothomalo.com/bangladesh/local-news/auto-rickshaw-driver-found-dead-in-natore,ghatchilan area,natore,1,0,auto-rickshaw,,Bangladesh,event,road accident
1056,"One killed, 20 injured in Manikganj road crash",2022-07-05 14:20:38,https://en.prothomalo.com/bangladesh/accident/one-killed-20-injured-in-manikganj-road-crash,manikganj-golra highway,manikganj district,1,20,bus and truck,head-on collision,Bangladesh,event,road accident
1059,Man killed after being hit by auto-rickshaw chased by police,2023-02-15 10:32:31,https://en.prothomalo.com/bangladesh/local-news/ux7bycy2oz,"dhaka-sylhet highway, sonargaon area",narayanganj,1,0,"motorcycle, truck, cng autorickshaw",cng autorickshaw hit the motorcycle from behind while being chased by highway police,Bangladesh,event,road accident
1063,Kuakata's 'Marine Drive' collapses before opening,2025-05-30 15:51:50,https://en.prothomalo.com/bangladesh/local-news/824ekvaemw,kuakata,patuakhali,0,0,,collapse due to tidal surges,Bangladesh,event,road accident
1067,"Father, daughter killed Shariatpur road crash",2022-10-30 14:52:39,https://en.prothomalo.com/bangladesh/accident/6hfozkylgi,shariatpur,shariatpur,2,3,private car,plunged into a roadside ditch,Bangladesh,event,road accident
1068,12 crew go missing as lighter vessel sinks in Bay,2022-04-16 16:10:02,https://en.prothomalo.com/bangladesh/local-news/12-crew-go-missing-as-lighter-vessel-sinks-in-bay,bay of bengal near bhashanchar,noakhali,12,0,lighter vessel,vessel sank,Bangladesh,event,road accident
1069,Contractor firm liable for deaths: Primary investigation,2022-08-16 21:24:49,https://en.prothomalo.com/bangladesh/zavp0eep7j,uttara,dhaka,5,0,car,fall of a girder,Bangladesh,event,road accident
1071,None of the family remains alive,2025-04-04 16:56:41,https://en.prothomalo.com/bangladesh/accident/q6segyvhz1,lohagara,chattogram,11,2,,,Bangladesh,event,road accident
1074,BGB man killed as his motorcycle collides with bus,2022-10-23 10:09:17,https://en.prothomalo.com/bangladesh/accident/scwrcphev9,rupdia area,sadar upazila of jashore,1,0,"bus, motorcycle","collision between bus and motorcycle, followed by bus fire",Bangladesh,event,road accident
1075,3 die as passenger launch hits bridge in Shariatpur,2022-10-23 09:28:10,https://en.prothomalo.com/bangladesh/local-news/0q4bp8gdtm,"jayanti river, saikka, gosairhat upazila",shariatpur,3,0,passenger launch,collision with a bridge,Bangladesh,event,road accident
1076,Panchagarh road crash kills 3 teenagers,2022-05-04 23:00:14,,talma-modelhat road at sadar upazila,panchagarh,3,0,motorcycle,crashed into a roadside tree,Bangladesh,event,road accident
1078,"Woman says she wasn’t raped on bus, accuses media of false news",2025-02-27 17:48:25,,banks of mahananda river,chapainawabganj,0,0,bus,robbery incident,Bangladesh,event,road accident
1079,"Truck ploughs into Chandpur highway eatery, 1 killed",2022-05-26 10:56:53,,chandpur-cumilla highway,cumilla,1,0,truck,truck ploughed into an eatery,Bangladesh,event,road accident
1080,No respite from road accidents?,2016-12-19 13:56:25,,dhaka-tangail highway at gazipur,gazipur,6,9,"bus, public transport vehicle",head-on collision,Bangladesh,event,road accident
1083,Two friends killed as motorbike plunges into ditch in Gopalganj,2022-08-30 12:24:14,https://en.prothomalo.com/bangladesh/accident/s7g1htmu3j,durgapur union,gopalganj sadar,2,0,motorcycle,lost control and fell into a roadside ditch,Bangladesh,event,road accident
1086,Policeman killed in Bogura road crash,2022-08-29 11:23:50,https://en.prothomalo.com/bangladesh/accident/r005g2tqnz,bogura-naogaon regional highway,bogura,1,0,"truck, auto-rickshaw",truck hit auto-rickshaw,Bangladesh,event,road accident
1089,Woman trapped under car and killed at DU campus ,2022-12-02 18:51:07,,dhaka university campus,dhaka,1,0,car,reckless driving,Bangladesh,event,road accident
1091,3 killed in Barishal road crash,2022-08-22 14:05:56,https://en.prothomalo.com/bangladesh/accident/n8tewb1gcx,dhaka-kuakata highway,barishal,3,0,"bus, trolley",,Bangladesh,event,road accident
1092,"One killed, 4 injured in Joypurhat road crash",2022-05-13 14:43:04,https://en.prothomalo.com/bangladesh/accident/one-killed-4-injured-in-joypurhat-road-crash,joypurhat-hilli road at bagjana point,joypurhat,1,4,passenger bus and a pickup van,head-on collision,Bangladesh,event,road accident
1093,Man killed in road crash on Hanif Flyover,2022-05-13 08:36:42,https://en.prothomalo.com/bangladesh/accident/man-killed-in-road-crash-on-hanif-flyover,mayor mohammad hanif flyover,dhaka,1,0,,,Bangladesh,event,road accident
1094,Six Rohingyas injured in gas cylinder fire,2022-05-13 08:16:22,https://en.prothomalo.com/bangladesh/accident/six-rohingyas-injured-in-gas-cylinder-fire,ukhia camp,cox’s bazar,0,6,,gas cylinder fire,Bangladesh,event,road accident
1095,Four killed in Cox’s Bazar road crash,2022-03-23 09:24:10,https://en.prothomalo.com/bangladesh/accident/four-killed-in-coxs-bazar-road-crash,kutupalong transit camp,cox's bazar,4,0,"truck, auto rickshaw",head-on collision between sand-laden truck and auto rickshaw,Bangladesh,event,road accident
1096,Four killed in Cox’s Bazar road crash,2022-03-23 09:24:10,https://en.prothomalo.com/bangladesh/Four-killed-in-Cox’s-Bazar-road-crash,kutupalong transit camp in ukhiya rajapalang union,cox's bazar,4,0,"truck, auto rickshaw",head-on collision between a sand-laden truck and a cng-run auto rickshaw,Bangladesh,event,road accident
1098,University admission seeker killed in Dhaka road crash,2022-06-29 16:18:53,https://en.prothomalo.com/bangladesh/accident/university-admission-seeker-killed-in-dhaka-road-crash,shahbagh,dhaka,1,1,"motorcycle, truck",truck hit motorcycle,Bangladesh,event,road accident
1099,"2 killed, 3 injured in Tangail highway crash",2022-08-16 15:17:51,https://en.prothomalo.com/bangladesh/accident/kb5bmdil2g,tangail-mymensingh highway,tangail,2,3,"auto-rickshaw, truck",auto-rickshaw crashed into a parked truck,Bangladesh,event,road accident
1100,Motorcyclist killed in city road crash,2022-06-28 22:36:42,https://en.prothomalo.com/bangladesh/city/motorcyclist-killed-in-city-road-crash-3,rampura kitchen market area,narsingdi,1,0,"motorcycle, truck",truck crashed into the motorcycle,Bangladesh,event,road accident
1101,Motorcyclist killed in city road crash,2022-06-28 22:36:42,https://en.prothomalo.com/bangladesh/accident/motorcyclist-killed-in-city-road-crash,rampura kitchen market area,narsingdi,1,0,motorcycle and truck,truck crashed into the motorcycle,Bangladesh,event,road accident
1103,"2 tourists die, 11 injured as jeep plunges into ditch in Bandarban",2024-01-20 17:10:06,https://en.prothomalo.com/bangladesh/local-news/ax86fxgo6u,ruma-boga lake-keokradong road in bandarban,bandarban,2,11,jeep,plunged into a hillside ditch,Bangladesh,event,road accident
1105,Two found dead in Dhaka,2023-04-14 11:54:13,https://en.prothomalo.com/bangladesh/city/743xgg5q25,amar ekushey hall of dhaka university,dhaka,1,0,rickshaw,,Bangladesh,event,road accident
1106,55-yr-old woman killed in Thakurgaon road crash,2022-05-08 14:38:23,https://en.prothomalo.com/bangladesh/accident/55-yr-old-woman-killed-in-thakurgaon-road-crash,ruhia,thakurgaon,1,0,motorbike,hit by a motorbike,Bangladesh,event,road accident
1107,"Kishoreganj ferry capsize: Woman drowns, child goes missing",2022-05-31 16:32:50,https://en.prothomalo.com/bangladesh/accident/kishoreganj-ferry-capsize-woman-drowns-child-goes-missing,dhanu river,kishoreganj,1,0,,capsized,Bangladesh,event,road accident
1111,Two die as bike hits electric pole in Barishal,2022-05-27 10:39:25,https://en.prothomalo.com/bangladesh/accident/two-die-as-bike-hits-electric-pole-in-barishal,amtala intersection in front of reneta office,barishal,2,0,bike,hit a roadside electric pole,Bangladesh,event,road accident
1113,Three children charred to death while asleep,2022-02-21 12:44:42,https://en.prothomalo.com/bangladesh/accident/three-children-charred-to-death-in-gas-cylinder-blast-in-mymensingh,habirbari,mymensingh,3,0,gas cylinder,gas cylinder explosion,Bangladesh,event,road accident
1114,4 killed as boat capsizes in Habiganj haor,2022-07-14 08:57:32,https://en.prothomalo.com/bangladesh/accident/o3f62lald0,gungiajuri haor,habiganj,4,0,,capsized following a storm,Bangladesh,event,road accident
1118,3 killed in Mymensingh road accident,2016-12-09 11:05:53,https://en.prothomalo.com/bangladesh/3-killed-in-Mymensingh-road-accident,mujahat,tarakanda,3,3,truck and a human hauler,head-on collision,Bangladesh,event,road accident
1119,3 killed in Mymensingh road accident,2016-12-09 11:05:53,https://en.prothomalo.com/bangladesh/3-killed-as-truck-hits-auto-rickshaw-in-M’singh,mujahat,tarakanda,3,3,truck and a human hauler,head-on collision,Bangladesh,event,road accident
1120,Ex-JCD leader among 2 dead in Pabna road crash,2022-11-05 22:54:25,https://en.prothomalo.com/bangladesh/accident/wshu3oku99,pabna sadar upazila,pabna,2,0,,,Bangladesh,event,road accident
1122,Five killed in road crash in Chattogram,2023-04-13 13:49:24,https://en.prothomalo.com/bangladesh/accident/b4bce6l1um,raykhalipul area,boalkhali,5,1,bus and auto-rickshaw,collision,Bangladesh,event,road accident
1123,Two killed in Sylhet road crash,2022-04-24 15:15:55,https://en.prothomalo.com/bangladesh/accident/two-killed-in-sylhet-road-crash,jaintapur upazila,sylhet district,2,0,"human hauler, dumping truck",collision between human hauler and dumping truck,Bangladesh,event,road accident
1124,Two killed as bus hits a human hauler in Mirpur,2022-07-31 20:07:30,https://en.prothomalo.com/bangladesh/accident/k1i8x20hss,mirpur beribadh,dhaka,2,4,"bus, human hauler (laguna)",bus crashed into a human hauler,Bangladesh,event,road accident
1125,Chattogram depot explosion: Another fireman dies,2022-06-12 10:21:02,https://en.prothomalo.com/bangladesh/city/chattogram-depot-explosion-another-fireman-dies,chattogram depot,chattogram,47,0,,depot explosion,Bangladesh,event,road accident
1126,Four killed in Chattogram as covered van crashes into auto-rickshaw,2022-09-15 09:41:35,https://en.prothomalo.com/bangladesh/accident/8eri13lhh4,dakshin sonapahar of zorarganj,chattogram,4,5,"covered van, auto-rickshaw",covered van crashed into a cng-run auto-rickshaw,Bangladesh,event,road accident
1127,Cop killed in Khulna road crash,2022-04-19 14:18:02,https://en.prothomalo.com/bangladesh/accident/cop-killed-in-khulna-road-crash,dhaka-khulna highway in fakirhat upazila,bagerhat,1,0,bus,crushed under the wheels of a bus,Bangladesh,event,road accident
1128,Two killed in road crash in Netrokona,2022-07-26 10:08:15,https://en.prothomalo.com/bangladesh/accident/k56zot9fln,shyamganj-birishiri highway near mahishber area,netrokona,2,5,"truck, auto-rickshaw",truck hit auto-rickshaw,Bangladesh,event,road accident
1129,"Mother, child die in road accident",2016-11-26 12:36:27,https://en.prothomalo.com/bangladesh/Mother-child-die-in-road-accident,dhaka-khulna highway,gopalganj sadar,2,0,truck,speeding truck hit another truck,Bangladesh,event,road accident
1130,Death toll from Padma speedboat capsize rises to three,2023-02-08 10:14:29,https://en.prothomalo.com/bangladesh/accident/if0hgppf8q,padma river,faridpur,2,0,speedboats,collision between two speedboats,Bangladesh,event,road accident
1131,3 construction workers die falling from high-rise,2023-02-08 09:20:25,https://en.prothomalo.com/bangladesh/local-news/en86uf17cm,kalpoloke residential area,chattogram,3,0,,falling off an under-construction building,Bangladesh,event,road accident
1133,Padma Bridge: Motorcycles likely to be banned on highway on both ends ,2022-06-29 23:14:22,https://en.prothomalo.com/bangladesh/padma-bridge-motorcycles-likely-to-be-banned-on-highway-on-both-ends,bangabandhu sheikh mujibur rahman expressway,bhanga,0,0,motorcycle,,Bangladesh,event,road accident
1136,20 injured as bus overturns in Jatrabari,2022-07-22 12:11:32,https://en.prothomalo.com/bangladesh/accident/6ds1vy6kyx,bishwaroad area,jatrabari,0,20,commuter bus,driver lost control of the speeding bus,Bangladesh,event,road accident
1137,"Father, son go missing in Karnaphuli River",2022-01-30 16:56:55,https://en.prothomalo.com/bangladesh/accident/father-son-go-missing-in-karnaphuli-river,karnaphuli river near evergreen ghat,chattogram,2,0,,boat sank,Bangladesh,event,road accident
1140,8 killed in Barishal road crash,2022-05-29 09:19:20,https://en.prothomalo.com/bangladesh/accident/8-killed-in-barishal-road-crash,shanuar area of wazirpur upazila,barishal,8,25,bus,losing control and hitting a roadside tree,Bangladesh,event,road accident
1141,Patient among six killed as ambulance crashes into truck,2023-01-17 09:22:16,https://en.prothomalo.com/bangladesh/accident/99wm1d9tsa,zajira upazila,shariatpur district,6,0,"ambulance, truck",ambulance hit a truck from behind,Bangladesh,event,road accident
1143,Two family members killed in Munshiganj road crash,2023-03-05 16:10:32,https://en.prothomalo.com/bangladesh/accident/viabb74g48,dhaka-chattogram highway,gazaria,2,4,"microbus, covered van","covered van hit microbus from behind, pushing it into the dhaka-bound lane",Bangladesh,event,road accident
1144,"4 killed as truck hits auto-rickshaw in Cox’s Bazar

",2022-08-27 14:00:16,https://en.prothomalo.com/bangladesh/local-news/ywzlkhg5u4,ukhiya upazila,cox's bazar,4,1,"truck, cng-run auto-rickshaw",truck crashed into a cng-run auto-rickshaw,Bangladesh,event,road accident
1145,Two construction workers die falling off high rise,2022-08-26 21:08:05,https://en.prothomalo.com/bangladesh/accident/38fqm4px2w,west agargaon,dhaka,2,0,,falling from an under-construction building,Bangladesh,event,road accident
1146,"4 killed in separate road crashes in Gazipur, Lalmonirhat",2023-06-11 11:41:41,https://en.prothomalo.com/bangladesh/accident/tdh65j4mh9,mawna-kaliakair road in kaliakair upazila,gazipur,2,1,"truck, cng-run auto-rickshaw",truck ran over a cng-run auto-rickshaw,Bangladesh,event,road accident
1147,"4 killed, 15 injured as bus crashes into tree in Gopalganj",2022-10-07 12:12:13,https://en.prothomalo.com/bangladesh/accident/wzdkvif646,dhaka-khulna highway in chandra dighalia upazila of gopalganj,gopalganj,4,15,passenger bus,speeding,Bangladesh,event,road accident
1148,Cox’s Bazar trawler capsize: 3 more bodies retrieved,2022-08-21 14:53:56,https://en.prothomalo.com/bangladesh/accident/d3gnst5lsy,bay of bengal,cox's bazar,3,0,fishing trawler,capsized amid inclement weather,Bangladesh,event,road accident
1149,"Mother, son suffer burn injuries in city fire",2022-07-05 15:55:37,https://en.prothomalo.com/bangladesh/accident/mother-son-suffer-burn-injuries-in-city-fire,mohammadpur,dhaka,0,2,house,gas leak,Bangladesh,event,road accident
1150,"Driver falls sick, rams into five vehicles, two dead",2023-07-24 14:28:51,,santana market,narayanganj,2,8,,sudden illness of the driver,Bangladesh,event,road accident
1151,Road crash kills two intelligence agency men,2022-04-26 10:08:49,https://en.prothomalo.com/bangladesh/accident/road-crash-kills-two-intelligence-agency-men,public health area,rangamati,2,0,,,Bangladesh,event,road accident
1153,60pc of Dhaka’s Eid holidaymakers to go by road: SCRF,2023-04-13 16:20:03,,dhaka,dhaka,0,0,"road, waterways, railways",eid-ul-fitr travel,Bangladesh,event,road accident
1154,China has no objection to stringent action: Ambassador ,2022-08-18 18:32:00,https://en.prothomalo.com/bangladesh/h7ai18363v,uttara,dhaka,5,0,car,girder fall on a car,Bangladesh,event,road accident
1156,Who’s the pale doll-like child lying in the morgue?,2024-03-01 15:02:08,https://en.prothomalo.com/bangladesh/city/ccydyp7t5g,dhaka medical college hospital’s morgue,dhaka,1,0,,,Bangladesh,event,road accident
1161,24 killed in Panchagarh boat capsize  ,2022-09-25 16:41:59,https://en.prothomalo.com/bangladesh/ziimo8iv0z,"karatoya river, awlia ghat of mareya bazar area, boda upazila",panchagarh,24,0,passenger boat,boat capsized,Bangladesh,event,road accident
1162,Two bikers killed in Dinajpur road crash,2022-06-02 12:43:18,,phulbari rail crossing area,dinajpur,2,1,truck and bike,truck hit their bike,Bangladesh,event,road accident
1163,Garbage truck-covered van collision kills two in Chattogram,2022-04-16 10:21:49,https://en.prothomalo.com/bangladesh/accident/garbage-truck-covered-van-collision-kills-two-in-chattogram,chattogram-cox’s bazar highway,lohagara upazila,2,0,"garbage truck, covered van",collision,Bangladesh,event,road accident
1165,2 killed in Sirajganj road accident,2016-11-15 11:30:15,https://en.prothomalo.com/bangladesh/2-killed-in-Sirajganj-road-accident-5,khalkula area,sirajganj,2,10,"bus, truck",bus-truck collision,Bangladesh,event,road accident
1167,2 killed in Sirajganj road accident,2016-11-15 11:30:15,https://en.prothomalo.com/bangladesh/2-killed-in-Sirajganj-road-accident-3,khalkula area of tarash upazila,sirajganj,2,10,"bus, truck",bus-truck collision,Bangladesh,event,road accident
1168,2 killed in Sirajganj road accident,2016-11-15 11:30:15,https://en.prothomalo.com/bangladesh/2-killed-in-Sirajganj-road-accident-2,khalkula area of tarash upazila,sirajganj,2,10,bus-truck,collision,Bangladesh,event,road accident
1169,2 killed in Sirajganj road accident,2016-11-15 11:30:15,https://en.prothomalo.com/bangladesh/2-killed-in-Sirajganj-road-accident,khalkula area,sirajganj,2,10,bus-truck,collision,Bangladesh,event,road accident
1173,"Lighter vessel sinks in Chittagong port, seven missing",2022-03-19 12:58:09,https://en.prothomalo.com/bangladesh/accident/lighter-vessel-sinks-in-chittagong-port-seven-missing,outer anchorage of chittagong port off patenga beach,chittagong,7,0,lighter vessel,vessel sank,Bangladesh,event,road accident
1176,"Two siblings killed in Kushtia road crash, 5 injured",2022-05-05 10:52:32,https://en.prothomalo.com/bangladesh/accident/two-siblings-killed-in-kushtia-road-crash-5-injured,kushtia-rajbari road in shimulia union,kushtia,2,5,three-wheeler and pick-up van,collision,Bangladesh,event,road accident
1177,Ferry services resume on Shimulia-Majhirkandi route after 7 hours,2022-06-20 12:01:17,https://en.prothomalo.com/bangladesh/ferry-services-resume-on-shimulia-majhirkandi-route-after-7-hours,shimulia-majhirkandi route,,0,0,,strong current in the padma river,Bangladesh,event,road accident
1179,Police wrecker runs over student in Dhaka,2022-07-29 10:20:36,https://en.prothomalo.com/bangladesh/city/ehj5kr5ekh,gulistan,dhaka,1,0,"motorcycle, police wrecker",run over by a police wrecker,Bangladesh,event,road accident
1187,Couple die from electrocution in Khulna,2022-05-19 10:11:07,https://en.prothomalo.com/bangladesh/accident/couple-die-from-electrocution-in-khulna,dumuria upazila,khulna,2,1,,electrocuted,Bangladesh,event,road accident
1192,2 killed in Netrakona road accident,2016-11-09 09:11:50,https://en.prothomalo.com/bangladesh/2-killed-in-Netrakona-road-accident-2,tremohoni-jamdhala road at jamdhola bazaar,netrakona,2,5,lorry,lorry turned turtle,Bangladesh,event,road accident
1193,2 killed in Netrakona road accident,2016-11-09 09:11:50,https://en.prothomalo.com/bangladesh/2-killed-in-Netrakona-road-accident,tremohoni-jamdhala road at jamdhola bazaar,netrakona,2,5,brick-laden lorry,lorry turned turtle,Bangladesh,event,road accident
1194,DU student succumbs to wounds ,2023-03-21 18:02:17,,science lab area,dhaka,6,1,,blast,Bangladesh,event,road accident
1197,"3 killed, 15 injured in road crash in Dinajpur",2022-06-07 13:54:21,https://en.prothomalo.com/bangladesh/accident/3-killed-15-injured-in-road-crash-in-dinajpur,bankkali,dinajpur,3,15,inter-city bus,loss of control due to punctured front wheel,Bangladesh,event,road accident
1198,Two killed in gas cylinder blast in Sylhet,2022-07-24 11:54:11,https://en.prothomalo.com/bangladesh/accident/2tkbct31k8,cng filling station in sylhet,sylhet,2,0,,gas cylinder blast,Bangladesh,event,road accident
1200,10-year old crushed under bus in Gazipur,2022-07-23 18:59:46,https://en.prothomalo.com/bangladesh/accident/8jp3z8zc1q,tongi,gazipur,1,1,bus,hit by a bus,Bangladesh,event,road accident
1201,4 of family killed in Sylhet landslide,2022-06-06 10:58:26,https://en.prothomalo.com/bangladesh/accident/4-of-family-killed-in-sylhet-landslide,satjani village,sylhet,4,0,,landslide,Bangladesh,event,road accident
1202,BUET student killed as car hits motorcycle at checkpost in Purbachal,2024-12-20 17:07:20,https://en.prothomalo.com/bangladesh/local-news/tm5x902wod,"purbachal uposhohor area (neela market area, kuril-kanchan road) on purbachal 300 feet road",narayanganj,1,2,"car, motorcycle",car rammed into a motorcycle at a police checkpoint,Bangladesh,event,road accident
1203,Narayanganj cock-sheet stockpile catches fire,2022-01-12 14:33:04,https://en.prothomalo.com/bangladesh/accident/narayanganj-cock-sheet-stockpile-catches-fire,nitaiganj,narayanganj,0,0,fire fighter units,cock-sheet stockpile caught fire,Bangladesh,event,road accident
1206,Food blogger dies on duty at Chattogram port,2022-02-03 13:08:02,https://en.prothomalo.com/bangladesh/local-news/food-blogger-dies-on-duty-at-chattogram-port,chattogram port,chattogram,1,0,crane,hit by a crane,Bangladesh,event,road accident
1208,22-yr-old biker killed in Brahmanbaria road crash,2022-05-31 15:25:24,,nasirnagar upazila,brahmanbaria,1,1,bike,bike veered off the road and plunged into a roadside ditch,Bangladesh,event,road accident
1213,Elderly woman killed in Chandpur road crash,2022-03-18 21:55:37,https://en.prothomalo.com/bangladesh/accident/elderly-woman-killed-in-chandpur-road-crash,sengaon area of sadar upazila,chandpur,1,0,bus,bus ran over her,Bangladesh,event,road accident
1214,Two killed in Pabna road crash ,2021-12-13 16:34:15,,dashuria-muladuli highway,pabna,2,0,"truck, van",collision between truck and van,Bangladesh,event,road accident
1217,Two die in bus-auto collision in Cumilla,2022-01-06 12:17:28,,mohakhali regional highway,cumilla,2,2,bus and cng-run auto-rickshaw,head-on collision,Bangladesh,event,road accident
1218,Three bikers killed in separate road crashes in Manikganj,2022-07-11 23:16:02,https://en.prothomalo.com/bangladesh/accident/three-bikers-killed-in-separate-road-crashes-in-manikganj,arpara area on dhaka-paturia highway,manikganj,3,3,"motorcycle, truck",motorcycle crashed into a truck,Bangladesh,event,road accident
1219,Five killed in microbus-autorickshaw collision,2022-10-09 18:26:31,https://en.prothomalo.com/bangladesh/city/zsx4be9ft6,shimrail kanchpur bridge,narayanganj,5,0,"auto-rickshaw, micro bus",head-on collision,Bangladesh,event,road accident
1220,Many BNP leaders are secretly getting ready for polls: Quader,2023-04-11 12:34:48,https://en.prothomalo.com/bangladesh/vhgo9o6zzz,bangabandhu avenue in the capital,dhaka,0,0,,,Bangladesh,event,road accident
1222,Barishal trawler capsize toll rises to 5,2022-04-10 15:37:38,https://en.prothomalo.com/bangladesh/accident/barishal-trawler-capsize-toll-rises-to-5,gazaria river,barishal,5,0,trawler,trawler capsize,Bangladesh,event,road accident
1223,Bogura road crash leaves two dead,2022-04-10 14:48:02,https://en.prothomalo.com/bangladesh/accident/bogura-road-crash-leaves-two-dead,naogaon-bogura highway,bogura,2,0,"truck, motorbike",collision,Bangladesh,event,road accident
1226,Policymakers do not understand public transport woes: Road Safety Foundation,2024-11-02 17:59:21,https://en.prothomalo.com/bangladesh/e6rth8cs6o,road safety foundation office in the capital,dhaka,0,0,public transport and private vehicles,"lack of discipline and coordination in public transport sector, and unequal road space allocation",Bangladesh,event,road accident
1230,"Passenger pushed out of bus, crushed under wheels",2022-07-07 16:48:37,https://en.prothomalo.com/bangladesh/local-news/passenger-pushed-out-of-bus-crushed-under-wheels,shibbari area on joydebpur-chandana chowrasta highway,gazipur,1,0,bus,pushed out of the bus following an altercation with staff over the fare,Bangladesh,event,road accident
1231,Motorcyclist dies after being hit by truck in Dhaka’s Shahbagh,2022-02-17 09:39:42,https://en.prothomalo.com/bangladesh/accident/motorcyclist-dies-after-being-hit-by-truck-in-dhakas-shahbagh,abdul gani road in front of shikha bhaban,shahbagh,1,1,motorcycle and concrete mixer truck,hit by a concrete mixer truck,Bangladesh,event,road accident
1232,13 industrial police injured in road crash,2022-05-21 17:04:00,https://en.prothomalo.com/bangladesh/accident/13-industrial-police-injured-in-road-crash,sagorika area,chattogram,0,13,police van and bus,bus hit police van,Bangladesh,event,road accident
1234,Lorry overturns: Who is responsible for negligence in road repairs?,2024-04-04 13:45:53,,dhaka-aricha highway,,3,7,oil tank lorry,overturned oil tank lorry fire,Bangladesh,event,road accident
1238,Three killed in road crash in Bagerhat,2022-03-10 12:02:16,https://en.prothomalo.com/bangladesh/accident/three-killed-in-road-crash-in-bagerhat,bagerhat district,bagerhat,3,0,motorcycle,speeding bike crashed into an electric pole,Bangladesh,event,road accident