id,title,date,article_url,place_of_accident,district,number_of_deaths,number_of_injured,vehicle_type,cause_of_accident,country,report_type,type_of_accident
1239,"Driver of bus that killed 5 people held in Sirajganj

",2022-02-15 13:42:48,https://en.prothomalo.com/bangladesh/crime-and-law/driver-of-bus-that-killed-5-people-held-in-sirajganj,sherpur upazila,bagura,5,0,bus,hit and killed,Bangladesh,event,road accident
1240,Commuters bear the brunt as 48-hr transport strike in Ctg underway,2024-04-28 14:54:20,,port city,chattogram,0,0,"buses, minibuses, human haulers, autorickshaws, and other three-wheelers",transport strike,Bangladesh,event,road accident
1243,Road crash claims two siblings lives in Feni   ,2022-01-15 17:54:53,https://en.prothomalo.com/bangladesh/accident/road-crash-claims-two-siblings-lives-in-feni,dhaka-chattogram highway,debipur,2,2,private car,hit a roadside tree,Bangladesh,event,road accident
1245,30 hurt in Cumilla gas cylinder blast,2022-01-13 21:55:51,https://en.prothomalo.com/bangladesh/accident/30-hurt-in-cumilla-gas-cylinder-blast,biruli village,cumilla,0,30,,gas cylinder explosion,Bangladesh,event,road accident
1247,"Death toll rises to 10, rescue operation postponed ",2022-03-22 21:48:33,https://en.prothomalo.com/bangladesh/death-toll-rises-to-10-rescue-operation-postponed,shitalakkhya river,narayanganj,3,0,passenger launch,capsizing,Bangladesh,event,road accident
1250,Mother and children killed together,2024-03-01 12:08:08,https://en.prothomalo.com/bangladesh/city/0nx1vg7x0s,bailey road,dhaka,3,0,,fire,Bangladesh,event,road accident
1252,Dinajpur road crash leaves 2 dead,2022-03-20 12:28:38,https://en.prothomalo.com/bangladesh/accident/dinajpur-road-crash-leaves-2-dead,kaugaon on phulbari road,dinajpur,2,0,"motorcycle, truck",motorcycle crashed into a stationary truck,Bangladesh,event,road accident
1254,Bus-truck collision kills 2 in Rangpur,2022-03-18 13:22:25,https://en.prothomalo.com/bangladesh/accident/bus-truck-collision-kills-2-in-rangpur,dhaka-rangpur highway,rangpur,2,6,bus and a truck,head-on collision,Bangladesh,event,road accident
1256,3 of a family killed in Khulna road accident,2016-11-04 18:29:28,,kanthaltala on khulna-satkhira road,dumuria upazila of khulna,4,8,"truck, human hauler and battery-run auto-rickshaw",triangular collision,Bangladesh,event,road accident
1259,Road crash kills minor girl returning from Victory Day progs,2021-12-16 15:43:55,https://en.prothomalo.com/bangladesh/accident/road-crash-kills-minor-girl-returning-from-victory-day-progs,ghughuratoli area,chirirbandar upazila,1,0,tractor,hit by a tractor,Bangladesh,event,road accident
1260,Road crash kills two in Jashore,2022-03-12 11:46:04,https://en.prothomalo.com/bangladesh/accident/road-crash-kills-two-in-jashore,khedapara-tetulia road,jashore,2,1,bike,speeding,Bangladesh,event,road accident
1262,Two motorcyclists killed in Faridpur road crash ,2022-01-01 16:17:35,https://en.prothomalo.com/bangladesh/accident/two-motorcyclists-killed-in-faridpur-road-crash,dhaka-khulna highway in gajaria area,faridpur,2,0,"motorcycle, bus",hit by a bus,Bangladesh,event,road accident
1264,Road accident kills elderly man in C’nawabganj,2016-10-23 11:38:49,https://en.prothomalo.com/bangladesh/Road-accident-kills-elderly-man-in-C’nawabganj,bailtala,shibganj,1,6,"battery-run auto rickshaw, human hauler","collision, speeding",Bangladesh,event,road accident
1271,3 die as tractor plunges into ditch in Noakhali,2022-04-23 09:07:42,https://en.prothomalo.com/bangladesh/accident/3-die-as-tractor-plunges-into-ditch-in-noakhali,north bejugalia,noakhali,3,0,power tiller,plunged into a ditch,Bangladesh,event,road accident
1273,"17 prisoners, 2 cops injured as bus hits prison van in Keraniganj",2022-06-07 11:39:44,https://en.prothomalo.com/bangladesh/accident/17-prisoners-2-cops-injured-as-bus-hits-prison-van-in-keraniganj,rajendrapur on dhaka-mawa highway,dhaka,0,19,"bus, prison van",speeding bus lost control,Bangladesh,event,road accident
1274,Three of a family killed in road crash,2022-01-21 11:00:20,https://en.prothomalo.com/bangladesh/accident/three-of-a-family-killed-in-road-crash,matuail area of jatrabari,dhaka,3,2,"bus, auto-rickshaw",bus hit auto-rickshaw,Bangladesh,event,road accident
1277,"Four killed, many injured in massive explosion in Chattogram container depot",2022-06-05 03:08:52,https://en.prothomalo.com/bangladesh/accident/four-killed-many-injured-in-massive-explosion-in-chattogram-container-depot,sitakunda,chattogram,4,50,container depot,massive explosion,Bangladesh,event,road accident
1278,University student dies after bus hits private car,2022-07-15 19:38:37,https://en.prothomalo.com/bangladesh/wvwkb1u3on,madanpur,narayanganj,1,3,"car, bus",bus hitting a car,Bangladesh,event,road accident
1282,4 killed in Narsingdi road crash,2022-03-25 20:05:13,https://en.prothomalo.com/bangladesh/accident/4-killed-in-narsingdi-road-crash,raipura upazila,narsingdi,4,2,pickup van and cng-run auto-rickshaw,collision,Bangladesh,event,road accident
1283,"5 killed, 15 injured in Gopalganj, Gaibandha road crashes",2022-11-18 12:50:55,https://en.prothomalo.com/bangladesh/accident/0oe4y63q5y,gopinathpur area under sadar upazila,gopalganj,5,15,bus and truck,bus rammed into a sand-laded truck,Bangladesh,event,road accident
1286,Motorcyclist killed in Chattogram road crash,2021-12-26 12:25:48,,chattogram-cox's bazar highway,chattogram,1,0,"motorbike, covered van",covered van hit his motorbike,Bangladesh,event,road accident
1288,Three officials killed as BUET bus plunges into hillside ditch ,2022-05-26 17:40:24,https://en.prothomalo.com/bangladesh/accident/three-buet-officials-killed-as-buet-bus-plunges-into-ditch,jibonnagar area,bandarban,3,7,minibus,plunged into a hillside ditch,Bangladesh,event,road accident
1289,Khulna fuel traders call indefinite strike from 17 February,2022-02-06 13:19:25,https://en.prothomalo.com/bangladesh/local-news/khulna-fuel-traders-call-indefinite-strike-from-17-february,khulna division,15 districts of khulna division,0,0,tank-lorry,,Bangladesh,event,road accident
1291,Two killed in Bagerhat road crash,2022-05-25 15:11:16,https://en.prothomalo.com/bangladesh/accident/two-killed-in-bagerhat-road-crash,bagerhat-pirojpur hyighway near the shrimp research centre,pirojpur,2,1,tractor trolley and van,head-on collision,Bangladesh,event,road accident
1292,Inland waterway's masters were operating the  cargo  ,2022-03-21 17:58:32,https://en.prothomalo.com/bangladesh/inland-waterways-masters-were-operating-the-cargo,shitalakkhya river,narayanganj,8,0,launch and cargo vessel,collision between cargo vessel and launch,Bangladesh,event,road accident
1295,One killed in Bogura road crash,2022-04-09 17:18:37,https://en.prothomalo.com/bangladesh/accident/one-killed-in-bagura-road-crash,bogura-santahar road outside rahima filling station,kahalu,1,0,truck and bike,speeding truck rammed his bike,Bangladesh,event,road accident
1296,2 killed as speedboat hits trawler in Meghna river,2021-10-31 12:49:19,https://en.prothomalo.com/bangladesh/accident/2-killed-as-speedboat-hits-trawler-in-meghna-river,meghna river at marichakandi,bancharampur,2,0,speedboat and trawler,collision between speedboat and trawler,Bangladesh,event,road accident
1297,Two die as passenger bus overturns in Dhaka,2022-01-08 12:44:18,https://en.prothomalo.com/bangladesh/accident/two-die-as-passenger-bus-overturns-in-dhaka,gulistan area,dhaka,2,3,bus,driver lost control of the speeding bus,Bangladesh,event,road accident
1298,"Two drown, 3 missing as ferry sinks off Barishal coast

",2022-04-08 15:54:02,https://en.prothomalo.com/bangladesh/local-news/two-drown-3-missing-as-ferry-sinks-off-barishal-coast,gazaria river,mehendiganj,2,0,,ferry capsized,Bangladesh,event,road accident
1300,Road crash kills 2 primary teacher candidates in Chandpur road crash,2022-05-20 20:26:31,https://en.prothomalo.com/bangladesh/accident/road-crash-kills-2-primary-teacher-candidates-in-chandpur-road-crash,chandpur-cumilla regional road,chandpur,2,2,"cng-run auto rickshaw, truck",collision between auto rickshaw and truck,Bangladesh,event,road accident
1301,2 missing as trawler capsizes in Shitalakkhya,2021-11-04 08:54:18,https://en.prothomalo.com/bangladesh/accident/2-missing-as-trawler-capsizes-in-shitalakkhya,shitalakkhya river,rupganj,0,0,passenger trawler,capsized,Bangladesh,event,road accident
1303,"Dhaka courts: Over 1,500 BNP leaders, activists sentenced in 5 months",2023-12-27 08:26:58,https://en.prothomalo.com/bangladesh/city/qtggv7zogn,dhaka,dhaka,0,0,vehicles,vandalising vehicles,Bangladesh,event,road accident
1307,Woman dies after gas cylinder explodes in Keraniganj,2022-03-09 13:04:08,https://en.prothomalo.com/bangladesh/accident/woman-dies-after-gas-cylinder-explodes-in-keraniganj,chunkutia area of south keraniganj,dhaka,1,1,gas cylinder,gas cylinder explosion,Bangladesh,event,road accident
1311,Two killed in Barguna road crash,2022-03-07 13:09:06,https://en.prothomalo.com/bangladesh/accident/two-killed-in-barguna-road-crash,chunakhali culvert area on amtoli-patuakhali regional highway,barguna,2,0,pickup van,hit by pickup van,Bangladesh,event,road accident
1313,2 killed in Chattogram road crash,2021-10-21 17:02:52,https://en.prothomalo.com/bangladesh/accident/2-killed-in-chattogram-road-crash-4,outside chattogram university,hathazari,2,1,bus,knocked down,Bangladesh,event,road accident
1314,2 killed in Chattogram road crash,2021-10-21 17:02:52,https://en.prothomalo.com/bangladesh/accident/2-killed-in-chattogram-road-crash-2,chattogram university,chattogram,2,1,bus,,Bangladesh,event,road accident
1315,2 killed in Chattogram road crash,2021-10-21 17:02:52,https://en.prothomalo.com/bangladesh/2-killed-in-Chattogram-road-crash-2,outside chattogram university,hathazari,2,1,bus,knocked them down,Bangladesh,event,road accident
1316,Two motorcyclists killed in Jashore road crash,2022-03-06 10:26:56,https://en.prothomalo.com/bangladesh/accident/two-motorcyclists-killed-in-jashore-road-crash,shyamlagachhi area,jashore,2,2,motorcycle,head-on collision,Bangladesh,event,road accident
1317,Father-son killed in Khagrachhari road crash,2022-01-20 10:45:38,https://en.prothomalo.com/bangladesh/accident/father-son-killed-in-khagrachhari-road-crash,budong para,khagrachhari,2,2,cement-laden truck,lost control and crashed into a roadside hill,Bangladesh,event,road accident
1318,Four schoolteachers among five killed in Naogaon road crash,2022-06-24 12:13:59,https://en.prothomalo.com/bangladesh/accident/four-schoolteachers-among-five-killed-in-naogaon-road-crash,naogaon-rajshahi highway,naogaon,5,0,"truck, tractor, cng-run auto-rickshaw",collision,Bangladesh,event,road accident
1319,2 killed in Faridpur road accident,2016-10-12 11:34:45,https://en.prothomalo.com/bangladesh/2-killed-in-Faridpur-road-accident,dhaka-barisal highway in bhanga upazila,faridpur,2,2,"bus, human hauler (nosimon)",speeding bus hit human hauler,Bangladesh,event,road accident
1320,"Father, son killed in road crash",2022-03-05 13:23:45,https://en.prothomalo.com/bangladesh/accident/father-son-killed-in-road-crash-2,balakhal bazar,chandpur,2,0,pick-up van,hit by a pick-up van,Bangladesh,event,road accident
1321,"Father, son killed in road crash",2022-03-05 13:23:45,https://en.prothomalo.com/bangladesh/accident/father-son-killed-in-road-crash,chandpur-comilla regional highway at balakhal bazar,chandpur,2,0,pick-up van,hit by pick-up van,Bangladesh,event,road accident
1322,"Father, son killed in road crash",2022-03-05 13:23:45,https://en.prothomalo.com/bangladesh/Father-son-killed-in-road-crash,"balakhal bazar, chandpur-comilla regional highway","hajiganj, chandpur",2,0,pick-up van,collision with pick-up van,Bangladesh,event,road accident
1327,Two killed as bus overturned in Mirsharai of Chattogram ,2022-05-04 18:33:56,https://en.prothomalo.com/bangladesh/local-news/two-killed-as-bus-overturned-in-mirsharai-of-chattogram,boro darogarhat area of mirsharai,chattogram,2,1,passenger bus,overturned,Bangladesh,event,road accident
1328,"Head-on collision between car, truck leaves four dead

",2022-03-21 11:23:49,https://en.prothomalo.com/bangladesh/accident/head-on-collision-between-car-truck-leaves-four-dead,chattogram-cox’s bazar highway,lohagara,4,1,car and a truck,head-on collision,Bangladesh,event,road accident
1329,Students block Farmgate demanding justice over fellow’s death ,2022-09-12 14:32:42,https://en.prothomalo.com/bangladesh/city/gejwzpk0qy,farmgate intersection,dhaka,1,0,various vehicles,demanding safe roads after a fellow student's death in a road crash,Bangladesh,event,road accident
1331,Truck runs over RU student on campus,2022-02-02 10:32:11,https://en.prothomalo.com/bangladesh/accident/truck-runs-over-ru-student-on-campus,shaheed habibur rahman hall inside the campus,rajshahi,1,1,"motorcycle, truck",truck hit motorcycle,Bangladesh,event,road accident
1333,"Man killed in elephant attack in Chattogram

",2021-10-11 19:04:10,https://en.prothomalo.com/bangladesh/accident/man-killed-in-elephant-attack-in-chattogram,madhyam guapanchak village,anwara,1,0,,trampled by a wild elephant,Bangladesh,event,road accident
1334,2 killed in Munshiganj road accident,2016-10-18 09:20:09,https://en.prothomalo.com/bangladesh/2-killed-in-Munshiganj-road-accident,dhaka-chittagong highway at baushia pakhi point,comilla,2,1,"pick-up van, vehicle",pick-up van hit a vehicle,Bangladesh,event,road accident
1335,Unsafe Expressway: How many more lives must be lost to wake up the authorities,2024-12-29 15:34:08,https://en.prothomalo.com/opinion/editorial/wsmgsbspi6,dhaka-mawa expressway,,6,0,"microbus, private car, motorcycle, bus","bus hit stationary vehicles from behind, driver's expired license, bus lacked valid fitness certificate, negligence of authorities",Bangladesh,event,road accident
1339,2 killed in Barishal road crash,2022-03-15 08:52:34,https://en.prothomalo.com/bangladesh/accident/ujms38tw4n,hijla upazila,barishal,2,0,"three-wheeler, motorcycle",head-on collision,Bangladesh,event,road accident
1340,2 killed in Barishal road crash,2022-03-15 08:52:34,https://en.prothomalo.com/bangladesh/accident/2-killed-in-barishal-road-crash,hijla upazila,barishal,2,0,"three-wheeler, motorcycle",head-on collision,Bangladesh,event,road accident
1342,DMCH to probe ambulance accident: Director,2016-10-16 18:39:36,https://en.prothomalo.com/bangladesh/DMCH-to-probe-ambulance-accident-Director,dhaka medical college hospital entrance,dhaka,0,0,ambulance,,Bangladesh,event,road accident
1343,2 friends die as truck hits bike in Faridpur,2022-01-29 17:49:22,https://en.prothomalo.com/bangladesh/accident/2-friends-die-as-truck-hits-bike-in-faridpur-2,faridpur-barishal highway,bhanga upazila,2,0,"bike, truck",collision with a speeding truck,Bangladesh,event,road accident
1344,Five killed in Keraniganj road crash,2022-06-03 18:51:19,https://en.prothomalo.com/bangladesh/accident/five-killed-in-keraniganj-road-crash,teghoria,keraniganj,5,1,"cng-run auto-rickshaw, lorry",collision,Bangladesh,event,road accident
1347,Six killed as battery-run auto-rickshaw and car collides with truck,2022-06-01 11:40:44,https://en.prothomalo.com/bangladesh/accident/six-killed-as-battery-run-auto-rickshaw-and-car-collides-with-truck,"chandpur area, rajbari-kushtia regional highway",rajbari,6,0,"truck, auto-rickshaw, car",speeding truck collision,Bangladesh,event,road accident
1350,Two killed in Dinajpur road accident,2016-10-14 14:43:18,,nawabganj upazila,dinajpur,2,3,truck,driver lost control over the steering,Bangladesh,event,road accident
1351,Chandpur road crash leaves two dead,2021-11-21 12:53:34,,chandpur-cumilla local highway at khazuria,kachua,2,0,"truck, cng-run auto-rickshaw",truck rammed a cng-run auto-rickshaw,Bangladesh,event,road accident
1352,2 killed in Dhaka road crashes,2022-04-18 09:49:06,https://en.prothomalo.com/bangladesh/accident/2-killed-in-dhaka-road-crashes,jatrabari,dhaka,1,0,covered van,hit by a speeding covered van,Bangladesh,event,road accident
1354,Death toll in Barishal road crash rises to 11,2022-05-29 12:03:44,https://en.prothomalo.com/bangladesh/accident/death-toll-in-barishal-road-crash-rises-to-11,barishal-dhaka highway in wazirpur upazila,barishal,11,20,bus,driver lost control over the steering,Bangladesh,event,road accident
1355,Bailey bridge collapse snaps road link in Barishal,2021-09-15 13:57:42,https://en.prothomalo.com/bangladesh/local-news/bailey-bridge-collapse-snaps-road-link-in-barishal,babuganj upazila,barisal,0,0,truck,collapse of a bailey bridge,Bangladesh,event,road accident
1357,25-km tailback before Bangabandhu Bridge,2022-07-08 12:26:31,https://en.prothomalo.com/bangladesh/local-news/25-km-tailback-before-bangabandhu-bridge,bangabandhu bridge,tangail,0,0,,road accident and heavy traffic pressure,Bangladesh,event,road accident
1359,Death toll rises to five as girder removed from car,2022-08-15 20:20:49,https://en.prothomalo.com/bangladesh/accident/vq4i69spf8,uttara,dhaka,5,0,"car, brt girder",girder collapse,Bangladesh,event,road accident
1363,"2 dead, 4 injured in Brahmanbaria road crash",2022-01-13 14:59:30,https://en.prothomalo.com/bangladesh/accident/2-dead-4-injured-in-brahmanbaria-road-crash,cumilla-sylhet highway,brahmanbaria,2,4,"auto-rickshaw, truck","collision between auto-rickshaw and truck, causing the auto-rickshaw to veer off the road and plunge into a ditch.",Bangladesh,event,road accident
1364,Policeman killed in Kusthia road accident,2016-09-30 11:05:53,,shanidanga area,kusthia sadar,1,2,"truck, human hauler",truck hit a human hauler,Bangladesh,event,road accident
1367,"3 killed, 20 injured as 4 vehicles collide in Sylhet",2022-04-07 08:46:55,https://en.prothomalo.com/bangladesh/accident/3-killed-20-injured-as-4-vehicles-collide-in-sylhet,haripur bazar,sylhet,3,20,"motorcycle, bus, three-wheelers",collision,Bangladesh,event,road accident
1368,Sylhet road crash kills two tourists ,2021-12-17 20:31:21,,sylhet-tamabil highway at gucchagram area,gowainghat,2,0,"truck, motorcycle",truck hit their bike,Bangladesh,event,road accident
1369,Death toll rises to 7 in Dhaka warehouse blast,2022-08-10 12:52:55,https://en.prothomalo.com/bangladesh/accident/sdph9yz4hq,rajabari scrap godown,dhaka,7,1,,explosion,Bangladesh,event,road accident
1374,Quader asks authorities to make Eid journey smooth,2023-04-09 22:51:08,https://en.prothomalo.com/bangladesh/dywjvvejis,dhaka,dhaka,0,0,various vehicles,,Bangladesh,event,road accident
1376,Five wounded in gas pipeline explosion in Mohammadpur restaurant,2022-03-28 08:37:37,https://en.prothomalo.com/bangladesh/accident/five-wounded-in-gas-pipeline-explosion-in-mohammadpur-restaurant,mohammadpur shia masjid area,dhaka,0,5,,gas pipeline explosion,Bangladesh,event,road accident
1377,Prime minister denounces BNP as a terrorist party that kills people,2023-10-19 20:16:03,https://en.prothomalo.com/bangladesh/politics/j46vep85ud,"sarak bhabhan, tejgaon",39 districts,0,0,,,Bangladesh,event,road accident
1379,RAB nabs driver of pick-up van that killed 5 brothers,2022-02-12 14:18:02,https://en.prothomalo.com/bangladesh/local-news/rab-nabs-driver-of-pick-up-van-that-killed-5-brothers,cox's bazar-chattogram highway in chakaria upazila,cox's bazar,5,4,pick-up van,ploughed into a group of nine siblings,Bangladesh,event,road accident
1380,5 killed as bus collides with auto-rickshaw in Gazipur,2022-07-31 09:42:56,https://en.prothomalo.com/bangladesh/accident/h2dy68gkn6,makishbathan area,gazipur,5,0,bus and auto-rickshaw,head-on collision,Bangladesh,event,road accident
1382,7 killed as two buses collide head-on in Natore,2022-05-07 14:41:47,https://en.prothomalo.com/bangladesh/accident/at-least-6-killed-as-two-buses-collide-head-on-in-natore,mahishbhanga area on borpara-hatikumrul highway,natore,7,0,bus,head-on collision,Bangladesh,event,road accident
1383,Five killed in Mirsharai road accident,2016-09-24 13:42:26,https://en.prothomalo.com/bangladesh/Five-killed-in-Mirsharai-road-crash,mirsharai,chittagong,5,0,"covered van, bus",collision,Bangladesh,event,road accident
1387,"One killed, 7 injured in collision between bus, covered van

",2021-12-24 13:41:28,https://en.prothomalo.com/bangladesh/accident/one-killed-7-injured-in-collision-between-bus-covered-van,cumilla-noakhali regional highway in laksam upazila,cumilla,1,7,bus and covered van,head-on collision,Bangladesh,event,road accident
1389,2 killed in Gazipur road crash,2022-02-03 10:37:18,https://en.prothomalo.com/bangladesh/accident/2-killed-in-gazipur-road-crash,dhaka-tangail highway,gazipur,2,0,"minibus, three-wheeler",minibus hit a three-wheeler,Bangladesh,event,road accident
1390,2 killed in Gazipur road crash,2022-02-03 10:37:18,https://en.prothomalo.com/bangladesh/2-killed-in-Gazipur-road-crash-5,dhaka-tangail highway,gazipur,2,0,"minibus, three-wheeler",,Bangladesh,event,road accident
1391,2 killed in Gazipur road crash,2022-02-03 10:37:18,https://en.prothomalo.com/bangladesh/2-killed-in-Gazipur-road-crash-4,dhaka-tangail highway,gazipur,2,0,"minibus, three-wheeler",minibus hit a three-wheeler,Bangladesh,event,road accident
1392,2 killed in Gazipur road crash,2022-02-03 10:37:18,https://en.prothomalo.com/bangladesh/2-killed-in-Gazipur-road-crash-3,dhaka-tangail highway,gazipur,2,0,"minibus, three-wheeler",,Bangladesh,event,road accident
1393,2 killed in Gazipur road crash,2022-02-03 10:37:18,https://en.prothomalo.com/bangladesh/2-killed-in-Gazipur-road-crash,dhaka-tangail highway,gazipur,2,0,"minibus, three-wheeler",minibus hit a three-wheeler,Bangladesh,event,road accident
1399,9m Eid holidaymakers to leave Dhaka by road: SCRF,2023-06-14 19:03:50,https://en.prothomalo.com/bangladesh/city/j70jqotc07,"greater dhaka region including dhaka north, dhaka south, gazipur and narayanganj city corporation areas",dhaka,0,0,"road vehicles, water transport, railways",eid-ul-azha travel rush,Bangladesh,event,road accident
1400,"2 killed, 3 injured as truck overturns on Padma Bridge",2022-07-18 09:19:30,https://en.prothomalo.com/bangladesh/accident/g5do47n4o4,north viaduct of the padma bridge,,2,3,truck,overturned,Bangladesh,event,road accident
1403,Road crash kills two youths in Brahmanbaria  ,2022-04-26 17:06:01,https://en.prothomalo.com/bangladesh/accident/road-crash-kills-two-youths-in-brahmanbaria,rajamariakandi,brahmanbaria,2,1,road vehicle,road accident,Bangladesh,event,road accident
1406,4 including Atomic Energy Commission’s scientists killed in road crash,2022-06-05 16:44:25,https://en.prothomalo.com/bangladesh/accident/4-including-atomic-energy-commissions-scientists-killed-in-road-crash,dhaka-aricha highway in savar,savar,4,15,bus,,Bangladesh,event,road accident
1408,4 killed in Munshiganj road accident,2016-09-19 15:53:22,,nimtala area,munshiganj,4,35,two buses,head-on collision,Bangladesh,event,road accident
1409,Three members of a family killed in Savar road crash,2022-03-12 19:37:06,,dhamrai,dhaka,3,3,private car and cng-run auto rickshaw,collision,Bangladesh,event,road accident
1412,Two killed in road crash,2022-01-07 15:22:11,https://en.prothomalo.com/bangladesh/accident/two-killed-in-road-crash,jashore-khulna highway,abhaynagar,2,0,bus,speeding,Bangladesh,event,road accident
1413,Garbage truck kills Notre Dame College student  ,2021-11-24 16:08:06,https://en.prothomalo.com/bangladesh/accident/garbage-truck-kills-notre-dame-college-student,gulistan area,dhaka,1,0,garbage truck,hit by garbage truck,Bangladesh,event,road accident
1414,"2 killed, ex-army chief Aziz’s son injured",2021-11-24 11:35:47,https://en.prothomalo.com/bangladesh/accident/2-killed-ex-army-chief-azizs-son-injured,mahakhali flyover,dhaka,2,1,,,Bangladesh,event,road accident
1416,"Bodies of mother, daughter recovered, two still missing  ",2021-11-01 16:20:57,https://en.prothomalo.com/bangladesh/accident/bodies-of-mother-daughter-recovered-two-still-missing,buriganga river at hujurgat area of kamrangirchar,kamrangirchar,0,0,,collision with a bulkhead,Bangladesh,event,road accident
1418,Microbus-truck collision leaves 3 children dead,2021-11-22 12:29:00,https://en.prothomalo.com/bangladesh/accident/microbus-truck-collision-leaves-3-children-dead,sunamganj-sylhet road,sunamganj,3,8,"microbus, truck",collision,Bangladesh,event,road accident
1421,Road crash kills man ‘chased’ by villagers,2022-04-12 15:38:24,https://en.prothomalo.com/bangladesh/accident/road-crash-kills-man-chased-by-villagers,atwari upazila,panchagarh,1,0,,land dispute leading to a chase and crash,Bangladesh,event,road accident
1422,2 killed in Chapainawabganj road crash,2021-10-31 11:16:05,https://en.prothomalo.com/bangladesh/accident/2-killed-in-chapainawabganj-road-crash,rahanpur-adda road at bongpur,chapainawabganj,2,0,human hauler,overturned,Bangladesh,event,road accident
1427,"Tareque Masud, Mishuk Munier death: Compensation cases not resolved",2023-08-13 16:42:19,https://en.prothomalo.com/bangladesh/city/gvt0dnzmfm,,,2,0,,,Bangladesh,event,road accident
1428,"2 killed, 15 injured in bus-truck collision in Magura ",2021-10-29 20:55:54,https://en.prothomalo.com/bangladesh/accident/2-killed-15-injured-in-bus-truck-collision-in-magura,magura-jhenaidah highway,sadar upazila,2,15,bus and truck,head-on collision,Bangladesh,event,road accident
1430,"Lorry kills father and son, injures another son",2022-04-09 16:38:50,https://en.prothomalo.com/bangladesh/accident/lorry-kills-father-and-son-injures-another-son,"bandartila, chattogram city, in front of shah plaza",chattogram,2,1,"lorry, rickshaw",a lorry ran over a rickshaw.,Bangladesh,event,road accident
1431,Commuters in capital stuck in gridlocks,2022-05-19 12:22:06,https://en.prothomalo.com/bangladesh/city/commuters-in-capital-stuck-in-gridlocks,bijoy sarani,dhaka,0,0,"bus, van",head-on collision,Bangladesh,event,road accident
1432,Trade union possible with 20 workers,2025-08-27 15:26:56,https://en.prothomalo.com/business/local/r3npjj3u7p,dhaka,dhaka,0,0,,,Bangladesh,event,road accident
1434,"Two arrested on charge of torching, vandalising bus in Rampura",2021-12-05 08:59:35,,rampura area,dhaka,1,0,bus,student protests over a previous bus accident,Bangladesh,event,road accident
1436,"Father, son die as tractor rams into three-wheeler in Dinajpur
",2021-11-12 22:44:15,https://en.prothomalo.com/bangladesh/accident/father-son-die-as-tractor-rams-into-three-wheeler-in-dinajpur,gazipur union,nawabganj,2,0,"tractor-trolley, easy-bike",tractor-trolley rammed into an easy-bike,Bangladesh,event,road accident
1439,Ukhiya camp gas cylinder blast: 2 Rohingyas die at CMCH,2022-05-18 11:32:18,https://en.prothomalo.com/bangladesh/accident/ukhiya-camp-gas-cylinder-blast-2-rohingyas-die-at-cmch,ukhia camp,cox's bazar,2,0,gas cylinder,gas cylinder fire,Bangladesh,event,road accident
1441,Two killed in a road crash in Kushtia,2022-01-10 09:36:55,https://en.prothomalo.com/bangladesh/accident/two-killed-in-a-road-crash-in-kushtia,"daulatpur upazila, kushtia, near taragunia secondary school",kushtia,2,0,"truck, motorcycle",speeding truck hit motorcycle from behind,Bangladesh,event,road accident
1442,16 killed as speedboat collides with bulkhead ,2021-05-03 08:57:39,https://en.prothomalo.com/bangladesh/accident/16-killed-as-speedboat-collides-with-bulkhead,kathalbari ghat area near banglabazar ferry ghat,madaripur,16,0,speedboat and sand-laden bulkhead,head-on collision,Bangladesh,event,road accident
1443,Road crash kills three in Bagerhat,2022-01-09 11:43:41,https://en.prothomalo.com/bangladesh/accident/road-crash-kills-three-in-bagerhat,shyambagat,bagerhat,3,2,"truck, auto-rickshaw",truck hitting auto-rickshaw,Bangladesh,event,road accident
1444,"Over 200 shanties gutted in Gazipur fire
",2021-11-27 11:20:22,https://en.prothomalo.com/bangladesh/accident/over-200-shanties-gutted-in-gazipur-fire,slum along the dhaka-mymensingh highway,gazipur,0,0,,fire,Bangladesh,event,road accident
1445,Five including auto-rickshaw driver crushed under truck,2022-02-18 12:06:45,https://en.prothomalo.com/bangladesh/accident/five-including-auto-rickshaw-driver-crushed-under-truck,"cumilla-brahmanbaria regional highway in burichang upazila of cumilla, sindhuriapara tutbagan area of mainamati union",cumilla,5,2,"cng-run auto-rickshaw, drum truck",drum truck hit the auto-rickshaw,Bangladesh,event,road accident
1447,3 killed in autorickshaw-truck collision in Brahmanbaria,2021-12-17 12:50:19,https://en.prothomalo.com/bangladesh/accident/3-killed-in-auto-truck-collision-in-brahmanbaria,sarail upazila,brahmanbaria,3,2,"autorickshaw, truck",head-on collision,Bangladesh,event,road accident
1453,I survived for sitting in back seat: Hridoy ,2022-07-29 22:22:03,https://en.prothomalo.com/bangladesh/accident/jjvd18a2ch,chattogram medical college hospital,chattogram,0,1,,,Bangladesh,event,road accident
1459,Dope test for drivers to be made compulsory: Home minister ,2022-02-13 21:05:24,,secretariat,district,0,0,vehicle,,Bangladesh,event,road accident