id,title,date,article_url,place_of_accident,district,number_of_deaths,number_of_injured,vehicle_type,cause_of_accident,country,report_type,type_of_accident
1465,Road crash kills five in Rangpur,2022-05-05 12:22:52,https://en.prothomalo.com/bangladesh/accident/road-crash-kills-five-in-rangpur,"dhaka-rangpur highway, near sanetala bazar",rangpur,5,0,"microbus, three-wheeler",collision between microbus and three-wheeler,Bangladesh,event,road accident
1468,Four killed in road crash in Naogaon,2022-03-24 12:53:24,https://en.prothomalo.com/bangladesh/accident/four-killed-in-road-crash-in-naogaon,badalgachi-patnitala road,naogaon,4,15,bus and truck,truck driver failed to brake,Bangladesh,event,road accident
1469,17 die as lightning strikes bridal party in Chapainawabganj,2021-08-04 13:43:44,https://en.prothomalo.com/bangladesh/accident/16-die-as-lightning-strikes-bridal-party-boat-in-chapainawabganj,telikhari ghat of padma river,chapainawabganj,17,6,,lightning strike,Bangladesh,event,road accident
1474,‘Main perpetrator’ among 4 arrested over Rampur bus fire: RAB,2021-12-29 13:21:52,https://en.prothomalo.com/bangladesh/city/main-perpetrator-among-4-arrested-over-rampur-bus-fire-rab,rampur bridge,dhaka,1,0,bus,student death in a bus accident,Bangladesh,event,road accident
1478,"Launch capsizes in Shitalakkhya after being hit by cargo vessel, one dead ",2022-03-20 17:05:51,https://en.prothomalo.com/bangladesh/accident/launch-capsizes-in-shitalakkhya-after-being-hit-by-cargo-vessel-one-dead,shitalakkhya river,narayanganj,1,0,"launch, cargo vessel",collision between launch and cargo vessel,Bangladesh,event,road accident
1481,Something happened there: Home minister,2022-06-07 16:05:30,https://en.prothomalo.com/bangladesh/city/something-happened-there-home-minister,bm container depot,sitakunda,0,0,container,inferno,Bangladesh,event,road accident
1482,"18 trawlers sink in Bay, 3 fishermen go missing",2022-02-05 14:11:35,https://en.prothomalo.com/bangladesh/accident/18-trawlers-sink-in-bay-3-fishermen-go-missing,dublarchar of the sundarbans and in different parts of the bay of bengal,bagerhat and khulna,0,0,trawlers,storm,Bangladesh,event,road accident
1483,Family shocked at son's death during irregular migration without father's knowledge,2025-02-04 19:58:39,https://en.prothomalo.com/bangladesh/vnbd7qnwrp,mediterranean sea off the libyan coast,madaripur sadar upazila,23,0,,boat capsized,Bangladesh,event,road accident
1485,"While some find joy, many endure unbearable suffering",2024-01-03 16:41:19,https://en.prothomalo.com/opinion/op-ed/wlplulpg91,dhaka,dhaka metropolitan,0,0,,"fireworks, crackers, and sky lanterns ban violation leading to potential hazards",Bangladesh,event,road accident
1488,Construction worker dies from electrocution in city,2022-04-25 09:45:28,https://en.prothomalo.com/bangladesh/accident/construction-worker-dies-from-electrocution-in-city,natun bazar area,bhatara,1,0,,electrocution,Bangladesh,event,road accident
1489,Two killed in separate road crashes in Chuadanga,2022-07-10 23:28:51,https://en.prothomalo.com/bangladesh/accident/two-killed-in-separate-road-crashes-in-chuadanga,zafarpur bgb camp,chuadanga,1,0,unidentified vehicle,hit by a vehicle,Bangladesh,event,road accident
1491,Two students die in Sherpur road crash,2022-02-02 12:38:09,https://en.prothomalo.com/bangladesh/accident/two-students-die-in-sherpur-road-crash,sherpur,sherpur,2,13,vehicle,plunged into a roadside ditch,Bangladesh,event,road accident
1493,College students crushed to death under truck,2021-12-01 08:43:55,https://en.prothomalo.com/bangladesh/accident/college-students-crushed-to-death-under-truck,sherpur,bogura,2,0,"freight truck, motorcycle",truck ran over motorcycle,Bangladesh,event,road accident
1496,Road crash kills three including journalist in Cumilla,2022-07-09 17:04:25,https://en.prothomalo.com/bangladesh/accident/road-crash-kills-three-including-journalist-in-cumilla,dhaka-chattogram highway in cumilla,cumilla,3,0,bus and motorcycle,bus ran over a motorcycle,Bangladesh,event,road accident
1497,One held over attempt to kidnap journalist in Barishal,2022-05-30 11:58:34,https://en.prothomalo.com/bangladesh/crime-and-law/one-held-over-attempt-to-kidnap-journalist-in-barishal,shitla khola area,barishal,0,0,rickshaw,attempt of kidnapping,Bangladesh,event,road accident
1501,Project to stay halted unless public safety ensured: Mayor Atiqul,2022-08-16 15:35:09,https://en.prothomalo.com/bangladesh/uky3yq1cn8,dhaka city,dhaka,0,0,,lack of public safety measures in construction work,Bangladesh,event,road accident
1503,2 people killed in road crash in Chattogram,2021-11-26 08:47:46,https://en.prothomalo.com/bangladesh/accident/2-people-killed-in-road-crash-in-chattogram,chattogram-khagrachari road at hathazari upazila,hathazari,2,0,hanif paribahan bus,hit by bus,Bangladesh,event,road accident
1504,Policeman killed in Chattogram road crash  ,2021-08-11 22:29:47,https://en.prothomalo.com/bangladesh/accident/policeman-killed-in-chattogram-road-crash,sholoshohor mayorgoli area,chattogram,1,0,,road crash,Bangladesh,event,road accident
1505,Two killed in Naogaon road crash,2021-09-23 13:20:26,https://en.prothomalo.com/bangladesh/accident/two-die-in-naogaon-road-crash,naogaon-rajshahi highway near sreerampur,naogaon,2,0,motorbike and pickup van,head-on collision,Bangladesh,event,road accident
1513,Three farmers killed as truck overturns in Narsingdi,2022-06-30 12:02:47,https://en.prothomalo.com/bangladesh/accident/three-farmers-killed-as-truck-overturns-in-narshingdi,mahmudabad area of dhaka-sylhet highway in musapur union parishad,narsingdi,3,5,covered van,overturned after losing control,Bangladesh,event,road accident
1525,"Traffic pressure, no traffic jams during Eid journey: Obaidul Quader",2024-06-14 17:54:18,,dhanmondi,dhaka,0,0,"cars, trucks, motorcycles","eid travel pressure, random cattle markets, party vehicles carrying sacrificial animals",Bangladesh,event,road accident
1526,Hill cutting in Sylhet: How many more deaths before authorities wake up?,2024-06-13 19:02:48,,majortila chamelibag area,sylhet,3,0,,landslide,Bangladesh,event,road accident
1529,Speeding truck kills 7 co-workers on Sylhet trip,2023-08-25 13:05:01,,ghasirdia area of the dhaka-sylhet highway in shibpur upazila,narsingdi,7,4,"microbus, truck",head-on collision due to a speeding truck attempting to overtake another vehicle,Bangladesh,event,road accident
1532,HSC candidate killed in Chattogram road crash,2021-11-30 19:05:00,https://en.prothomalo.com/bangladesh/accident/now-hsc-candidate-killed-in-chattogram-road-crash,station road area of chattogram city,chattogram,1,0,"truck, motorcycle",truck hit a motorcycle,Bangladesh,event,road accident
1533,Helper of bus detained over SSC examinee's death in Rampura,2021-11-30 15:35:52,https://en.prothomalo.com/bangladesh/crime-and-law/helper-of-bus-detained-over-ssc-examinees-death-in-rampura,rampura bazaar,dhaka,1,0,bus,hit and run,Bangladesh,event,road accident
1534,"Five killed in Sylhet road crash

",2021-05-02 09:22:44,https://en.prothomalo.com/bangladesh/accident/five-killed-in-sylhet-road-crash,sylhet-tamabil highway in ferry ghat area,sylhet,5,0,"truck, auto-rickshaw",truck hitting auto-rickshaw,Bangladesh,event,road accident
1535,"Trawlers with 24 fishermen capsize in Bay, one dies",2021-09-28 19:02:48,https://en.prothomalo.com/bangladesh/accident/trawlers-with-24-fishermen-capsize-in-bay-one-dies,office kella off dublar char,bagerhat,1,23,fishing trawlers,capsized due to rough weather,Bangladesh,event,road accident
1536,DNCC driver arrested over death of Ahsan Kabir : RAB,2021-11-27 11:26:17,https://en.prothomalo.com/bangladesh/crime-and-law/dncc-driver-arrested-over-death-of-ahsan-kabir-rab,dhaka,dhaka,1,0,garbage disposal truck,vehicle accident leading to death,Bangladesh,event,road accident
1540,98 injured still groaning at hospitals,2022-06-10 13:26:08,https://en.prothomalo.com/bangladesh/local-news/98-injured-still-groaning-at-hospitals,bm container depot,"sitakunda, chattogram",0,1,,,Bangladesh,event,road accident
1544,Locals leave depot area fearing another explosion in Sitakunda,2022-06-06 12:10:55,https://en.prothomalo.com/bangladesh/local-news/locals-leave-depot-area-fearing-another-explosion-in-sitakunda,bm container depot area,narayanganj,0,0,container,explosion,Bangladesh,event,road accident
1545,Schoolgirl killed after truck hit motorbike: Police,2021-11-26 18:07:31,https://en.prothomalo.com/bangladesh/accident/schoolgirl-killed-after-truck-hit-motorbike-police,mirpur upazila,kushtia,1,0,"truck, motorbike",speeding truck crushed student after she fell off a motorbike,Bangladesh,event,road accident
1547,"1 killed, 2 injured in motorcycle collision in Chuadanga",2022-01-03 10:07:39,https://en.prothomalo.com/bangladesh/accident/1-killed-2-injured-in-motorcycle-collision-in-chuadanga,karpashdanga,damurhuda,1,2,motorcycle,head-on collision,Bangladesh,event,road accident
1548,Assistant driver arrested,2021-11-25 12:30:59,https://en.prothomalo.com/bangladesh/accident/assistant-driver-arrested,gulistan area,dhaka,1,0,dumpster carrier truck,ran over a student,Bangladesh,event,road accident
1549,Motorcyclist killed in Dhaka,2022-01-02 08:25:34,https://en.prothomalo.com/bangladesh/city/motorcyclist-killed-in-dhaka,technical intersection of darus salam,dhaka,1,0,"motorcycle, truck",hit by a truck,Bangladesh,event,road accident
1550,Road crash kills two SSC candidates,2021-11-24 12:49:21,https://en.prothomalo.com/bangladesh/accident/road-crash-kills-two-ssc-candidates,mahamaya area of chandpur sadar upazila,chandpur,3,0,bike,hit a tree and fell into a roadside ditch,Bangladesh,event,road accident
1555,2 children killed in Chattogram road crash,2021-10-10 15:05:34,https://en.prothomalo.com/bangladesh/accident/2-children-killed-in-chattogram-road-crash,dhaka-chittagong highway,chattogram,2,2,mini truck,hit them,Bangladesh,event,road accident
1556,Dhaka Nagar Paribahan to be launched on 3 more routes: Taposh ,2022-02-07 20:21:22,https://en.prothomalo.com/bangladesh/city/dhaka-nagar-paribahan-to-be-launched-on-3-more-routes-taposh,"nagar bhaban, buriganga hall",dhaka,0,0,bus,,Bangladesh,event,road accident
1557,2 die in Chattogram as bikes collide,2021-05-15 10:36:37,https://en.prothomalo.com/bangladesh/accident/2-die-in-chattogram-as-bikes-collide,rangunia,cattogram,2,0,"motorcycle, auto rickshaw",collision between bikes while overtaking an auto rickshaw,Bangladesh,event,road accident
1559,"Truck driver, helper killed in Naogaon road crash",2021-06-25 09:00:35,https://en.prothomalo.com/bangladesh/accident/truck-driver-helper-killed-in-naogaon-road-crash,satihat panchamitala,"manda upazila, naogaon",2,0,truck and bus,head-on collision,Bangladesh,event,road accident
1561,"'If everyone goes on holiday, who will do the work?'",2024-04-12 08:16:00,,bijoy sarani intersection,dhaka,0,0,,,Bangladesh,event,road accident
1564,Chattogram couple loses three daughters in 19 days,2023-07-13 14:01:37,,budel sebok colony residence,chattogram city,3,3,,burn injuries,Bangladesh,event,road accident
1567,"One killed, seven injured in Jhalakathi Oil tanker explosion

",2021-11-12 16:58:54,https://en.prothomalo.com/bangladesh/accident/one-killed-seven-injured-in-jhalakathi-oil-tanker-explosion,sugandha river,jhalakathi,1,7,oil tanker,oil tanker explosion,Bangladesh,event,road accident
1570,Teen killed as bike crashes into tree,2021-12-17 11:21:05,https://en.prothomalo.com/bangladesh/accident/teen-killed-as-bike-crashes-into-tree,badarpur area on the hajiganj-kachua-gouripur road,hajiganj upazila,1,2,bike,crashed into a tree,Bangladesh,event,road accident
1571,Biker killed on Dhaka-Barishal highway,2021-07-28 10:05:39,https://en.prothomalo.com/bangladesh/accident/biker-killed-on-dhaka-barishal-highway,khanjapur battala area of gournadi upazila on the dhaka-barishal highway,gournadi,1,0,motorcycle,road crash,Bangladesh,event,road accident
1574,"Five of a family, two others killed as truck hits bus in Trishal ",2021-10-16 18:01:02,https://en.prothomalo.com/bangladesh/accident/six-people-killed-as-a-truck-hits-a-stationary-bus-in-trishal,dhaka-mymensingh highway in trishal,mymensingh,7,0,"truck, bus",truck hit a bus from behind,Bangladesh,event,road accident
1575,Thakurgaon road crash kills 2,2021-09-05 11:34:59,https://en.prothomalo.com/bangladesh/accident/thakurgaon-road-crash-kills-2,bhulli-munshirhat bazar on thakurgaon-panchagarh road,thakurgaon,2,1,"truck, motorbike",truck hit motorbike,Bangladesh,event,road accident
1581,Couple electrocuted to death in Khulna,2021-09-02 17:08:31,https://en.prothomalo.com/bangladesh/accident/couple-electrocuted-to-death-in-khulna,south tutpara area of khulna city,khulna,2,0,,electrocution,Bangladesh,event,road accident
1582,Jobseeker killed in city road crash,2021-10-12 16:02:56,https://en.prothomalo.com/bangladesh/accident/jobseeker-killed-in-city-road-crash,airport road,kishoreganj,1,0,,,Bangladesh,event,road accident
1583,2 killed as bus overturns in Gazipur,2021-11-01 13:09:52,https://en.prothomalo.com/bangladesh/accident/2-killed-as-bus-overturns-in-gazipur,dhaka-mymensingh highway at membarbari,gazipur city,2,0,bus,overturned,Bangladesh,event,road accident
1584,Death toll from Rangpur road crash rises to eight,2022-09-05 13:34:58,,taraganj,rangpur,8,50,buses,head-on collision,Bangladesh,event,road accident
1586,"BIDA plans to inspect 10,000 more factories: Salman F Rahman",2023-02-02 11:42:38,,ministry of home affairs at the secretariat,dhaka,0,0,factory,lack of safety measures,Bangladesh,event,road accident
1587,2 children killed in Munshiganj road crash,2022-02-24 13:13:28,https://en.prothomalo.com/bangladesh/accident/2-children-killed-in-munshiganj-road-crash,munshiganj,munshiganj,2,0,,separate road crashes,Bangladesh,event,road accident
1588,Cumilla road crash kills 3,2021-09-18 14:38:40,https://en.prothomalo.com/bangladesh/accident/cumilla-road-crash-kills-3,dhaka-chattogram highway,cumilla,3,1,"passenger bus, car",bus crashed into car,Bangladesh,event,road accident
1589,Cumilla road crash kills 3,2021-09-18 14:38:40,https://en.prothomalo.com/bangladesh/Cumilla-road-crash-kills-3,dhaka-chattogram highway in cumilla,cumilla,3,1,"passenger bus, car",bus crashed into car,Bangladesh,event,road accident
1590,Students in the streets protest in the rain ,2021-12-06 16:54:24,https://en.prothomalo.com/bangladesh/city/students-in-the-streets-protest-in-the-rain,gulistan area,dhaka,1,0,garbage truck,hit while crossing a road,Bangladesh,event,road accident
1594,Five killed in head-on collision between two buses,2021-07-18 10:15:42,,dhaka-rangpur highway,rangpur,5,0,two buses,head-on collision,Bangladesh,event,road accident
1595,Students takes out symbolic coffin procession at Shahbagh ,2021-12-05 18:43:59,https://en.prothomalo.com/bangladesh/students-takes-out-symbolic-coffin-procession-at-shahbagh,shahbagh,dhaka,0,0,,,Bangladesh,event,road accident
1597,Law enforcers being used get ruling party’s interests: Rizvi,2023-07-02 22:41:49,,naya paltan central office,dhaka,35,0,,negligence of law enforcers,Bangladesh,event,road accident
1598,10 injured in Narayanganj gas cylinder blast,2022-02-20 20:23:09,https://en.prothomalo.com/bangladesh/accident/10-injured-in-narayanganj-gas-cylinder-blast,"aliganj, fotulla, narayanganj",narayanganj,0,10,vehicle (type not specified),gas cylinder explosion following cigarette fire during vehicle repair,Bangladesh,event,road accident
1601,One arrested over death of Chattogram physician,2022-02-18 11:13:54,https://en.prothomalo.com/bangladesh/accident/physician-killed-in-chattogram-road-crash,chattogram city,chattogram,1,0,"rickshaw, cng-run auto-rickshaw",hit by a cng-run auto-rickshaw,Bangladesh,event,road accident
1602,BUET designs new rickshaw to run on Dhaka streets,2025-04-29 13:08:25,https://en.prothomalo.com/bangladesh/city/70f4qp2uka,dhaka,dhaka,0,0,rickshaw,,Bangladesh,event,road accident
1605,Custodial death of Jesmin to have no impact on BD-US relations: Momen,2023-03-29 22:57:40,https://en.prothomalo.com/bangladesh/nhujpkrdae,rab custody,naogaon,1,0,,custodial death,Bangladesh,event,road accident
1606,4 bodies recovered after trawler capsizes in Bay,2021-01-23 19:36:29,https://en.prothomalo.com/bangladesh/accident/4-bodies-recovered-after-trawler-capsizes-in-bay,bay of bengal near st martin's island,teknaf,4,13,fishing trawler,capsized,Bangladesh,event,road accident
1618,"Mother, daughter killed in Magura road crash ",2021-09-27 15:40:56,https://en.prothomalo.com/bangladesh/accident/mother-daughter-killed-in-magura-road-crash,magura-shalikha road at junary,magura,2,2,truck and a three wheeler,collision,Bangladesh,event,road accident
1619,"Bus, auto-rickshaw collision kills 3 college students in Chandpur",2021-11-25 13:00:06,https://en.prothomalo.com/bangladesh/accident/bus-auto-collision-kills-3-college-students-in-chandpur,bishwa road area,chandpur,3,2,bus and auto-rickshaw,head-on collision,Bangladesh,event,road accident
1620,DSCC forms probe body over death of Notre Dame College student,2021-11-24 22:24:06,https://en.prothomalo.com/bangladesh/accident/dscc-forms-probe-body-over-death-of-notre-dame-college-student,gulistan,dhaka south city corporation,1,0,garbage truck,vehicle accident,Bangladesh,event,road accident
1622,Landslide at Rohingya camps kills six,2021-07-27 16:06:57,https://en.prothomalo.com/bangladesh/accident/six-killed-in-landslide-at-rohingya-camps-in-coxs-bazar,rohingya camps,cox's bazar,6,0,,landslide,Bangladesh,event,road accident
1623,Dhaka road crash kills food delivery person,2022-02-11 15:14:09,https://en.prothomalo.com/bangladesh/accident/dhaka-road-crash-kills-food-delivery-person,polashi,lakshmipur,1,0,mini covered-van,hit by a mini covered-van,Bangladesh,event,road accident
1625,BNP wants dead bodies to intensify movement: Quader,2022-10-22 22:50:45,https://en.prothomalo.com/bangladesh/politics/p40wz67v8m,osmani memorial auditorium,dhaka,0,0,,,Bangladesh,event,road accident
1627,Risky movement on dilapidated Jashore-Jhenaidah highway,2024-05-09 09:29:32,https://en.prothomalo.com/bangladesh/local-news/t6eztigzog,jashore-jhenaidah highway,jhenaidah,0,0,"heavy vehicles, buses","potholes, uneven road surface, melted bitumen due to heat",Bangladesh,event,road accident
1630,1 killed in Narayanganj road crash,2021-10-19 09:46:17,https://en.prothomalo.com/bangladesh/accident/1-killed-in-narayanganj-road-crash,bardi area,sonargaon,1,0,car,hit by a car,Bangladesh,event,road accident
1642,2 motorcyclists killed in Chattogram road crash,2021-06-21 12:06:26,,economic zone area,chattogram,2,1,motorcycle,,Bangladesh,event,road accident
1643,"CUET protest: Transport owners, workers and BRTA must wake up",2024-04-26 14:55:32,https://en.prothomalo.com/opinion/editorial/v5l6fowe15,chattogram-kaptai road in zianagar area near chittagong university of engineering and technology (cuet),chittagong,2,0,"motorcycle, bus",bus hit motorcycle,Bangladesh,event,road accident
1649,Death toll rises to 36 in Jhalakathi launch fire,2021-12-24 11:18:20,https://en.prothomalo.com/bangladesh/accident/death-toll-rises-to-36-in-jhalakathi-launch-fire,barguna,barisal,36,75,,fire,Bangladesh,event,road accident
1653,Constable on patrol at Dhaka SP residence shot dead ,2021-08-06 18:01:53,https://en.prothomalo.com/bangladesh/accident/constable-on-patrol-at-dhaka-sp-residence-shot-dead,bailey road,dhaka,1,0,,shooting,Bangladesh,event,road accident
1654,Two buses catch fire in Dhaka   ,2021-07-25 17:28:55,https://en.prothomalo.com/bangladesh/accident/two-buses-catch-fire-in-dhaka,"gopibagh area, motijheel",motijheel,0,0,bus,fire,Bangladesh,event,road accident
1655,"Five dead, two missing in Turag trawler capsize ",2021-10-09 19:06:02,https://en.prothomalo.com/bangladesh/accident/five-dead-two-missing-in-turag-trawler-capsize,river turag at amin bazar area in savar upazila,savar,5,0,trawler,capsized,Bangladesh,event,road accident
1656,"Trawler capsize in Turag river: Bodies of 2 children, woman recovered",2021-10-09 14:08:25,https://en.prothomalo.com/bangladesh/city/trawler-capsize-in-turag-river-bodies-of-2-children-woman-recovered,turag river at gabtoli,dhaka,3,0,passenger trawler,capsized,Bangladesh,event,road accident
1658,Three different bridges to be toll free on inauguration day,2022-06-20 11:09:57,https://en.prothomalo.com/bangladesh/three-different-bridges-to-be-toll-free-on-inauguration-day,dhaka-mawa highway,dhaka,0,0,bus,toll collection closure due to event,Bangladesh,event,road accident
1663,"Four killed in collision between covered van, auto-rickshaw",2022-03-02 12:18:36,,rampura area of ​​bijoynagar section of dhaka-sylhet highway,brahmanbaria,4,0,covered van and cng-run auto-rickshaw,head-on collision,Bangladesh,event,road accident
1664,Motorcycles can’t cross 30 km/h threshold in cities,2023-02-20 19:51:58,,dhaka and highways,dhaka,0,0,motorcycle and scooter,"high speed, use of sports bikes, lack of awareness",Bangladesh,policy proposal,road accident
1665,"One killed, 40 injured in road crash on Dhaka-Bogura highway",2021-12-18 12:23:30,,sherua battala area of shahbandegi union,bogura,1,40,passenger buses,collision between two passenger buses,Bangladesh,event,road accident
1666,Journalist killed as UNO’s SUV runs over his bike,2022-05-09 19:49:04,,ningoin area of singra upazila,natore,1,0,suv and motorbike,run over by a government vehicle,Bangladesh,event,road accident
1667,ICU facilities: When will the health ministry wake up?,2023-04-29 13:44:01,,"feni, chattogram and dhaka",feni,1,0,motorbike,head injuries from motorbike accident,Bangladesh,event,road accident
1672,2 police officers die as microbus overturns in Narayanganj,2022-01-18 08:38:15,https://en.prothomalo.com/bangladesh/accident/2-police-officers-die-as-microbus-overturns-in-narayanganj,sonargaon municipality,narayanganj,2,1,microbus,overturned and fell into a roadside pit,Bangladesh,event,road accident
1673,Six family members burnt in fire in Chattogram,2021-11-02 13:18:27,https://en.prothomalo.com/bangladesh/accident/six-family-members-burnt-in-fire-in-chattogram,kattoli area,chittagong,0,6,building,fire,Bangladesh,event,road accident
1674,Boy electrocuted while flying kite in Brahmanbaria,2021-04-16 22:04:09,,fulbaria,brahmanbaria,1,0,kite,electrocution from live wire while retrieving kite,Bangladesh,event,road accident
1675,Five killed as car plunges into pond,2022-02-23 09:32:21,https://en.prothomalo.com/bangladesh/accident/five-killed-as-car-plunges-into-pond,east norah village,chandpur,5,0,car,car fell into a pond,Bangladesh,event,road accident
1676,5 killed in Jhenidah road accident,2016-07-27 23:28:48,,katakhali,maheshpur,5,1,,,Bangladesh,event,road accident
1677,"Dhaka's Cumilla Patti catches fire

",2021-02-21 17:03:40,https://en.prothomalo.com/bangladesh/accident/dhakas-cumilla-patti-catches-fire,cumilla patti at maniknagar area of mugda,dhaka,0,0,tin-sheds,,Bangladesh,event,road accident
1682,Death toll rises to 26,2021-05-03 09:27:12,https://en.prothomalo.com/bangladesh/accident/death-toll-rises-to-25,kathalbari ghat area near banglabazar ferry ghat,madaripur,26,1,speedboat,head-on collision with a sand-laden bulkhead,Bangladesh,event,road accident
1683,Army person killed in Bogura road crash,2021-09-19 15:04:15,https://en.prothomalo.com/bangladesh/accident/army-person-killed-in-bogura-road-crash,shajahanpur,bogura,1,0,bus,hit by a bus,Bangladesh,event,road accident
1684,Ferry sinks in Padma river with 17 trucks,2021-10-27 12:33:25,https://en.prothomalo.com/bangladesh/accident/ferry-sinks-in-padma-with-17-trucks,"paturia ghat area, padma river",manikganj,0,0,ro ro ferry,sunk partially,Bangladesh,event,road accident
1685,"Accused driver in custody, police complete autopsy",2022-12-03 18:14:17,https://en.prothomalo.com/bangladesh/city/j0y4gyj0pb,dhaka university campus,dhaka,1,0,car,driver ran over a woman and dragged her,Bangladesh,event,road accident
1686,"BIWTC blames incompetence of master, steersman",2021-08-10 16:12:27,,padma bridge,,0,0,ro ro ferry,incompetence of the master and steersman,Bangladesh,event,road accident
1688,3 killed as bus hits bike in Barishal,2021-09-18 11:06:07,https://en.prothomalo.com/bangladesh/accident/3-killed-as-bus-hits-bike-in-barishal,shaheed abdur rab serniabat bridge,barishal,3,0,"bus, bike",speeding bus hit bike,Bangladesh,event,road accident
1689,"Four of a family electrocuted, killed ",2021-09-17 22:46:45,,shilmudi village,sonaimuri upazila,4,0,,electrocution,Bangladesh,event,road accident
1690,"2 killed in Bogura road crash

",2021-09-17 19:38:35,,jhopgari area on the dhaka-rangpur highway,bogura,2,4,bus and autorickshaw,head-on collision between bus and autorickshaw,Bangladesh,event,road accident
1691,Make waterways safe: GM Quader,2021-08-28 19:55:44,https://en.prothomalo.com/bangladesh/politics/make-waterways-safe-gm-quader,laiska beel,brahmanbaria,0,0,trawler,,Bangladesh,event,road accident
1692,3 killed in Satkhira road crash,2021-06-30 09:04:41,https://en.prothomalo.com/bangladesh/accident/3-killed-in-satkhira-road-crash,satkhira-kaliganj road at parulia area,debhata,3,0,,,Bangladesh,event,road accident
1693,"Youth killed in Naogaon road crash

",2021-05-20 08:48:05,https://en.prothomalo.com/bangladesh/accident/youth-killed-in-naogaon-road-crash,saraigachhi crossroad,naogaon,1,0,,,Bangladesh,event,road accident
1694,4 held over Narayanganj trawler capsize,2022-01-06 08:42:03,https://en.prothomalo.com/bangladesh/4-held-over-narayanganj-trawler-capsize,river dhaleshwari off the coast of narayanganj sadar upazila,narayanganj sadar,0,0,"launch, trawler",collision between launch and trawler,Bangladesh,event,road accident
1697,"1m motorbikes in Dhaka, with more new bikes taking to the roads than in the US ",2022-04-24 21:47:59,https://en.prothomalo.com/bangladesh/city/1m-motorbikes-in-dhaka-higher-than-in-the-entire-usa,dhaka,dhaka,0,0,motorbikes,increase in motorbikes,Bangladesh,event,road accident
1698,Fire breaks out at Singer Electronics’ warehouse in Savar ,2021-08-05 12:40:40,https://en.prothomalo.com/bangladesh/accident/fire-breaks-out-at-singer-electronics-warehouse-20-injured,singer electronics warehouse near rajphulbaria bus stand,savar,0,0,,fire,Bangladesh,event,road accident
1699,5 killed in road crashes in 4 districts,2022-07-04 22:23:47,https://en.prothomalo.com/bangladesh/accident/5-killed-in-road-crashes-in-4-districts,bijaynagar area of companiganj upazila,noakhali,2,2,"pickup van, auto rickshaw",collision,Bangladesh,event,road accident
1701,Four die as bus falls into ditch in Magura ,2021-09-12 19:43:49,https://en.prothomalo.com/bangladesh/accident/four-die-as-bus-falls-into-ditch-in-magura,near the dhaka-khulna highway in magura,magura,4,0,bus,fell into a ditch,Bangladesh,event,road accident
1703,Trader’s death in Gazipur: How many have to die in police custody?,2023-01-22 19:28:30,https://en.prothomalo.com/opinion/editorial/m04rsg9vqj,gazipur's bhogra bypass payarabagan area,gazipur,1,0,,"police custody death, covered up as road accident",Bangladesh,event,road accident
1705,5 killed in separate road crashes,2022-01-02 16:20:20,https://en.prothomalo.com/bangladesh/accident/5-killed-in-separate-road-crashes-3,kajirhat in muladi upazila,barishal,3,0,motorbike,crashing into a roadside tree,Bangladesh,event,road accident
1706,5 killed in separate road crashes,2022-01-02 16:20:20,https://en.prothomalo.com/bangladesh/5-killed-in-separate-road-crashes,kajirhat in muladi upazila,barishal,3,0,motorbike,motorbike hit a tree and overturned,Bangladesh,event,road accident
1707,5 killed in separate road crashes,2022-01-02 16:20:20,https://en.prothomalo.com/bangladesh/5-killed-in-separate-road-crashes-2,kajirhat in muladi upazila,barishal,3,0,motorbike,motorbike hit a tree and overturned,Bangladesh,event,road accident
1708,Notre Dame College student’s death: Truck driver put on 3-day remand,2021-11-25 20:15:26,https://en.prothomalo.com/bangladesh/crime-and-law/notre-dame-college-students-death-truck-driver-put-on-3-day-remand,dhaka,dhaka,1,0,garbage truck,,Bangladesh,event,road accident
1709,Truck-human hauler collision kills 5 in Sirajganj,2022-05-26 12:36:17,,goja bridge area on hatikumrul-bonpara highway,sirajganj,5,5,stone-laden truck and a human hauler,truck collided with a human hauler,Bangladesh,event,road accident
1710,Rana Plaza tragedy initiated struggle to improve workers’ rights: US ambassador,2023-04-13 17:02:07,https://en.prothomalo.com/bangladesh/y2pz41616m,rana plaza,savar,1100,0,building collapse,structural failure,Bangladesh,event,road accident
1715,3 killed in Gaibandha road crash,2021-07-30 21:40:05,https://en.prothomalo.com/bangladesh/accident/3-killed-in-gaibandha-road-crash,palashbari area,gaibandha,3,0,cng autorickshaw,,Bangladesh,event,road accident
1716,3 killed in Gaibandha road crash,2021-07-30 21:40:05,https://en.prothomalo.com/bangladesh/3-killed-in-Gaibandha-road-crash,palashbari area,gaibandha,3,0,cng autorickshaw,,Bangladesh,event,road accident