id,title,date,article_url,place_of_accident,district,number_of_deaths,number_of_injured,vehicle_type,cause_of_accident,country,report_type,type_of_accident
1724,"Four killed in Cumilla road crashes
",2021-07-13 22:31:25,https://en.prothomalo.com/bangladesh/accident/four-killed-in-cumilla-road-crashes,cumilla- sylhet regional highway,cumilla,4,0,"auto-rickshaw, truck",truck hitting auto-rickshaw from behind,Bangladesh,event,road accident
1725,"Woman loses son, daughter, son-in-law, granddaughter in road crash",2023-01-07 22:58:22,https://en.prothomalo.com/bangladesh/accident/tbr1hupq1r,dhaka-sylhet highway in noapara area,habiganj,5,0,,,Bangladesh,event,road accident
1726,DSCC garbage truck kills another person,2021-12-23 17:06:10,https://en.prothomalo.com/bangladesh/city/dscc-garbage-truck-kills-another-person,tikatuli,dhaka,1,0,garbage truck,hit by a garbage truck,Bangladesh,event,road accident
1727,Kurigram road crash leaves 3 dead,2021-09-05 17:03:57,https://en.prothomalo.com/bangladesh/accident/kurigram-road-crash-leaves-3-dead,near the kurarpar area on the north side of kurigram dharala bridge road,kurigram,3,3,auto-rickshaw and a tractor,collision,Bangladesh,event,road accident
1730,"Bodies of mother, daughter recovered in Turag trawler capsize

",2021-10-11 22:44:45,https://en.prothomalo.com/bangladesh/accident/bodies-of-mother-daughter-recovered-in-turag-trawler-capsize,turag river at aminbazar point,dhaka,2,0,trawler,capsized,Bangladesh,event,road accident
1731,"Teenager killed after human hauler overturns in Narail

",2021-05-14 19:49:52,https://en.prothomalo.com/bangladesh/accident/teenager-killed-after-human-hauler-overturns-in-narail,narail-kalia highway,narail,1,3,human hauler,overturned,Bangladesh,event,road accident
1733,Ruling party men obstacle to discipline in transport sector: RSF,2023-10-21 19:24:12,https://en.prothomalo.com/bangladesh/j62bawbtmt,dhanmondi,dhaka,0,0,transport sector,political interference and extortion,Bangladesh,event,road accident
1734,Lightning kills 3 fishermen in Shariatpur,2021-10-10 21:27:23,https://en.prothomalo.com/bangladesh/accident/lightning-kills-3-fishermen-in-shariatpur,padma river,shariatpur,3,0,,lightning strike,Bangladesh,event,road accident
1735,2 motorcyclists killed in Natore road crash,2021-04-24 11:03:57,https://en.prothomalo.com/bangladesh/accident/2-motorcyclists-killed-in-natore-road-crash,near old ferryghat,natore,2,1,truck and motorbike,truck hit a motorbike,Bangladesh,event,road accident
1743,Two workers killed as juice factory catches fire in Narayanganj,2021-07-08 21:43:59,,narayanganj,narayanganj,2,0,factory,fire,Bangladesh,event,road accident
1744,4 injured as girder of under-construction elevated expressway collapses,2021-03-14 13:49:52,,near hazrat shahjalal international airport,dhaka,0,4,girder of the under-construction elevated expressway,partial collapse of the girder,Bangladesh,event,road accident
1746,"Dhaka road crash kills mother, injures daughter

",2021-06-19 09:33:24,,"gulshan, in front of the suvastu nazar valley shopping mall",gulshan,1,1,bus,bus ran over them when they were crossing a road,Bangladesh,event,road accident
1747,"1 killed in road crash at city’s Nawabpur
",2021-10-08 09:02:26,,nawabpur road,old dhaka,1,1,pick-up van,hit a roadside tree,Bangladesh,event,road accident
1749,Case lodged against BRT contractor,2022-08-16 09:55:36,https://en.prothomalo.com/bangladesh/accident/2wdxrc8gwe,uttara,dhaka,5,0,private car,"girder of the project
under-construction flyover fell on a private car",Bangladesh,event,road accident
1750,1st JCC meeting for Dhaka road traffic safety project held,2022-03-31 17:30:13,https://en.prothomalo.com/bangladesh/1st-jcc-meeting-for-dhaka-road-traffic-safety-project-held,dhaka metropolitan area,dhaka,0,0,,,Bangladesh,event,road accident
1753,"'Perpetrator is AL leader, that is his source of power'",2022-06-06 21:32:56,https://en.prothomalo.com/bangladesh/city/perpetrator-is-al-leader-that-is-his-source-of-power,sitakunda's bm container depot,chattogram,0,0,container truck,"negligence of owners, possible violation of rules and regulations",Bangladesh,event,road accident
1754,Man killed in capital road crash,2021-07-04 14:05:09,,"padma diagnostic centre, kathalbagan area",dhaka,1,1,rickshaw-van,overturned,Bangladesh,event,road accident
1756,Chattogram container depot explosion: Death toll rises to 16,2022-06-05 08:56:59,https://en.prothomalo.com/bangladesh/accident/chattogram-container-depot-explosion-death-toll-rises-to-15,sitakunda container depot,chattogram,16,150,container,explosion,Bangladesh,event,road accident
1757,Trawler sinks in Bay: 13 Bhola fishermen go missing ,2021-12-06 21:07:45,https://en.prothomalo.com/bangladesh/local-news/trawler-sinks-in-bay-13-bhola-fishermen-go-missing,bay of bengal,charfesson upazila,13,0,"trawler, fishing ship",collision between trawler and fishing ship,Bangladesh,event,road accident
1759,Trader killed as truck overturns in Pabna,2021-09-23 14:52:50,https://en.prothomalo.com/bangladesh/accident/trader-killed-as-truck-overturns-in-pabna,kayemkhola,pabna,1,2,truck,overturned,Bangladesh,event,road accident
1760,BCL clashes: Why are CU authorities not taking any action ,2023-09-24 09:48:38,https://en.prothomalo.com/opinion/editorial/hndbgi1qsm,chattogram university,chattogram,0,0,,infighting between student political factions,Bangladesh,event,road accident
1761,Road crash kills 3 in Gaibandha ,2021-08-21 11:51:42,https://en.prothomalo.com/bangladesh/accident/road-crash-kills-3-in-gaibandha,dhaka-rangpur highway,gaibandha,3,0,"bus, bike",speeding bus hit their bike,Bangladesh,event,road accident
1762,Dhaka's Cumilla Patti's fire brought under control ,2021-02-21 17:56:41,https://en.prothomalo.com/bangladesh/accident/dhakas-cumilla-pattis-fire-brought-under-control,cumilla patti at maniknagar area,maniknagar,0,0,,fire,Bangladesh,event,road accident
1764,4 killed in Chittagong road accident,2016-07-22 16:23:54,https://en.prothomalo.com/bangladesh/4-killed-in-Chittagong-road-accident,chittagong-cox’s bazar highway in chunti area of lohagara upazila,lohagara,4,15,two buses,collision between two buses,Bangladesh,event,road accident
1767,BIWTA capable of salvaging MV Shah Amanat: Chairman,2021-10-30 10:33:05,https://en.prothomalo.com/bangladesh/accident/biwta-capable-of-salvaging-mv-shah-amanat-chairman,,,0,0,,,Bangladesh,event,road accident
1768,"Traffic inspector suspended, sergeant withdrawn in Fatikchhari",2022-02-10 22:48:48,https://en.prothomalo.com/bangladesh/local-news/traffic-inspector-suspended-sergeant-withdrawn-in-fatikchari,fatikchhari,chattagram,2,0,,escaping police chase,Bangladesh,event,road accident
1769,Will workers continue to die like this?,2023-05-07 18:19:08,,rahima industrial complex limited,rupganj,5,0,,"lack of safety regulations and equipment, furnace explosion",Bangladesh,event,road accident
1771,4 of a family burn in gas cylinder explosion,2021-04-16 15:47:54,https://en.prothomalo.com/bangladesh/accident/4-of-a-family-burn-in-gas-cylinder-explosion,kaloni village,bogura,0,4,gas cylinder,gas cylinder leakage and explosion,Bangladesh,event,road accident
1773,Two masons found dead in Chattogram,2021-05-24 17:21:06,https://en.prothomalo.com/bangladesh/accident/two-masons-found-dead-in-chattogram,west boroia godarpool,anwara,2,0,,"mystery, investigation launched",Bangladesh,event,road accident
1774,"Imam killed in Rajshahi road crash

",2021-02-02 08:37:39,https://en.prothomalo.com/bangladesh/accident/imam-killed-in-rajshahi-road-crash,shayergacha area,rajshahi,1,0,bus,crushed under the wheels of a bus while crossing a road,Bangladesh,event,road accident
1777,'I didn’t jump into the water to be praised' ,2023-06-26 09:14:02,,sandwip channel,sitakunda,0,0,lifeboat,fell into water due to tide,Bangladesh,event,road accident
1778,"Bangabandhu expressway has many safety lapses: ARI

",2023-04-16 16:57:32,,kutubpur area of madaripur’s shibchar upazila bangabandhu expressway (dhaka-bhanga highway),shibchar,19,0,,"safety lapses, lack of competent drivers, standard road safety devices, and undisciplined traffic operating conditions",Bangladesh,event,road accident
1780,Student deaths on road: When will the govt pay heed,2023-02-06 13:12:48,,sherpur-nalitabari road in nalitabari gollarpar area,sherpur,5,0,battery-operated autorickshaw,overturned,Bangladesh,event,road accident
1783,"Electrocution kills 3 in Kishoreganj

",2021-05-29 08:43:07,,"karsha karail union, kishoreganj sadar upazila",kishoreganj,3,0,bicycle,electrocution from live wire,Bangladesh,event,road accident
1787,Another cop dies from bullet 'triggered by own gun' at RAB headquarters  ,2021-09-13 22:26:56,https://en.prothomalo.com/bangladesh/accident/another-cop-dies-from-bullet-triggered-by-own-gun-at-rab-headquarters,main entrance of rapid action battalion (rab) headquarters,uttara,1,0,,bullet reportedly triggered by own gun,Bangladesh,event,road accident
1788,"Pabna road crash leaves 3 dead

",2021-04-19 10:36:37,https://en.prothomalo.com/bangladesh/accident/pabna-road-crash-leaves-3-dead,chargargari alhaz intersection,pabna,3,6,truck,driver lost control,Bangladesh,event,road accident
1790,Students’ demand for safe roads goes unheeded,2024-04-25 08:50:05,https://en.prothomalo.com/opinion/op-ed/2g9v2alyty,dhaka,dhaka,2,0,,road accidents and deaths have increased further due to mismanagement and chaos on the roads.,Bangladesh,event,road accident
1791,Death toll reaches 41,2021-12-26 08:58:56,https://en.prothomalo.com/bangladesh/accident/death-toll-reaches-41,sugandha river off the coast of jhalakathi sadar upazila,jhalakathi,41,0,,fire broke out from the engine room,Bangladesh,event,road accident
1793,Anything can happen with MP Harunur Rashid in JS lobby: Mashiur Rahman Ranga,2022-01-28 13:41:51,https://en.prothomalo.com/bangladesh/parliament/anything-can-happen-with-mp-harunur-rashid-in-js-lobby-mashiur-rahman-ranga,jatiya sangsad (parliament),dhaka,0,0,,political remarks,Bangladesh,event,road accident
1795,Savar fire yet to be doused in 5 hours,2021-08-05 16:41:54,https://en.prothomalo.com/bangladesh/local-news/savar-fire-yet-to-be-doused-in-5-hours,singer electronics warehouse near the dhaka-aricha highway in the rajphulbaria bus stand area,savar,0,0,,fire,Bangladesh,event,road accident
1797,"ASI killed in Cumilla road crash

",2021-08-03 21:21:44,https://en.prothomalo.com/bangladesh/accident/asi-killed-in-cumilla-road-crash,cumilla-sylhet highway,cumilla,1,0,motorcycle,collision between two motorcycles,Bangladesh,event,road accident
1799,"Coal-laden bulkhead sinks near Mongla port, five missing",2021-11-16 13:36:44,https://en.prothomalo.com/bangladesh/local-news/coal-laden-bulkhead-sinks-near-mongla-port-five-missing,poshur river near mongla port,bagerhat,0,0,"bulkhead ship, merchant vessel",collision between vessels,Bangladesh,event,road accident
1802,"Boat capsizes in Mediterranean, 9 of the missing from Narsingdi",2023-08-13 13:41:38,https://en.prothomalo.com/bangladesh/5uzy56v0w6,mediterranean sea,narsingdi,9,11,,boat capsized while crossing the mediterranean sea illegally,Bangladesh,event,road accident
1807,Separate incidents kill four in city,2021-11-12 16:14:53,https://en.prothomalo.com/bangladesh/city/separate-incidents-kill-four-in-city,namapara area in khilkhet,dhaka,4,0,,falling from under-construction building,Bangladesh,event,road accident
1811,2 killed in Chattogram road crash,2021-03-20 20:44:30,https://en.prothomalo.com/bangladesh/accident/2-killed-in-chattogram-road-crash-4,satkania,satkania,2,0,motorbike and microbus,crash,Bangladesh,event,road accident
1812,2 killed in Chattogram road crash,2021-03-20 20:44:30,https://en.prothomalo.com/bangladesh/accident/2-killed-in-chattogram-road-crash-2,satkania on chattogram-cox's bazar highway,satkania,2,0,motorbike and microbus,,Bangladesh,event,road accident
1813,2 killed in Chattogram road crash,2021-03-20 20:44:30,https://en.prothomalo.com/bangladesh/2-killed-in-Chattogram-road-crash-2,satkania,satkania,2,0,"motorbike, microbus",collision,Bangladesh,event,road accident
1814,"Teen killed in Gazipur road crash

",2021-06-03 15:35:04,https://en.prothomalo.com/bangladesh/accident/teen-killed-in-gazipur-road-crash,dhaka-mymensingh highway,gazipur,1,2,"pickup van, truck",crash between pickup van and truck,Bangladesh,event,road accident
1815,Freight vehicle catches fire on ferry,2021-04-08 12:27:11,https://en.prothomalo.com/bangladesh/accident/freight-vehicle-catches-fire-on-ferry,meghna river on the bhola-lakshmipur water route,bhola,0,0,"freight vehicle, ferry",fire,Bangladesh,event,road accident
1818,DU employee dies in road crash,2022-03-20 18:32:29,https://en.prothomalo.com/bangladesh/accident/du-employee-dies-in-road-crash,chanderchar area,shibchar,1,0,human hauler (nasiman),hit by a bamboo-laden vehicle,Bangladesh,event,road accident
1820,3 reasons behind insufferable traffic jam  in Dhaka during rain,2023-10-07 15:12:05,https://en.prothomalo.com/bangladesh/city/740hvx98xg,dhaka,dhaka,0,0,public transport,waterlogging and ditches on the road due to unplanned drainage system,Bangladesh,event,road accident
1821,"Truck, auto-rickshaw collision kills 6 in Bagerhat",2021-07-23 11:24:05,https://en.prothomalo.com/bangladesh/accident/truck-auto-rickshaw-collision-kills-6-in-bagerhat,bagerhat-mawa highway in bailtali area,bagerhat,6,1,truck and auto-rickshaw,head-on collision,Bangladesh,event,road accident
1822,Chattogram road crash kills 3  ,2021-02-05 14:30:57,https://en.prothomalo.com/bangladesh/accident/chattogram-road-crash-kills-3,"bakolia, chattogram city",chattogram,3,5,"truck, cng-run auto-rickshaw",head-on collision,Bangladesh,event,road accident
1826,Road crash leaves three dead in Sylhet,2021-05-03 17:46:42,https://en.prothomalo.com/bangladesh/accident/road-crash-leaves-three-dead-in-sylhet,darbast bazar in jaintapur upazila on sylhet-tamabil highway,sylhet,3,0,truck,driver lost control of the vehicle,Bangladesh,event,road accident
1827,Chattogram road crash kills 2,2021-03-24 15:58:32,https://en.prothomalo.com/bangladesh/accident/chattogram-road-crash-kills-2,bibirhat bazar,fatikchhari upazila,2,2,"cng-run auto-rickshaw, truck, human hauler",collision,Bangladesh,event,road accident
1828,Boy goes missing after falling into Ctg drain,2021-12-07 21:31:10,https://en.prothomalo.com/bangladesh/accident/boy-goes-missing-after-falling-into-ctg-drain,sholoshahar,chattogram,0,1,,falling into a roadside drain,Bangladesh,event,road accident
1829,Truck runs over two in Dhaka ,2021-07-16 11:58:27,https://en.prothomalo.com/bangladesh/accident/truck-runs-over-two-in-dhaka,gulistan,dhaka,2,0,truck,truck ran over pedestrians,Bangladesh,event,road accident
1830,Titas doesn’t want to take responsibility of blasts from leakages,2023-09-30 09:27:05,,araihazar upazila,narayanganj,0,0,gas pipeline,accumulated gas from pipeline leakage,Bangladesh,event,road accident
1832,What did the monitoring authority do,2023-03-06 20:03:30,https://en.prothomalo.com/opinion/editorial/wnx4ph9qjs,seema oxygen plant by the dhaka-chittagong highway in kadamrasul area,sitakunda,6,25,,gas explosion,Bangladesh,event,road accident
1834,2 killed as truck hits CNG-run auto-rickshaw,2021-06-12 10:23:01,https://en.prothomalo.com/bangladesh/accident/2-killed-as-truck-hits-cng-run-auto-rickshaw,netrokona-mohanganj road,netrokona,2,2,"truck, auto-rickshaw",truck hit auto-rickshaw,Bangladesh,event,road accident
1837,3 killed in Mymensingh road accident,2016-06-24 10:48:24,https://en.prothomalo.com/bangladesh/3-killed-in-Mymensingh-road-accident,kuripara,muktagachha,3,4,truck and cng-run auto rickshaw,head-on collision,Bangladesh,event,road accident
1838,3 killed in Mymensingh road accident,2016-06-24 10:48:24,https://en.prothomalo.com/bangladesh/3-killed-as-truck-hits-auto-rickshaw-in-M’singh,kuripara,muktagachha,3,4,truck and cng-run auto rickshaw,head-on collision,Bangladesh,event,road accident
1840,"'BIWTC did not take steps despite master's warning'

",2021-08-14 11:51:22,https://en.prothomalo.com/bangladesh/accident/biwtc-did-not-take-steps-despite-masters-warning,"padma river, pillar 10 of padma bridge",,0,0,,ferry hit pillar 10 of the under-construction padma bridge,Bangladesh,event,road accident
1852,Policeman apologises to demonstrating students at Farmgate,2021-11-25 19:42:00,https://en.prothomalo.com/bangladesh/city/policeman-apologises-to-demonstrating-students-at-farmgate,farmgate intersection,dhaka,0,0,car,protest and road blockage,Bangladesh,event,road accident
1853,"Father, daughter killed in Pabna road crash

",2021-04-02 14:39:31,https://en.prothomalo.com/bangladesh/accident/father-daughter-killed-in-pabna-road-crash,taribaria bazar area of pabna sadar upazila,pabna,2,1,bike and truck,truck hit their bike,Bangladesh,event,road accident
1855,"Man killed in Rangamati road crash

",2021-02-02 08:43:18,https://en.prothomalo.com/bangladesh/accident/man-killed-in-rangamati-road-crash,rangamati sadar,rangamati,1,0,"motorcycle, jeep",head-on collision,Bangladesh,event,road accident
1856,Death toll climbs to 44 in launch inferno ,2021-12-28 15:44:05,https://en.prothomalo.com/bangladesh/accident/death-toll-climbs-to-44-in-launch-inferno,sugandha river adjacent to jhalakathi launch terminal,jhalakathi,44,0,,deadly launch fire,Bangladesh,event,road accident
1859,"Killer Bus was unfit, without route permit",2022-06-06 20:38:05,https://en.prothomalo.com/bangladesh/accident/killer-bus-was-unfit-without-route-permit,dhaka-aricha highway,savar,4,20,bus,"operating without route permit, fitness certificate and paying taxes",Bangladesh,event,road accident
1861,Maisha’s death: NSU students stage demo,2022-04-02 19:34:46,https://en.prothomalo.com/bangladesh/accident/maishas-death-nsu-students-stage-demo,khilkhet flyover,dhaka,1,0,covered van,crushed to death by a covered van,Bangladesh,event,road accident
1863,"1,100 children killed on roads in 2023: Road Safety Foundation",2024-01-27 10:57:14,https://en.prothomalo.com/bangladesh/accident/fb1tip4hiv,tarakandi village,dhunat upazila,1,0,three-wheeler,run over by a paddy-laden three-wheeler while playing,Bangladesh,event,road accident
1870,2 killed in Sitakunda road crashes,2021-06-28 09:00:21,https://en.prothomalo.com/bangladesh/accident/2-killed-in-sitakunda-road-crashes-2,sitakunda,chattogram,2,0,motorcycle,separate road accidents,Bangladesh,event,road accident
1871,Road crash claims two lives in Brahmanbaria ,2021-05-21 19:00:26,,dhaka-sylhet highway in budhanti union of bijoynagar upazila,bijoynagar,2,3,microbus and pickup van,head-on collision,Bangladesh,event,road accident
1872,Garbage truck kills city cleaner in Dhaka,2022-01-23 14:42:07,https://en.prothomalo.com/bangladesh/accident/garbage-truck-kills-city-cleaner-in-dhaka,mohakhali,dhaka,1,0,refuse collection vehicle (rcv),ran over,Bangladesh,event,road accident
1873,Two Ansar men killed in Jashore road crash,2021-06-25 22:01:00,,abhaynagar upazila,jashore,2,0,"motorcycle, truck",motorcycle hit a stationed truck,Bangladesh,event,road accident
1876,3 killed in Jhenaidah road crash,2021-04-28 20:49:43,,jhenaidah-kushtia highway,jhenaidah,3,4,,,Bangladesh,event,road accident
1878,"Mother, daughter killed in road accident",2016-06-15 22:20:02,https://en.prothomalo.com/bangladesh/Mother-daughter-killed-in-road-accident-2,kanchpur crossing,narayanganj,2,0,tank lorry,ran over them,Bangladesh,event,road accident
1879,"Mother, daughter killed in road accident",2016-06-15 22:20:02,https://en.prothomalo.com/bangladesh/Mother-daughter-killed-in-road-accident,kanchpur crossing,narsingdi,2,0,tank lorry,ran over,Bangladesh,event,road accident
1883,3 die as truck hits bike in Brahmanbaria,2021-02-19 16:03:09,,paniarup area of kashba upazila,brahmanbaria,3,0,truck and bike,speeding truck hit the bike,Bangladesh,event,road accident
1886,Gutsy woman in Uttara and the government's Operation Devil Hunt,2025-02-20 16:18:43,,uttara,dhaka,0,2,"motorbike, rickshaw","motorbike ramming into a rickshaw, followed by assault",Bangladesh,event,road accident
1890,"PM Hasina opens underpass near Ramiz Uddin College, 3 other projects",2022-01-12 12:21:27,https://en.prothomalo.com/bangladesh/government/pm-hasina-opens-underpass-near-ramiz-uddin-college-3-other-projects,dhaka airport road,dhaka,0,0,,,Bangladesh,event,road accident
1893,Driver Raju was carrying 13.5 tons on 7-ton truck,2022-07-19 18:42:31,https://en.prothomalo.com/bangladesh/crime-and-law/k5nzfxk2st,trishal,mymensingh,3,0,truck,overloaded truck lost balance and drove into pedestrians,Bangladesh,event,road accident
1895,Two workers die from electrocution in Dhaka ,2021-07-26 21:29:47,https://en.prothomalo.com/bangladesh/accident/two-workers-die-from-electrocution-in-dhaka,munshikhola kutubpur area,kadamtali,1,0,factory motor,electrocution,Bangladesh,event,road accident
1898,Padma Bridge loan repayment starts with Tk 3.17b given to govt,2023-04-05 19:40:36,https://en.prothomalo.com/bangladesh/xob1nb1jx7,ganabhaban,dhaka,0,0,,,Bangladesh,event,road accident
1902,6 killed as truck hits stationed bus in Tangail,2020-12-04 10:12:15,https://en.prothomalo.com/bangladesh/accident/6-killed-as-truck-hits-stationed-bus-in-tangail,dhaka-tangail highway in mirzapur,tangail,6,0,truck and bus,truck hit a stationed bus from behind,Bangladesh,event,road accident
1903,Three die as baily bridge collapses in Rangamati,2021-01-12 11:03:35,https://en.prothomalo.com/bangladesh/accident/three-die-as-baily-bridge-collapses-in-rangamati,naniarchar and sadar upazila,rangamati,3,0,truck,baily bridge collapsed,Bangladesh,event,road accident
1904,Four killed in separate road crashes in Dinajpur and Magura,2022-05-16 14:56:51,https://en.prothomalo.com/bangladesh/accident/three-killed-in-dinajpur-road-crash,mangalpur area,dinajpur,3,0,"truck, motorbike",truck hit motorbike,Bangladesh,event,road accident
1907,Two electrocuted on waterlogged Dhaka road,2021-06-01 22:20:03,https://en.prothomalo.com/bangladesh/accident/two-electrocuted-on-waterlogged-dhaka-road,road no-21 of uttara sector-10,dhaka,2,0,,electrocution due to waterlogging,Bangladesh,event,road accident
1908,3 children killed under mud pile,2021-03-20 11:15:40,https://en.prothomalo.com/bangladesh/local-news/3-children-killed-under-mud-pile,kishamat village,gaibandha,3,0,,collapse of piled soil,Bangladesh,event,road accident
1910,"Rajshahi road crash leaves 2 dead

",2021-04-05 12:20:55,https://en.prothomalo.com/bangladesh/accident/rajshahi-road-crash-leaves-2-dead,rajshahi-dhaka highway at jewpara borosenbagh,rajshahi district,2,0,truck and van,truck hit a van,Bangladesh,event,road accident
1915,"Bus-truck collision leaves one dead, 7 injured in Sylhet

",2021-03-16 15:22:00,https://en.prothomalo.com/bangladesh/accident/bus-truck-collision-leaves-one-dead-7-injured-in-sylhet,osmaninagar upazila,sylhet,1,7,bus and truck,collision between a bus and a truck,Bangladesh,event,road accident
1921,"Explosion at Siddique Bazar: Factory, market, residence everything unsafe",2023-03-09 16:44:58,https://en.prothomalo.com/opinion/editorial/nb3sz0zwb0,siddique bazar near gulistan,dhaka,21,100,,explosion at a building,Bangladesh,event,road accident
1930,ASI killed in Bhola road crash,2021-05-02 20:39:28,,kunjerhat area,"borhanuddin upazila, bhola",1,0,motorcycle,investigation of a complaint,Bangladesh,event,road accident
1933,"Three killed in Faridpur road crash

",2021-01-20 15:07:35,https://en.prothomalo.com/bangladesh/accident/three-killed-in-faridpur-road-crash,dhaka-khulna highway in bhanga upazila,faridpur,3,25,passenger bus,lost control and overturned,Bangladesh,event,road accident
1935,No one kept scissors inside Monira's stomach during surgery: report ,2021-12-21 16:19:51,https://en.prothomalo.com/bangladesh/local-news/no-one-kept-scissors-inside-moniras-stomach-during-surgery-report,bangabandhu sheikh mujib medical college and hospital,faridpur,0,0,,medical negligence,Bangladesh,event,road accident
1936,Child killed in Satkhira road crash,2021-05-10 10:17:34,https://en.prothomalo.com/bangladesh/accident/child-killed-in-satkhira-road-crash,"joliler mor area, burigoalini union",shyamnagar,1,0,motor run van,hit by motor run van while playing,Bangladesh,event,road accident
1937,Road crash kills three in Bhola,2021-05-27 22:07:15,https://en.prothomalo.com/bangladesh/accident/road-crash-kills-three-in-bhola,ginger haat area on the bhola-charfashion road,bhola,3,5,passenger bus and auto-rickshaw,head-on collision,Bangladesh,event,road accident
1938,"Bus races, where lives are lost",2024-10-13 16:47:59,https://en.prothomalo.com/opinion/op-ed/5l1t0dtpg7,pragati sarani,dhaka,1,1,public bus,recklessness and racing between buses,Bangladesh,event,road accident
1940,"Extra caution required on roads,  waterways",2023-06-25 15:33:49,https://en.prothomalo.com/opinion/editorial/2je52nw4sq,"dhaka, narayanganj, gazipur, chattogram",home districts,0,0,,increased travel during eid,Bangladesh,event,road accident
1942,Ten people put on remand,2022-08-19 21:46:31,https://en.prothomalo.com/bangladesh/city/b5q3qhlc5f,"uttara, dhaka",dhaka,5,0,"private car, girder",girder of brt project fell on a private car,Bangladesh,event,road accident
1952,Three injured after being hit by girder of under-construction bridge,2021-06-26 15:49:12,https://en.prothomalo.com/bangladesh/local-news/three-injured-after-being-hit-by-girder-of-under-construction-bridge,patiya upazila over the sikalbaha canal,chattogram,0,3,girder of an under-construction bridge,girder falling,Bangladesh,event,road accident
1955,"2 killed, 10 injured in Satkhira road crash",2021-04-17 18:55:05,,subhashini area of tala upazila,satkhira,2,10,pick-up van,head-on collision,Bangladesh,event,road accident
1956,"Owners ignore regulations, RAJUK is an infirm institution",2024-03-03 13:48:17,https://en.prothomalo.com/opinion/interview/3zl8ryqdqt,bailey road,dhaka,46,0,building,fire,Bangladesh,event,road accident
1959,Two die as tractor overturns in Panchagarh,2021-03-12 14:03:20,,kamlapur area,panchagarh sadar,2,1,tractor,overturned,Bangladesh,event,road accident
1962,Ferry master arrested for colliding with Padma bridge pillar ,2021-07-24 17:03:27,https://en.prothomalo.com/bangladesh/accident/ferry-master-arrested-for-colliding-with-padma-bridge-pillar,padma bridge,shibchar,0,0,ro-ro ferry,collision with a pillar of the under-construction padma bridge,Bangladesh,event,road accident
1963,Buses torched in Rampura after SSC examinee run over,2021-11-30 10:03:45,https://en.prothomalo.com/bangladesh/accident/buses-torched-in-rampura-after-ssc-examinee-run-over,rampura bazar area near better life hospital,dhaka,1,0,bus,run over,Bangladesh,event,road accident
1964,"3 luxury launches fined Tk 85,000 in Barishal",2021-12-31 09:34:23,https://en.prothomalo.com/bangladesh/3-luxury-launches-fined-tk-85000-in-barishal,barishal river port,barishal,0,0,,failure to have required safety equipment in engine rooms and not following rules for safe journey,Bangladesh,event,road accident
1967,"3 dead in Chapainawabganj road crash

",2021-05-15 14:36:41,https://en.prothomalo.com/bangladesh/accident/3-dead-in-chapainawabganj-road-crash,dhansuramor,chapainawabganj,3,7,truck and electric rickshaw,head-on collision,Bangladesh,event,road accident
1968,"1 killed in Sylhet road crash

",2021-04-28 08:22:53,,sylhet-zakiganj road in chowghari area,golapganj,1,0,"truck, auto-rickshaw",collision between truck and auto-rickshaw,Bangladesh,event,road accident
1971,"‘Enforcement of law, awareness needed to ensure motorbike riders wear standard helmets’",2023-05-21 20:19:06,https://en.prothomalo.com/bangladesh/c4j0a91glh,dhaka city,dhaka,0,0,motorcycle,use of substandard helmets,Bangladesh,event,road accident
1972,Notre Dame College student’s death: DSCC driver arrested,2021-11-26 18:45:50,https://en.prothomalo.com/bangladesh/crime-and-law/notre-dame-college-students-death-dscc-driver-arrested,"jatrabari area, dhaka",dhaka,1,0,garbage truck,"not specified, but related to the death of a student",Bangladesh,event,road accident
1981,Sirajganj road crash kills 3 auto-rickshaw passengers,2021-03-19 12:51:17,https://en.prothomalo.com/bangladesh/accident/sirajganj-road-crash-kills-3-auto-rickshaw-passengers,bogura-nagarbari road in dwariapur area,sirajganj,3,0,truck and auto-rickshaw,truck hit the cng-run auto-rickshaw,Bangladesh,event,road accident
1983,Fraudulence to get July Foundation donation,2025-03-12 21:52:08,,keraniganj,dhaka,0,2,,forgery of medical documents for government donation,Bangladesh,event,road accident
1985,"Driver detained, 8 deceased identified",2021-05-03 17:14:32,,kathalbari ghat,shibchar,26,1,speedboat and bulk carrier,collision between speedboat and bulk carrier,Bangladesh,event,road accident
1986,Teenager killed by fellow teen workers for alleged theft,2021-10-19 10:14:18,https://en.prothomalo.com/bangladesh/crime-and-law/teenager-killed-by-fellow-teen-workers-for-alleged-theft,savar,dhaka,1,0,bus,assaulted by fellow workers,Bangladesh,event,road accident