id,title,date,article_url,place_of_accident,district,number_of_deaths,number_of_injured,vehicle_type,cause_of_accident,country,report_type,type_of_accident
1988,Lightning causes 3 deaths in Dhaka,2021-06-05 19:53:30,,malibagh,dhaka,3,0,,,Bangladesh,event,road accident
1993,Death toll in Shitalakkhya launch capsize rises to six,2022-03-20 22:59:44,https://en.prothomalo.com/bangladesh/accident/death-toll-in-shitalakkhya-launch-capsize-rises-to-six,shitalakkhya river,narayanganj,6,0,launch and cargo vessel,collision between launch and cargo vessel,Bangladesh,event,road accident
1994,Three killed in Faridpur road crash,2021-03-04 09:28:17,https://en.prothomalo.com/bangladesh/accident/three-killed-in-faridpur-road-crash-2,dhaka-khulna highway at kalai intersection of bhanga upazila,faridpur,3,1,bus and microbus,bus hit a microbus,Bangladesh,event,road accident
2000,"Dense fog disrupts ferry services on Paturia-Daulatdia route

",2021-01-22 10:53:57,,paturia-daulatdia route,aricha sector,0,0,,poor visibility,Bangladesh,event,road accident
2003,"Man killed in city road crash

",2021-02-08 22:47:12,,airport area of dhaka-mymensingh highway,dhaka,1,1,motorcycle,lost control over motorcycle,Bangladesh,event,road accident
2007,Students take to the streets again in Rampura,2021-12-03 13:56:03,https://en.prothomalo.com/bangladesh/city/students-take-to-the-streets-against-in-rampura,rampura bridge,dhaka,0,0,,road safety protest,Bangladesh,event,road accident
2009,Two polling officers die in Thakurgaon road accident,2016-05-28 11:55:07,https://en.prothomalo.com/bangladesh/Two-polling-officers-die-in-Thakurgaon-road,thakurgaon sadar upazila,thakurgaon,2,0,"bus, motorcycle",bus rammed motorcycle,Bangladesh,event,road accident
2010,None liable for failure and public sufferings!,2022-10-30 16:36:30,https://en.prothomalo.com/opinion/editorial/h0h3yeojq6,hazrat shahjalal international airport to joydevpur in gazipur,gazipur,0,0,bus rapid transit (brt),"project delays and cost overruns, not a specific accident",Bangladesh,event,road accident
2011,"Husband, wife among three killed in road crash",2021-05-20 13:10:14,https://en.prothomalo.com/bangladesh/accident/husband-wife-among-three-killed-in-road-crash,dhaka-sylhet highway in bijaynagar upazila,brahmanbaria,3,4,"private car, parked truck",driver lost control of the speeding vehicle and hit a parked truck,Bangladesh,event,road accident
2014,"Two killed in separate road crashes in Lakshmipur

",2021-02-01 08:50:07,https://en.prothomalo.com/bangladesh/accident/two-killed-in-separate-road-crashes-in-lakshmipur,lakshmipur-dhaka highway and chandpur road in raipur,lakshmipur,2,5,"pickup van, bicycle, truck, cng-run auto-rickshaw",collision between vehicles,Bangladesh,event,road accident
2015,Dhaka gas pipeline explosion burns seven,2021-08-26 10:41:05,https://en.prothomalo.com/bangladesh/accident/dhaka-gas-pipeline-explosion-burns-seven,mirpur-11 building,dhaka,0,7,gas pipeline,gas pipeline explosion,Bangladesh,event,road accident
2017,AC explosion at Gulshan UAE visa centre leaves one dead ,2021-01-13 16:56:53,https://en.prothomalo.com/bangladesh/ac-explosion-at-gulshan-uae-visa-centre-leaves-one-dead,uae visa processing centre,gulshan,1,7,ac,ac exploded during repairing work,Bangladesh,event,road accident
2021,BRT project: Bus operations begin with work pending,2024-12-11 13:04:01,https://en.prothomalo.com/bangladesh/kwfz9eyplq,gazipur to hazrat shahjalal international airport,dhaka,0,0,bus,incomplete construction works,Bangladesh,event,road accident
2023,"2 killed in Satkhira road crash

",2021-01-10 14:57:31,https://en.prothomalo.com/bangladesh/accident/2-killed-in-satkhira-road-crash-2,satkhira-khulna highway at bhairabnagar in tala upazila,satkhira,2,3,bus,plunged into a road side ditch,Bangladesh,event,road accident
2024,"2 killed in Satkhira road crash

",2021-01-10 14:57:31,https://en.prothomalo.com/bangladesh/accident/2-killed-in-satkhira-road-crash,satkhira-khulna highway at bhairabnagar,satkhira,2,3,bus,plunged into a road side ditch,Bangladesh,event,road accident
2027,3 pedestrians die in Narayanganj road mishap,2021-02-05 21:38:02,https://en.prothomalo.com/bangladesh/accident/3-pedestrians-die-in-narayanganj-road-mishap,kanchpur bus stand area,narayanganj,3,0,bus,bus crushed pedestrians,Bangladesh,event,road accident
2028,"Over 600,000 illegal vehicles plying on the roads",2024-04-18 22:45:28,https://en.prothomalo.com/bangladesh/accident/0vvjgccz5l,"gabkhan bridge, jhalakathi",jhalakathi,14,0,"cement-laden truck, easybike, private car, small truck, bus","truck ramming vehicles in queue, bus colliding with truck carrying passengers illegally",Bangladesh,event,road accident
2030,Truck claims life of Khulna college teacher,2021-02-05 15:41:47,https://en.prothomalo.com/bangladesh/accident/truck-claims-life-of-khulna-college-teacher,zero point area of khulna city,khulna,1,0,truck,speedy truck hit the victim while he was walking,Bangladesh,event,road accident
2031,"Jatrabari road crash: 60-year-old man killed

",2021-02-05 08:39:14,https://en.prothomalo.com/bangladesh/accident/jatrabari-road-crash-60-year-old-man-killed,jatrabari,dhaka,1,0,passenger bus,bus hit pedestrian,Bangladesh,event,road accident
2033,Police struggle to rein in reckless buses on Padma Bridge Expressway,2023-03-25 12:38:21,https://en.prothomalo.com/bangladesh/7efps2pp83,padma bridge expressway,madaripur,264,0,bus,breakneck speed of buses and failure to reprimand buses without route permit,Bangladesh,event,road accident
2034,"Like failures, successes also there in containing anarchy on road: Ministry",2023-03-23 21:13:57,https://en.prothomalo.com/bangladesh/cnr2i6yxbl,road,dhaka,0,0,"pedestrians, transport owners, bike riders",lack of cautious movement of commuters,Bangladesh,event,road accident
2036,"3 killed in separate road crashes in Dhaka, Jashore",2021-12-19 08:38:44,https://en.prothomalo.com/bangladesh/accident/3-killed-in-separate-road-crashes-in-dhaka-jashore,gulshan area,dhaka,3,6,bus,hit by a bus,Bangladesh,event,road accident
2037,"Body of missing microbus driver recovered in Daulatdia

",2021-05-13 21:25:26,https://en.prothomalo.com/bangladesh/accident/body-of-missing-microbus-driver-recovered-in-daulatdia,daulatdia ghat,rajbari,1,0,microbus,wire of a pontoon snapped amid a sudden nor'wester causing the vehicle to fall into the river,Bangladesh,event,road accident
2038,Five homegoers die in stampede ,2021-05-12 16:04:06,https://en.prothomalo.com/bangladesh/accident/five-homegoers-die-in-stampede,bangla bazar,madaripur,5,0,,stampede while getting down from ferry,Bangladesh,event,road accident
2039,"Five buses torched in Dhaka, Narayanganj",2023-11-13 09:26:15,https://en.prothomalo.com/bangladesh/politics/9bn68vum0w,"dhaka, sutrapur, mirpur, tejgaon, sylhet, bagura",dhaka,0,0,bus,political unrest/blockade,Bangladesh,event,road accident
2041,Digital security flaws exposed,2023-07-11 08:01:00,https://en.prothomalo.com/opinion/9ph9qj9xe4,bangladeshi government website,dhaka,0,0,website,data leak,Bangladesh,event,road accident
2042,"Safe road project: Why so much expenditure on consultants?
",2022-04-10 15:20:21,https://en.prothomalo.com/opinion/editorial/safe-road-project-why-so-much-expenditure-on-consultants,,,0,0,,,Bangladesh,event,road accident
2044,Road crash kills 1 in Natore,2021-02-09 14:48:10,https://en.prothomalo.com/bangladesh/accident/road-crash-kills-1-in-natore,gunaihati,baraigram,1,1,"truck, microbus",truck hit microbus,Bangladesh,event,road accident
2045,Policeman hit by car in Gulshan dies,2021-07-12 09:05:40,https://en.prothomalo.com/bangladesh/accident/policeman-hit-by-car-in-gulshan-dies,dhaka hospital,dhaka,1,0,car,speeding car hit policeman at check-post,Bangladesh,event,road accident
2046,University teacher among five killed in road crashes,2021-10-14 12:41:13,https://en.prothomalo.com/bangladesh/accident/university-teacher-among-five-killed-in-road-crashes,pirojpur-gopalganj regional highway near kabirajbari in nazirpur upazila,pirojpur,2,0,"bus, battery-run auto-rickshaw",bus hit auto-rickshaw,Bangladesh,event,road accident
2047,Gas cylinder blast burns 6 of family,2021-07-09 13:49:32,https://en.prothomalo.com/bangladesh/local-news/gas-cylinder-blast-burns-6-of-family,satkania upazila,chattogram,0,6,gas cylinder,cooking gas cylinder blast,Bangladesh,event,road accident
2048,RMG worker goes missing in Sitalakkhya,2021-01-18 15:59:26,https://en.prothomalo.com/bangladesh/rmg-worker-goes-missing-in-sitalakkhya,nabiganj kheyaghat in sitalakkhya river,narayanganj,0,0,"boat, trawler",apprehending possible crash,Bangladesh,event,road accident
2049,4 killed in Nawabganj road crash,2021-04-04 15:21:55,https://en.prothomalo.com/bangladesh/accident/4-killed-in-nawabganj-road-crash,dhaka-nawabganj road near tulshikhani bridge,keraniganj,4,0,"auto-rickshaw, covered van",covered van hit auto-rickshaw from behind,Bangladesh,event,road accident
2051,Coal-laden vessel sinks in Pashur river near Sundarbans,2021-02-28 18:29:13,https://en.prothomalo.com/bangladesh/accident/coal-laden-vessel-sinks-in-pashur-river-near-sundarbans,pashur river at ismailer char near the sundarbans,bagerhat,0,0,cargo vessel,crack at the bottom of the vessel,Bangladesh,event,road accident
2058,Infant now at Chhottomoni Nibas ,2022-07-30 22:57:43,,dhaka-mymensingh highway at trishal,mymensingh,3,1,truck,"truck ran over father, mother and sister",Bangladesh,event,road accident
2060,"Seven killed as human hauler overturns

",2020-11-19 09:27:00,https://en.prothomalo.com/bangladesh/accident/seven-killed-as-human-hauler-overturns,barikbazar area,chapainawabganj,7,5,human hauler,driver lost control and the hauler overturned,Bangladesh,event,road accident
2061,Worker burned to death in Gazipur fire ,2021-03-06 15:43:57,,"sreepur, gazipur district",gazipur,1,7,not applicable,fire at a chemical godown,Bangladesh,event,road accident
2063,Two pedestrians killed in Munshiganj road crash,2021-01-29 14:33:42,https://en.prothomalo.com/bangladesh/accident/two-pedestrians-killed-in-munshiganj-road-crash,jamaldi bus stand,munshiganj,2,0,,,Bangladesh,event,road accident
2068,4 killed in Chattogram road crash,2021-03-26 08:51:10,,chattogram-kaptai road,rangunia,4,3,"auto-rickshaw, truck",collision between two auto-rickshaws and a truck,Bangladesh,event,road accident
2072,"Five killed in Moghbazar blast, 10 critically injured  ",2021-06-27 21:37:01,https://en.prothomalo.com/bangladesh/accident/five-killed-in-moghbazar-blast,moghbazar wireless gate area,dhaka,5,48,,blast,Bangladesh,event,road accident
2073,Three succumb to burn injuries so far ,2021-08-27 16:59:26,https://en.prothomalo.com/bangladesh/accident/three-succumb-to-burn-injuries-so-far,mirpur-11,dhaka,3,0,building,gas line explosion,Bangladesh,event,road accident
2079,"4 missing after boat capsizes in Patuakhali

",2020-10-22 22:35:07,https://en.prothomalo.com/bangladesh/accident/4-missing-after-boat-capsizes-in-patuakhali,agunmukha river,rangabali,0,13,speedboat,capsized,Bangladesh,event,road accident
2081,Garment worker burned to death in Savar fire,2021-03-13 17:59:13,,"nagarchar, rajphulbaria, savar",savar,1,0,,fire,Bangladesh,event,road accident
2082,Three killed as microbus crashed into covered van,2021-05-19 10:59:48,,pakulya bus stand area in jamurki union,mirzapur,3,1,"microbus, covered van",microbus crashed into a stationed covered van,Bangladesh,event,road accident
2083,"Ageing, dilapidated bailey bridges turn death traps in hilly Khagrachhari roads",2021-11-23 16:54:28,https://en.prothomalo.com/bangladesh/local-news/ageing-dilapidated-bailey-bridges-turn-death-traps-in-hilly-khagrachhari-roads,khagrachhari,khagrachhari,0,0,25-tonne trucks,overloading of trucks exceeding the bridge's weight capacity,Bangladesh,event,road accident
2086,Child drowning rate doubled in three years,2023-05-26 18:36:04,,near their house,patuakhali,3,0,auto-rickshaw driver,drowning,Bangladesh,event,road accident
2091,"Head-on collision between truck, ambulance kills 5",2020-11-03 16:52:09,https://en.prothomalo.com/bangladesh/accident/head-on-collision-between-truck-ambulance-kills-5,"kushtia-jhenaidah highway, lakshmipur area",kushtia,5,0,truck and ambulance,head-on collision,Bangladesh,event,road accident
2092,"3 killed in Chandpur road crash

",2020-11-03 08:30:03,https://en.prothomalo.com/bangladesh/accident/3-killed-in-chandpur-road-crash,faridganj upazila,chandpur,3,0,"cng-run auto-rickshaw, motorcycle",head-on collision between auto-rickshaw and motorcycle,Bangladesh,event,road accident
2093,"Barguna road crash kills two Chinese, Bangladeshi interpreter
",2021-08-16 19:05:09,https://en.prothomalo.com/bangladesh/accident/barguna-road-crash-kills-two-chinese-bangladeshi-interpreter,kewabunia near brickfield on the amtali-patuakhali highway,barguna,3,1,microbus,plunged into a ditch,Bangladesh,event,road accident
2097,Newly-elected UP member killed in road accident,2016-04-25 20:28:12,https://en.prothomalo.com/bangladesh/Newly-elected-UP-member-killed-in-road-accident,dhulauri village,gomostapur,1,0,truck,speeding truck dashed victim,Bangladesh,event,road accident
2098,Lakshmipur road crash kills 2,2020-10-31 14:04:14,https://en.prothomalo.com/bangladesh/accident/lakshmipur-road-crash-kills-2,birahimpur village,lakshmipur sadar upazila,2,2,"auto-rickshaw, motorcycle",head-on collision,Bangladesh,event,road accident
2099,Lakshmipur road crash kills 2,2020-10-31 14:04:14,https://en.prothomalo.com/bangladesh/Lakshmipur-road-crash-kills-2,birahimpur village,lakshmipur,2,2,"auto-rickshaw, motorcycle",head-on collision,Bangladesh,event,road accident
2100,"Four killed in road crashes in Kushtia, Lakshmipur

",2020-11-18 09:57:53,https://en.prothomalo.com/bangladesh/accident/four-killed-in-road-crashes-in-kushtia-lakshmipur,bheramara power house area and sadarghat area of chandraganj,kushtia and lakshmipur,4,0,"covered van, motorcycle, bus, cng-run auto-rickshaw",collision between vehicles,Bangladesh,event,road accident
2101,"Couple burned to death in Pirojpur fire

",2021-02-14 15:25:07,https://en.prothomalo.com/bangladesh/accident/couple-burned-to-death-in-pirojpur-fire,"college road, nalbunia village",pirojpur,2,0,,fire,Bangladesh,event,road accident
2102,5 killed in N'ganj road accidents,2016-04-23 17:09:25,,masdair and nayapur,sonargaon and fatullah,5,30,"truck, battery-run easy-bike, bus, pickup","head-on collision between a truck and a battery-run easy-bike, bus carrying a bridal party plunged into a roadside ditch after it collided with a pickup",Bangladesh,event,road accident
2105,"Elderly woman run over by covered van in Dhaka

",2021-05-06 09:10:08,https://en.prothomalo.com/bangladesh/accident/elderly-woman-run-over-by-covered-van-in-dhaka,bakshibazar intersection,dhaka,1,0,"covered van, rickshaw",speeding covered van,Bangladesh,event,road accident
2108,Jubo League leader killed in Sirajganj road crash,2020-10-26 11:56:47,https://en.prothomalo.com/bangladesh/local-news/jubo-league-leader-killed-in-sirajganj-road-crash,hatikumrul-bonpara highway at mohishluti,sirajganj,1,0,"bike, truck",truck hit bike,Bangladesh,event,road accident
2110,A killing out of negligence,2022-08-17 15:24:23,,uttara,dhaka,5,0,construction equipment,inadequate security measures and negligence,Bangladesh,event,road accident
2111,Nihaduzzaman: A Bangladeshi cricketer who refuses to give up,2023-01-28 18:09:08,,rajshahi,rajshahi,0,1,,serious road accident,Bangladesh,event,road accident
2115,Looting and rape in bus: Where is  passenger security?,2022-08-05 14:08:53,https://en.prothomalo.com/opinion/editorial/bobeeww325,bangabandhu bridge,sirajganj,0,0,bus,robbery and gang rape,Bangladesh,event,road accident
2116,Indomitable girls play football despite losing limbs,2024-10-14 08:44:39,https://en.prothomalo.com/bangladesh/good-day-bangladesh/1dpdpud813,teknaf,cox's bazar,1,4,cng-run auto-rickshaw,collision between two auto-rickshaws,Bangladesh,event,road accident
2119,No ICU service at government facilities in 22 districts,2023-04-28 16:06:30,https://en.prothomalo.com/bangladesh/shjstykgjk,feni,feni,1,0,,lack of icu bed and medical treatment,Bangladesh,event,road accident
2123,"Unsafe roads: How many more deaths, rapes will wake the authorities up",2022-08-08 14:26:19,https://en.prothomalo.com/opinion/editorial/lqs81nqpw3,"bhogra bypass area of gazipur, mauna on dhaka-mymensingh highway",gazipur,0,0,minibus,rape and robbery by bus staff,Bangladesh,event,road accident
2126,Armanitola building fire: One more dies,2021-04-25 12:05:59,https://en.prothomalo.com/bangladesh/accident/armanitola-building-fire-one-more-dies,armanitola area of old dhaka,dhaka,5,4,building fire,fire,Bangladesh,event,road accident
2130,"5-year-old crushed under pick-up van in Sylhet

",2021-02-07 08:52:39,https://en.prothomalo.com/bangladesh/accident/5-year-old-crushed-under-pick-up-van-in-sylhet,bishwanath-jagannathpur road,sylhet,1,0,pick-up van,hit by a pick-up van while crossing the road,Bangladesh,event,road accident
2131,"Bus-truck collision leaves 2 dead in Chattogram

",2021-02-22 14:32:51,https://en.prothomalo.com/bangladesh/accident/bus-truck-collision-leaves-2-dead-in-chattogram,chunti forest gate,chattogram district,2,6,bus and truck,head-on-collision,Bangladesh,event,road accident
2132,"2 youths killed in Satkhira road crash

",2020-12-17 15:15:54,https://en.prothomalo.com/bangladesh/accident/2-youths-killed-in-satkhira-road-crash,satkhira-khulna highway in front of bangladesh small and cottage industries corporation (bscic) industrial area,satkhira,2,1,"truck, motorbike",truck hit motorbike,Bangladesh,event,road accident
2133,We even found traces of bacteria and fungus in Dhaka air,2024-03-31 12:52:32,https://en.prothomalo.com/opinion/interview/0o47o77bjt,dhaka,dhaka,0,0,outdated vehicles,outdated vehicles without licenses or fitness certificates openly spewing out black fumes,Bangladesh,event,road accident
2136,Chinese engineer still untraced in 24 hrs ,2021-06-23 22:52:17,https://en.prothomalo.com/bangladesh/accident/chinese-engineer-still-untraced-in-24-hrs,near the shimulia ferry terminal,munshiganj,0,0,,fell in the river,Bangladesh,event,road accident
2138,Death of Notre Dame College student: Nine DSCC drivers suspended,2021-12-13 20:47:30,https://en.prothomalo.com/bangladesh/crime-and-law/death-of-notre-dame-college-student-nine-dscc-drivers-suspended,gulistan area,dhaka,1,0,garbage truck,drivers engaging others to drive their vehicles.,Bangladesh,event,road accident
2140,4 killed in Bogura road crash,2021-03-20 17:00:14,,dhaka-bogura highway at dashmile in sherpur upazila,bogra,4,10,bus,head-on collision,Bangladesh,event,road accident
2141,Bangabandhu Tunnel: Narrow roads hinder benefits,2023-07-20 13:46:47,,"karnaphuli river tunnel, chattogram-cox's bazar highway",chittagong,0,0,"vehicles, cars, trucks, motorcycles",inadequate highway width and potential increase in vehicular traffic,Bangladesh,event,road accident
2148,"Use Paturia ferry terminal instead of Shimulia: BIWTC to passengers

",2021-08-14 10:14:40,https://en.prothomalo.com/bangladesh/city/use-paturia-ferry-terminal-instead-of-shimulia-biwta-to-passengers,shimulia ferry terminal,munshiganj,0,0,,ferry crisis,Bangladesh,event,road accident
2149,"Nine killed as truck hits bus in Jhenaidah

",2021-02-10 17:25:40,https://en.prothomalo.com/bangladesh/accident/nine-people-killed-as-truck-hits-bus-in-jehaidah,barobazar area of kaliganj,jhenaidah,9,0,"bus, truck",driver tried to overtake a truck and lost control,Bangladesh,event,road accident
2150,Narayanganj launch capsize: Death toll rises to 12,2022-03-23 11:01:29,,shitalakkhya river off narayanganj coast,narayanganj,12,0,,launch accident,Bangladesh,event,road accident
2151,Feni road crash kills 2,2020-10-30 19:36:23,https://en.prothomalo.com/bangladesh/Feni-road-crash-kills-2,basurhat,feni,2,3,"bus, cng auto-rickshaw",bus rammed a cng auto-rickshaw,Bangladesh,event,road accident
2152,"Two killed, 22 injured as bus catches fire in Cumilla",2021-03-11 20:08:03,https://en.prothomalo.com/bangladesh/accident/three-killed-as-bus-catches-fire-in-cumilla,gouripur bus stand area,cumilla,2,22,bus,fire originating from the gas cylinder,Bangladesh,event,road accident
2154,"Father, daughter killed as truck ploughs into Pabna house

",2021-02-06 11:59:03,https://en.prothomalo.com/bangladesh/accident/father-daughter-killed-as-truck-ploughs-into-pabna-house,bhitapara,sathia,2,0,truck,driver lost control of the speeding vehicle,Bangladesh,event,road accident
2155,"3 killed in Kishoreganj road crash

",2020-12-18 08:57:09,https://en.prothomalo.com/bangladesh/accident/3-killed-in-kishoreganj-road-crash,kalikaprasad area,kishoreganj,3,3,"truck, cng autorickshaw",head-on collision,Bangladesh,event,road accident
2158,ASI killed in Chattogram road crash,2021-02-04 21:49:57,https://en.prothomalo.com/bangladesh/accident/asi-killed-in-chattogram-road-crash,kumia area,sitakunda,1,0,truck and motorcycle,hit by a truck,Bangladesh,event,road accident
2159,Take punitive measures over Karatoa boat capsize,2022-10-08 21:13:51,https://en.prothomalo.com/opinion/editorial/xt1q3i8y3j,karatoa river,panchagarh,100,0,,"gross negligence, inefficiency and carelessness on the part of the concerned officials and institutions",Bangladesh,event,road accident
2165,2 BRAC officials die in Natore road accident,2016-04-20 12:10:51,,natore-bogra highway,natore,2,0,"motorcycle, bus",bus hit motorcycle,Bangladesh,event,road accident
2167,2 elderly persons killed in road crash,2020-10-25 10:58:51,https://en.prothomalo.com/bangladesh/accident/2-elderly-persons-killed-in-road-crash,dhaka-khulna highway at kamarkhali,faridpur,2,5,"microbus, truck",microbus hit a truck,Bangladesh,event,road accident
2168,Death toll in Shitalakshya launch capsize reaches 25,2021-04-05 14:22:56,,narayanganj,narayanganj,25,0,,capsized,Bangladesh,event,road accident
2172,Sufferings at every step: Increase patrol and surveillance,2022-04-30 14:01:12,https://en.prothomalo.com/opinion/editorial/sufferings-at-every-step-increase-patrol-and-surveillance,,,0,0,old buses and launches,"unfit vehicles on roads due to pressure of additional passengers, lack of checks on vehicle fitness and driver's licenses, and errors/weakness in management planning.",Bangladesh,event,road accident
2177,Truck kills three in Dinajpur,2021-01-27 12:33:56,https://en.prothomalo.com/bangladesh/accident/truck-kills-three-in-dinajpur,dinajpur-bochaganj road near zainul mudikhana bazar in farakkabad union,dinajpur,3,0,motorbike and truck,truck hit motorbike,Bangladesh,event,road accident
2178,"Woman killed in Netrakona road crash

",2020-10-19 13:26:50,,netrakona district town,netrakona,1,0,"truck, rickshaw",truck hit a rickshaw,Bangladesh,event,road accident
2179,Barishal road crash leaves one dead ,2021-02-27 17:11:05,https://en.prothomalo.com/bangladesh/accident/barishal-road-crash-leaves-one-dead,barisal-dhaka highway,barishal,1,0,"motorbike, bus",hit by a bus,Bangladesh,event,road accident
2180,Teacher killed in road accident in C'nawabganj,2016-04-16 20:10:58,,kamarpara avaya square,rajshahi,1,0,truck,truck hit victim,Bangladesh,event,road accident
2186,"Khaleda Zia, Dr Yunus, WB chief to get invitation at Padma Bridge inauguration: Quader",2022-06-12 22:42:24,,padma bridge,munshiganj,0,0,,,Bangladesh,event,road accident
2188,17 killed in Rajshahi road crash,2021-03-26 16:40:45,https://en.prothomalo.com/bangladesh/accident/17-killed-in-road-crash-involving-bus-microbus-human-hauler-in-rajshahi,dhaka-rajshahi highway in katakhali area of rajshahi’s kapasia upazila,rajshahi,17,0,"bus, microbus, leguna",,Bangladesh,event,road accident
2189,Bus-truck collision in Sirajganj leaves 5 dead,2021-02-23 10:44:56,https://en.prothomalo.com/bangladesh/accident/bus-truck-collision-in-sirajganj-leaves-5-dead,konabari,sirajganj,5,23,bus and truck,head-on collision,Bangladesh,event,road accident
2193,"Two killed as motorbike crashes into tree

",2020-11-16 10:19:21,https://en.prothomalo.com/bangladesh/accident/two-killed-as-motorbike-crashes-into-tree,hatia,noakhali,2,0,motorbike,motorbike losing control rammed into a roadside tree,Bangladesh,event,road accident
2194,Chattogram depot explosion: How many more people will have to die?,2022-06-07 15:12:57,https://en.prothomalo.com/opinion/editorial/chattogram-depot-explosion-how-many-more-people-will-have-to-die,bm container depot at sitakunda,chattogram,40,200,container,"irregularities, irresponsibility and negligence leading to a fire and explosion of chemicals in containers.",Bangladesh,event,road accident
2202,Four burnt to death as microbus gas cylinder explodes in Sylhet,2020-12-30 12:03:50,https://en.prothomalo.com/bangladesh/accident/four-burnt-to-death-as-microbus-gas-cylinder-explodes-in-sylhet,sylhet-jokeyganj road near the mollagram government primary school in hetimganj paschim bazar,"golapganj, sylhet",4,4,"microbus, truck","microbus hit a cement-laden truck from behind, gas cylinder exploded",Bangladesh,event,road accident
2203,"Three killed in motorbike crash
",2020-12-06 11:43:53,,duariya area of lalpur upazila,natore,3,0,motorbike,,Bangladesh,event,road accident
2205,Padma bridge must be protected from ferry collision ,2021-08-11 22:46:04,https://en.prothomalo.com/opinion/editorial/padma-bridge-must-be-protected-from-ferry-collision,padma bridge,"louhjang, munshiganj",0,0,ro ro ferry,collision with pillar,Bangladesh,event,road accident
2209,Jhalakathi launch fire: Death toll climbs to 39 ,2021-12-24 16:21:49,https://en.prothomalo.com/bangladesh/accident/jhalakathi-launch-fire-death-toll-rises-to-39,sugandha river off the coast of jhalakathi district's sadar upazila,jhalakathi,39,72,,fire,Bangladesh,event,road accident
2211,Two workers killed as lift falls off in Bogura ,2021-02-03 23:01:54,https://en.prothomalo.com/bangladesh/accident/two-workers-killed-as-lift-falls-off-in-bogura,tamim agro industries poultry farm,bagura,2,0,escalator,lift fell off,Bangladesh,event,road accident
2212,Cox’s Bazar road crash kills 4,2020-10-26 22:22:10,https://en.prothomalo.com/bangladesh/accident/coxs-bazar-road-crash-kills-4,nandirpara station,pekua upazila sadar,4,2,truck and auto-rickshaw,head-on collision,Bangladesh,event,road accident
2214,How do vehicles run without licences?,2022-02-13 21:52:05,https://en.prothomalo.com/opinion/editorial/how-do-vehicles-run-without-licences,malumghat area of chakaria upazila of cox's bazar-chattogram highway,cox's bazar,5,0,pickup,"recklessly speeding, vehicle without license, driver without license",Bangladesh,event,road accident
2215,'Operation of bus on two new routes differed as bus not ready',2022-09-06 19:38:34,https://en.prothomalo.com/bangladesh/city/q3lmuqjx1a,,dhaka,0,0,bus,,Bangladesh,event,road accident
2216,College student goes missing in Kirtonkhola River,2020-11-03 15:30:31,,kirtankhola river,barishal,1,0,trawler,fell into the river,Bangladesh,event,road accident
2219,Boat capsize shatters dream of a family,2021-08-28 19:40:55,https://en.prothomalo.com/bangladesh/local-news/boat-capsize-shatters-dream-of-a-family,titas river at laiska canal of pattan union,brahmanbaria,22,0,,boat capsize,Bangladesh,event,road accident
2223,"Fire safety: Disjointed drives, dragging investigations",2024-03-14 17:58:04,,bailey road,dhaka,46,0,building,fire,Bangladesh,event,road accident
2226,RU proctor removed in the face of students' demo,2022-02-02 19:40:55,,rajshahi university campus,rajshahi,1,0,,,Bangladesh,event,road accident
2227,"One body recovered after launch capsizes in Shitalakshya

",2021-04-04 20:36:27,https://en.prothomalo.com/bangladesh/accident/launch-capsizes-in-shitalakkhya,shitalakshya river at madanganj ghat area,narayanganj,1,0,"launch, cargo vessel",collision between launch and cargo vessel,Bangladesh,event,road accident
2230,Issue a circular on half bus fare,2021-12-08 17:13:06,,dhaka,dhaka,0,0,bus,protests,Bangladesh,event,road accident
2231,Death toll climbs to 7,2021-06-28 08:36:58,https://en.prothomalo.com/bangladesh/accident/death-toll-climbs-to-7,moghbazar area,dhaka,7,50,buses,explosion/blast,Bangladesh,event,road accident
2232,"Mother, daughter among three killed in Lakshmipur road crash

",2021-03-01 08:56:50,https://en.prothomalo.com/bangladesh/accident/mother-daughter-among-three-killed-in-lakshmipur-road-crash,charchamita area,lakshmipur sadar,3,0,pickup van,driver lost control,Bangladesh,event,road accident
2234,"Bus-truck collision in Manikganj leaves one killed, 10 injured",2021-02-25 14:09:00,https://en.prothomalo.com/bangladesh/accident/bus-truck-collision-in-manikganj-leaves-one-killed-10-injured,pachuria area of dhaka-aricha highway,manikganj,1,10,passenger bus and a truck,driver lost control of the vehicle and crashed into the truck at high speed,Bangladesh,event,road accident