id,title,date,article_url,place_of_accident,district,number_of_deaths,number_of_injured,vehicle_type,cause_of_accident,country,report_type,type_of_accident
2235,Truck-auto rickshaw collision kills 2 in Pabna,2021-01-22 14:33:50,https://en.prothomalo.com/bangladesh/accident/truck-auto-rickshaw-collision-kills-2-in-pabna,dublia village,pabna,2,3,truck and auto rickshaw,collision,Bangladesh,event,road accident
2236,All roads need integrated public transport,2022-03-11 14:56:02,https://en.prothomalo.com/opinion/editorial/all-roads-need-integrated-public-transport,dhaka city,dhaka,0,0,,reopening of educational institutions,Bangladesh,event,road accident
2240,Garments factory lift collapse injures 15 workers ,2020-08-12 20:57:14,https://en.prothomalo.com/bangladesh/accident/garments-factory-lift-collapse-injures-15-workers,chandgaon area of chattogram city,chattogram,0,15,lift,lift of a garment factory collapsed,Bangladesh,event,road accident
2241,"People reluctant to follow the rules, deaths on the rise",2023-07-04 17:52:52,https://en.prothomalo.com/bangladesh/accident/0ex3i5qzhx,"father of the nation bangabandhu sheikh mujibur highway, jatrabari to bhanga",faridpur,94,0,"car, bus","pedestrians not using footbridge, drivers breaching speed limit, passengers picked from random points",Bangladesh,event,road accident
2242,Protests erupt in Dhaka over Notre Dame College student’s death,2021-11-25 16:38:24,https://en.prothomalo.com/bangladesh/accident/protests-erupt-in-dhaka-over-notre-dame-college-students-death,farmgate,dhaka,1,0,garbage truck,run over by a garbage truck,Bangladesh,event,road accident
2243,Notre Dame College students take to the streets for the second day,2021-11-25 14:06:58,https://en.prothomalo.com/bangladesh/city/notre-dame-college-students-take-to-the-streets,shapla chattar,dhaka,1,0,dumpster carrier truck,run over,Bangladesh,event,road accident
2244,"Most DNCC vehicles’ registration, fitness certificate out of date, probe finds",2022-01-14 23:22:40,https://en.prothomalo.com/bangladesh/city/most-dncc-vehicles-registration-fitness-certificate-out-of-date-probe-finds,dhaka north city corporation,dhaka,1,0,garbage truck,"unspecified, but related to vehicle registration and fitness",Bangladesh,event,road accident
2246,"Police can't evade responsibility for death of scientists, engineer",2022-06-10 13:18:08,https://en.prothomalo.com/opinion/editorial/police-cant-evade-responsibility-for-death-of-scientists-engineer,"shailakupa, jhenaidah",jhenaidah,5,0,bus,"mismanagement, anarchy on streets, vehicle negligence (no route permit, expired tax papers)",Bangladesh,event,road accident
2250,Narayanganj factory fire: 49 bodies recovered,2021-07-09 15:33:06,https://en.prothomalo.com/bangladesh/accident/narayanganj-factory-fire-49-bodies-recovered,karnagop area of rupganj,narayanganj,49,0,factory building,massive fire,Bangladesh,event,road accident
2255,6 killed in road accidents in 3 districts,2016-03-25 19:55:37,https://en.prothomalo.com/bangladesh/6-killed-in-road-accidents-in-3-districts,kutumbapur on dhaka-chittagong highway in chandina upazila,comilla,2,0,truck,gas cylinder explosion,Bangladesh,event,road accident
2256,"Blind in one eye, fear in another",2022-07-19 15:13:25,https://en.prothomalo.com/bangladesh/local-news/zrub4c14ei,hashem foods factory,narayanganj,54,0,factory,fire incident,Bangladesh,event,road accident
2257,Two crews missing after lighterage vessel sinks in Meghna,2020-08-20 21:57:48,,meghna river near hatiya upazila,noakhali,0,0,lighterage vessel,vessel sank,Bangladesh,event,road accident
2259,Grandparents want to raise the child,2022-07-18 23:31:02,https://en.prothomalo.com/bangladesh/local-news/qzohcixht1,dhaka-mymensingh highway at the court building area in trishal,mymensingh,3,0,truck,run over by a truck while crossing the highway,Bangladesh,event,road accident
2260,Now is the time to resolve Dhaka's traffic congestion,2024-09-19 17:43:18,https://en.prothomalo.com/opinion/op-ed/icxvw7yop1,dhaka,dhaka,0,0,"bus, car",traffic congestion,Bangladesh,event,road accident
2267,Another landslide kills five children of a family in Teknaf,2021-07-28 11:17:49,https://en.prothomalo.com/bangladesh/local-news/second-landslide-in-two-days-kills-five-children-of-a-family-in-teknaf,hnila union of teknaf upazila,cox’s bazar,5,0,,landslide,Bangladesh,event,road accident
2269,"Policeman killed by covered van in city

",2020-10-21 12:10:42,,jatrabari,dhaka,1,0,covered van,ran over,Bangladesh,event,road accident
2270,"Child loses life, mother loses limb",2022-02-17 16:28:36,https://en.prothomalo.com/bangladesh/accident/child-loses-life-mother-loses-limb,kazir shimla area of ​​trishal upazila on the dhaka-mymensingh highway,mymensingh,1,7,"bus, truck",reckless driving,Bangladesh,event,road accident
2271,Shitalakshya launch capsize: Another five bodies recovered,2021-04-06 13:31:01,https://en.prothomalo.com/bangladesh/accident/shitalakshya-launch-capsize-another-five-bodies-recovered,narayanganj,narayanganj,34,0,,capsize,Bangladesh,event,road accident
2272,Death toll rises to 46,2021-12-29 15:47:36,https://en.prothomalo.com/bangladesh/accident/death-toll-from-jhalakathi-launch-fire-rises-to-46,"sugandha river, charkathi",jhalakathi,46,0,,fire,Bangladesh,event,road accident
2275,"Truck, auto-rickshaw head-on collision kills 4 in Chattogram",2021-03-31 11:49:36,https://en.prothomalo.com/bangladesh/accident/truck-auto-rickshaw-head-on-collision-kills-4-in-chattogram,chattogram-kaptai road in raujan,chattogram,4,0,sand-laden truck and a cng-run auto-rickshaw,head-on collision,Bangladesh,event,road accident
2276,Road crash kills three,2020-09-05 10:56:11,https://en.prothomalo.com/bangladesh/accident/road-crash-kills-three,nishkanda bridge area,nababganj,3,1,bus and auto-rickshaw,head-on collision,Bangladesh,event,road accident
2277,May Dhaka Nagar Paribahan restore order on city roads,2021-12-28 15:05:24,https://en.prothomalo.com/opinion/editorial/may-dhaka-nagar-paribahan-restore-order-on-city-roads,dhaka,dhaka,0,0,bus,traffic jams and public transport issues,Bangladesh,event,road accident
2280,2 truck drivers killed in Lakshmipur road crash,2020-07-04 18:30:45,https://en.prothomalo.com/bangladesh/accident/2-truck-drivers-killed-in-lakshmipur-road-crash,raipur upazila,lakshmipur,2,3,mini trucks,head-on collision,Bangladesh,event,road accident
2282,No cracks in the pillars of Bahaddarhat flyover: Designer company,2021-10-28 09:25:44,https://en.prothomalo.com/bangladesh/local-news/no-cracks-in-the-pillars-of-bahaddarhat-flyover-designer-company,bahaddarhat flyover,chattogram,0,0,not applicable,not applicable,Bangladesh,event,road accident
2283,"University student, schoolboy missing in Padma boat capsize ",2020-09-25 20:44:23,https://en.prothomalo.com/bangladesh/accident/ru-student-schoolboy-missing-in-rajshahi-boat-capsize,padma river near harupur area,rajshahi,0,0,motorised boat,capsized,Bangladesh,event,road accident
2286,"When anomalies become the norm, what about political liability?",2024-03-09 14:38:34,,bailey road,dhaka,46,0,building,"fire in a building, possibly due to lack of fire safety and running restaurants without approval.",Bangladesh,event,road accident
2295,"Chapainawabganj road crash toll rises to 8, injured 5",2020-11-19 15:08:27,https://en.prothomalo.com/bangladesh/accident/chapainawabganj-road-crash-toll-rises-to-8-injured-5,barek bazar area,chapainawabganj,8,5,engine-run vehicle (bhutbhuti),vehicle skidded off the road and plunged into a roadside ditch,Bangladesh,event,road accident
2296,Cumilla road crash leaves 2 dead,2020-10-03 13:47:09,https://en.prothomalo.com/bangladesh/accident/fzz3v8z981,dhaka-chattogram highway at korpai,cumilla,2,5,"bus, microbus, truck",collision among three vehicles,Bangladesh,event,road accident
2297,Cumilla road crash leaves 2 dead,2020-10-03 13:47:09,https://en.prothomalo.com/bangladesh/accident/cumilla-road-crash-leaves-2-dead,dhaka-chattogram highway at korpai,cumilla,2,5,"bus, microbus, truck",collision among three vehicles,Bangladesh,event,road accident
2300,Anarchy and chaos on the road must stop,2022-01-22 15:13:20,https://en.prothomalo.com/opinion/editorial/anarchy-and-chaos-on-the-road-must-stop,near joykali mandir in the capital,dhaka,2,0,bus,"scuffle over fare, buses competing to overtake",Bangladesh,event,road accident
2302,Dhaka public transport: How long dilapidated buses will ply,2023-07-27 08:30:00,https://en.prothomalo.com/bangladesh/yw5ec1xcda,dhaka,dhaka,0,0,passenger buses,"owners of the buses add extra seats, buses are not washed, most of the buses do not have headlights, body paints are faded and looking glasses as well as indicators are being broken, buses vie to pick up extra passengers and their tussles",Bangladesh,event,road accident
2304,Suspended Gazipur mayor Mannan faces road accident,2016-03-11 20:20:50,https://en.prothomalo.com/bangladesh/Suspended-Gazipur-mayor-Mannan-faces-road-accident,meghdubi,gazipur,0,4,,,Bangladesh,event,road accident
2306,Why not half fare for students all over the country,2021-12-01 17:11:55,https://en.prothomalo.com/opinion/editorial/why-not-half-fare-for-students-all-over-the-country,dhaka,dhaka,0,0,bus,student protest for half fare,Bangladesh,event,road accident
2307,"2 killed in Satkhira road crash

",2020-09-29 15:12:41,https://en.prothomalo.com/bangladesh/accident/2-killed-in-satkhira-road-crash-2,satkhira-jashore highway in madhabkathi area,satkhira,2,3,motorbike and a pick-up van,collision,Bangladesh,event,road accident
2308,"2 killed in Satkhira road crash

",2020-09-29 15:12:41,https://en.prothomalo.com/bangladesh/accident/2-killed-in-satkhira-road-crash,satkhira-jashore highway in madhabkathi area,satkhira,2,3,motorbike and pick-up van,collision,Bangladesh,event,road accident
2313,"What happens in BM Container Depot, who are the owners",2022-06-05 23:26:56,https://en.prothomalo.com/bangladesh/what-happens-in-bm-container-depot-who-are-the-owners,bm container depot,sitakundu,0,0,,,Bangladesh,event,road accident
2317,Dhaka city corporations must take responsibilities,2021-11-26 15:43:54,https://en.prothomalo.com/opinion/editorial/dhaka-city-corporations-must-take-responsibilities,gulistan and panthapath,dhaka,2,0,"garbage truck, motorcycle",hit by garbage truck,Bangladesh,event,road accident
2318,Cox’s Bazar road crash kills 2 tourists ,2020-10-11 17:11:53,https://en.prothomalo.com/bangladesh/accident/coxs-bazar-road-crash-kills-2-tourists,chattogram-cox's bazar highway at islamabad hasherdighi area,cox's bazar sadar,2,17,bus,hitting an electric pole,Bangladesh,event,road accident
2319,Death toll in Netrakona trawler capsize climbs to 11,2020-09-09 19:45:40,https://en.prothomalo.com/bangladesh/accident/death-toll-in-netrakona-trawler-capsize-climbs-to-11,gumai river,kamlakanda,11,0,trawler,capsized,Bangladesh,event,road accident
2320,Mother of two crushed between two buses in city,2021-03-08 09:59:30,https://en.prothomalo.com/bangladesh/accident/mother-of-two-crushed-between-two-buses-in-city,in front of gulistan golap shah mazar,dhaka,1,0,two vehicles,crushed between two vehicles,Bangladesh,event,road accident
2324,6 killed as bus hits car in Mymensingh,2020-08-22 13:03:48,https://en.prothomalo.com/bangladesh/accident/6-killed-as-bus-hits-car-in-mymensingh,bhaluka municipality,mymensingh,6,2,bus and car,bus hit a car making a u-turn,Bangladesh,event,road accident
2326,"Mother, daughter killed in Cumilla road crash

",2020-09-22 09:43:48,https://en.prothomalo.com/bangladesh/accident/mother-daughter-killed-in-cumilla-road-crash,mainamoti area,cumilla,2,0,motorcycle and passenger bus,passenger bus hit a motorcycle,Bangladesh,event,road accident
2327,Eid travel: There should be no compromise in preparations,2022-04-12 17:16:19,https://en.prothomalo.com/opinion/editorial/eid-travel-there-should-be-no-compromise-in-preparations,shimulia-banglabazar ferry,,5,0,,overcrowding,Bangladesh,event,road accident
2328,"Plying of battery-run auto-rickshaws, vans to stay banned: Home minister",2021-06-20 22:30:23,https://en.prothomalo.com/bangladesh/plying-of-battery-run-auto-rickshaws-vans-to-stay-banned-home-minister,bangladesh secretariat,dhaka,0,0,battery-run auto-rickshaws and vans,lack of discipline in the road transport sector,Bangladesh,event,road accident
2329,"Five killed in Narsingdi truck-microbus collision, 7 injured",2021-06-20 10:28:11,https://en.prothomalo.com/bangladesh/accident/five-killed-in-narsingdi-truck-microbus-collision-7-injured,ghorashal-tongi regional road in panchdona area,narsingdi sadar upazila,5,7,truck and microbus,collision,Bangladesh,event,road accident
2330,Cargo vessel sinks in Meghna,2020-07-22 09:24:39,,meghna river at harina,chandpur sadar upazila,0,0,cargo ship,anchor got displaced due to strong current,Bangladesh,event,road accident
2331,"3 killed in Sirajganj road crash

",2020-07-03 10:13:54,https://en.prothomalo.com/bangladesh/local-news/3-killed-in-sirajganj-road-crash,hatikumrul-banpara highway at hamkuria,sirajganj,3,0,vehicle,vehicle knocked them down as they were standing alongside the road,Bangladesh,event,road accident
2335,Five bodies retrieved as speed boat capsizes in Patuakhali,2020-10-24 14:24:14,,agunmukha river,rangabali upazila,5,0,speed boat,capsized,Bangladesh,event,road accident
2337,Youth killed  in Chuadanga road crash ,2020-05-25 18:00:46,https://en.prothomalo.com/bangladesh/accident/chuadanga-road-crash-kills-youth,alamdanga upazila,chuadanga,1,2,motorcycle,head-on collision,Bangladesh,event,road accident
2338,"Motorcyclist killed in city road crash

",2020-08-19 15:01:22,https://en.prothomalo.com/bangladesh/accident/motorcyclist-killed-in-city-road-crash-2,shanir akhra,jatrabari,1,0,bus and motorbike,bus hit motorbike from behind,Bangladesh,event,road accident
2339,Gas cylinder explosion kills 3 in Moheshkhali,2021-01-22 22:50:53,,matarbari,cox's bazar,3,8,not applicable,gas cylinder explosion used for inflating balloons,Bangladesh,event,road accident
2340,Mountaineer Reshma's death: Police arrest microbus driver,2020-08-19 10:00:04,https://en.prothomalo.com/bangladesh/crime-and-law/mountaineer-reshmas-death-police-arrest-microbus-driver,sher-e-bangla nagar lake road,dhaka,1,0,"microbus, bicycle",microbus hit bicycle,Bangladesh,event,road accident
2341,Manikganj road crash kills 3,2020-10-22 19:11:00,https://en.prothomalo.com/bangladesh/accident/manikganj-road-crash-kills-3,bakchar area of singair upazila,manikganj,3,20,bus,bus fell into a roadside ditch,Bangladesh,event,road accident
2345,Two die of electrocution in Kishoreganj,2020-08-16 20:44:04,https://en.prothomalo.com/bangladesh/accident/two-die-of-electrocution-in-kishoreganj,mirzapur village,kishoreganj's pakundia upazila,2,0,,contact with an electrical line,Bangladesh,event,road accident
2346,"3 killed, 4 hurt in road accident",2016-02-17 15:33:41,https://en.prothomalo.com/bangladesh/3-killed-4-hurt-in-road-accident,"gauripur bazar, daudkandi upazila",comilla,3,4,covered van,driver lost control,Bangladesh,event,road accident
2347,Three killed in Chandpur road crash,2020-07-29 20:54:44,https://en.prothomalo.com/bangladesh/accident/three-killed-in-chandpur-road-crash,kakoirtola area of chandpur-cumilla highway,chandpur,3,3,"bus, auto-rickshaw",collision,Bangladesh,event,road accident
2348,"MP vessel's recklessness, bridge's faulty design responsible: Probe body",2021-04-13 21:54:24,https://en.prothomalo.com/bangladesh/crime-and-law/mp-vessels-recklessness-bridges-faulty-design-responsible-probe-body,river shitalakshya,munsiganj,34,0,passenger launch and cargo vessel,"recklessness of mp's cargo vessel, faulty design of the under-construction 3rd shitalakshya bridge, and bridge construction materials kept in the waterways",Bangladesh,event,road accident
2354,Sylhet road crash kills four ,2020-08-14 01:45:49,,bhanga area of dhaka-sylhet highway,sylhet,4,2,"bus, auto-rickshaw",bus hit auto-rickshaw,Bangladesh,event,road accident
2355,Anarchy on the roads must stop,2022-02-11 15:29:16,https://en.prothomalo.com/opinion/editorial/anarchy-on-the-roads-must-stop,"chakaria upazila of cox's bazar, chittagong-fatikchhari road","cox's bazar, chittagong",7,0,"pickup van, chander gari (locally modified vehicle), motorcycle","crushed by pickup van, ran over by vehicle while fleeing police",Bangladesh,event,road accident
2356,Mismanagement leads to speedboat crash: Probe body,2021-05-09 22:24:42,,river routes between banglabazar in madaripur and shimulia in munshiganj,madaripur,26,0,speedboat,driver under the influence of drugs,Bangladesh,event,road accident
2358,Road crash kills five in Sylhet,2020-08-29 18:17:03,,chowghari bazar area of sylhet-zakiganj highway,gopalganj,5,0,bus and auto-rickshaw,collision,Bangladesh,event,road accident
2359,"'Faulty engines, reckless speed to blame' ",2021-12-24 22:17:24,,"unknown, presumed to be on the river en route to barguna from dhaka",,0,0,launch (mv avijan-10),fire broke out due to extra pressure on engines being repaired while vessel was moving at high speed,Bangladesh,event,road accident
2373,ATN News official among 2 killed in road crash,2020-08-02 16:59:47,,bamundi nishipur in gangni upazila,meherpur,2,0,truck,truck hit them,Bangladesh,event,road accident
2374,"RMG worker killed in Savar road crash

",2020-10-05 10:27:34,,kalma bus stand,savar,1,1,pick-up van and motorcycle,pick-up van hit a motorcycle,Bangladesh,event,road accident
2376,"3 killed in city road crash

",2020-05-25 18:51:54,https://en.prothomalo.com/bangladesh/3-killed-in-city-road-crash,kalyanpur,dhaka,3,6,"private car, cng-run auto-rickshaw",head on collision,Bangladesh,event,road accident
2377,Three die inhaling toxic gas,2020-07-31 15:46:36,https://en.prothomalo.com/bangladesh/local-news/three-die-inhaling-toxic-gas,puijala village,ashashuni,3,0,,inhalation of toxic gas in a septic tank,Bangladesh,event,road accident
2384,Rajbari road crash kills 3 members of a family,2020-06-14 15:28:58,https://en.prothomalo.com/bangladesh/accident/rajbari-road-crash-kills-3-members-of-a-family,dhaka-khulna highway at khankhanapur,rajbari sadar upazila,3,3,truck and private car,truck hit private car,Bangladesh,event,road accident
2386,"'How can I live alone', wife laments",2021-11-27 18:18:16,https://en.prothomalo.com/bangladesh/accident/how-can-i-live-alone-wife-laments,in front of bashundhara city shopping complex,panthapath,1,0,garbage truck,run over by a garbage truck,Bangladesh,event,road accident
2388,4 labourers killed in Parbatipur truck accident,2016-02-03 12:16:49,,barapukuria coalmine,parbatipur,4,3,truck,plunged into a roadside ditch,Bangladesh,event,road accident
2391,Bodies of 6 including bridegroom recovered as trawler capsizes in Meghna,2020-12-15 20:28:21,https://en.prothomalo.com/bangladesh/local-news/bodies-of-6-including-bridegroom-recovered-as-trawler-capsizes-in-meghna,meghna river in hatia upazila,noakhali,6,0,trawler,capsized due to strong current,Bangladesh,event,road accident
2392,"2 HSC examinees killed in Savar road crash

",2020-08-16 13:43:05,https://en.prothomalo.com/bangladesh/accident/2-hsc-examinees-killed-in-savar-road-crash,dhaka-aricha highway at srirampur,savar,2,0,"bus, motorcycle",,Bangladesh,event,road accident
2393,Khulna road accident death toll 4,2016-01-31 11:47:17,https://en.prothomalo.com/bangladesh/Khulna-road-accident-death-toll-4,zero point area,khulna,4,20,bus,driver lost control over the steering,Bangladesh,event,road accident
2394,Ex-minister Shahjahan Khan declared persona non grata in Khulna,2021-02-08 20:07:30,https://en.prothomalo.com/bangladesh/ex-minister-shahjahan-khan-declared-persona-non-grata-in-khulna,khulna press club,khulna,0,0,road transport,unsavoury remarks about a safe roads activist,Bangladesh,event,road accident
2395,3 killed in Cox’s Bazar road crash,2021-03-07 13:11:05,https://en.prothomalo.com/bangladesh/accident/3-killed-in-coxs-bazar-road-crash,kalatoli dolphin chattar,cox’s bazar,3,7,truck,ploughed through a footpath,Bangladesh,event,road accident
2397,City road crash kills man ,2020-07-11 17:54:21,https://en.prothomalo.com/bangladesh/accident/city-road-crash-kills-man,near banani setu bhaban,dhaka,1,0,,crossing a road,Bangladesh,event,road accident
2402,Explosion at Narayanganj flat burns 11 of two families,2021-04-23 11:41:02,https://en.prothomalo.com/bangladesh/accident/explosion-at-narayanganj-flat-burns-11-of-two-families,paschim talla area,narayanganj,0,11,apartment,gas accumulation from leakage,Bangladesh,event,road accident
2407,Woman dies of burn injuries in Chattogram fire,2020-11-09 14:38:08,https://en.prothomalo.com/bangladesh/accident/woman-dies-of-burn-injuries-in-chattogram-fire,"mariam bhaban, uttar kattali",chattogram,1,8,,short circuit,Bangladesh,event,road accident
2409,Five deaths and the government's development vision,2022-10-11 17:13:00,https://en.prothomalo.com/opinion/op-ed/iooq2q6f1w,kanchpur bridge,,5,0,"microbus, battery-run auto-rickshaw",auto-rickshaw coming down the wrong side of the road,Bangladesh,event,road accident
2410,Sirajganj road crash kills 3,2020-06-17 20:26:21,https://en.prothomalo.com/bangladesh/accident/sirajganj-road-crash-kills-3,nalka talukdar area of kamarkhand upazila,sirajganj,3,2,truck,head-on collision,Bangladesh,event,road accident
2411,Two cousins electrocuted in Kishoreganj,2020-07-03 19:00:13,https://en.prothomalo.com/bangladesh/accident/two-cousins-die-from-electrocution-in-kishoreganj,machimpur village,kishoreganj,2,1,,electrocution,Bangladesh,event,road accident
2412,Two killed in city road crash,2020-05-28 21:58:47,https://en.prothomalo.com/bangladesh/accident/two-killed-in-city-road-crash,minto road,ramna,2,0,motorcycle,head-on collision,Bangladesh,event,road accident
2413,Two killed in city road crash,2020-05-28 21:58:47,https://en.prothomalo.com/bangladesh/Two-killed-in-city-road-crash,minto road,ramna,2,0,motorcycle,head-on collision,Bangladesh,event,road accident
2414,Man killed in Jatrabari road accident,2016-01-23 12:57:13,https://en.prothomalo.com/bangladesh/Man-killed-in-Jatrabari-road-accident,jatrabari,dhaka,1,0,bus,bus hit him,Bangladesh,event,road accident
2416,"Negligence of officials, owners behind MV Abhijan-10 fire: Citizens’ probe body",2022-01-22 20:52:24,https://en.prothomalo.com/bangladesh/accident/negligence-of-officials-owners-behind-mv-abhijan-10-fire-citizens-probe-body,jhalakathi,jhalakathi,50,0,launch (mv abhijan-10),fire,Bangladesh,event,road accident
2421,Two killed in road crash,2020-04-01 11:19:27,https://en.prothomalo.com/bangladesh/accident/two-killed-in-road-crash,mymensingh-kishoreganj road at charanipara in nandail upazila,nandail,2,0,"truck, by-cycle",truck ran them over,Bangladesh,event,road accident
2422,Agriculture official dies in road accident,2016-01-19 12:32:53,https://en.prothomalo.com/bangladesh/Agriculture-official-dies-in-road-accident,prodhaner haat area on the debiganj-nilphamari road in debiganj upazila,panchagarh,2,0,motorcycle and bus,bus knocked down their vehicle,Bangladesh,event,road accident
2428,Motorcyclist killed on Mayor Hanif flyover,2020-08-06 20:12:36,https://en.prothomalo.com/bangladesh/accident/motorcyclist-killed-on-mayor-hanif-flyover,mayor hanif flyover in jatrabari,jatrabari,1,1,"motorcycle, passenger bus",passenger bus hit motorcycle from behind,Bangladesh,event,road accident
2429,Trawler capsize kills at least 17 in Netrokona haor,2020-08-05 18:27:05,https://en.prothomalo.com/bangladesh/accident/trawler-capsize-kills-at-least-17-in-netrokona-haor,razalikanda haor,madan upazila of netrokona,17,0,trawler,strong current,Bangladesh,event,road accident
2430,"ASI killed while chasing mugger in Dhaka

",2020-03-19 09:21:37,https://en.prothomalo.com/bangladesh/accident/asi-killed-while-chasing-mugger-in-dhaka,old airport,dhaka,1,0,motorcycle,chasing a snatcher,Bangladesh,event,road accident
2431,"Father, son killed as their motorbike hits power pole

",2020-10-19 08:34:54,https://en.prothomalo.com/bangladesh/accident/father-son-killed-as-their-motorbike-hits-power-pole,"konapara, jatrabari",dhaka,2,0,motorbike,rammed into a roadside electrical pole,Bangladesh,event,road accident
2432,Three youths killed as bus crushes motorcycle,2020-09-19 12:13:16,https://en.prothomalo.com/bangladesh/accident/three-youths-killed-as-bus-crushes-motorcycle,dhaka-khulna highway at the college intersection,gopalganj,3,0,"bus, motorcycle",bus hit motorcyclists,Bangladesh,event,road accident
2442,Road crash kills three in Dhamrai,2020-08-03 16:21:08,https://en.prothomalo.com/bangladesh/road-crash-kills-three-in-dhamrai,bathuli bus-stand,dhaka district,3,2,"bus, pickup van",bus hit a pickup van,Bangladesh,event,road accident
2445,Siblings killed in Feni road crash ,2020-07-18 00:57:00,https://en.prothomalo.com/bangladesh/accident/siblings-killed-in-feni-road-crash,gainbari,feni,2,0,cng auto-rickshaw,head-on collision,Bangladesh,event,road accident
2446,4 of a family among 6 killed in Barishal road crash,2020-09-09 20:57:06,https://en.prothomalo.com/bangladesh/accident/4-of-a-family-among-6-killed-in-barishal-road-crash,atipara area of wazirpur,barishal,6,0,covered-van and ambulance,head-on collision,Bangladesh,event,road accident
2447,"Mother, son among 5 killed in Rangpur road accident",2016-01-11 21:11:36,,rangpur-dinajpur road in rangpur’s pagla pir area,rangpur,5,0,"rickshaw van, vehicle of prison guards",vehicle of prison guards rammed a rickshaw van,Bangladesh,event,road accident
2448,Five killed in Rangpur road accident,2016-01-11 20:38:47,,rangpur-dinajpur road in rangpur’s pagla pir area,rangpur,5,0,pick-up van and rickshaw van,pick-up van of prison police rammed a rickshaw van,Bangladesh,event,road accident
2449,Bogura road crash kills four,2020-07-25 15:58:04,,matidhali,bogura,4,2,pickup van,ran over,Bangladesh,event,road accident
2450,"Cop, man killed in road accidents",2016-01-11 13:11:54,https://en.prothomalo.com/bangladesh/Cop-man-killed-in-road-crash-2,rayerbag and kuril,dhaka,2,0,bus,hit by bus,Bangladesh,event,road accident
2451,4 killed in Bogura road crash,2020-03-25 15:29:01,,"ghoga bottala, sherpur upazila",bogra,4,10,bus and truck,head-on collision,Bangladesh,event,road accident
2452,Pedestrian killed in Gopalganj road crash,2020-02-28 17:18:48,,dhaka-khulna highway in charchapta area,gopalganj,1,0,microbus,speeding microbus hit pedestrian crossing the road,Bangladesh,event,road accident
2453,Man dies in Babubazar road accident,2016-01-10 10:21:12,https://en.prothomalo.com/bangladesh/Man-dies-in-Babubazar-road-accident,babubazar,old town,1,0,human hauler,hit by a human hauler,Bangladesh,event,road accident
2463,Road transport act must be implemented in full,2021-07-31 14:13:05,https://en.prothomalo.com/opinion/editorial/road-transport-act-must-be-implemented-in-full,airport road,dhaka,2,0,bus,reckless driving,Bangladesh,event,road accident
2465,Three killed in Gopalganj road crash,2020-07-30 13:16:40,https://en.prothomalo.com/bangladesh/accident/three-killed-in-gopalganj-road-crash,dhaka-khulna highway in kashiani,gopalganj,3,2,private car,crashed into the railing of a railway flyover,Bangladesh,event,road accident
2466,Two siblings die in shipyard inhaling toxic gas,2020-03-25 00:24:38,https://en.prothomalo.com/bangladesh/local-news/two-siblings-die-in-shipyard-inhaling-toxic-gas,madambibir hat,sitakundu,2,2,vessel,inhaling toxic gas,Bangladesh,event,road accident
2467,"Our road syndrome is political, not technical",2024-05-05 17:27:53,https://en.prothomalo.com/opinion/interview/pax3mdouao,roads,dhaka,367,0,"motorcycle, bus","reckless driving, unfit vehicles, lack of driver experience, toll collection, insufficient rest for drivers, overtaking, inadequate public transport, fare hikes, competition for more trips",Bangladesh,event,road accident
2469,"Unauthorised buses on the roads, ‘appeasing’ the police

",2023-03-21 15:42:49,https://en.prothomalo.com/bangladesh/4x7harq0zr,padma bridge expressway,gopalganj,19,0,bus,"operating without route permit/fitness certificate, reckless speed",Bangladesh,event,road accident
2470,"Passenger safety restricted to law, not roads",2022-08-06 15:52:12,https://en.prothomalo.com/bangladesh/crime-and-law/1wavnwbh7p,tangail,tangail,0,1,bus,random pick-up of passengers leading to robbery and rape,Bangladesh,event,road accident
2473,No shelter for mother in her millionaire son's house,2021-09-10 22:26:42,https://en.prothomalo.com/bangladesh/local-news/no-shelter-for-mother-in-her-millionaire-sons-house,jalalabad residential area of sylhet,sylhet,0,1,,accident,Bangladesh,event,road accident
2475,Road crashes kill 3 in Dhaka,2021-03-04 22:18:37,https://en.prothomalo.com/bangladesh/accident/road-crashes-kill-3-in-dhaka,"khilkhet, postagola bridge and jatrabari areas",dhaka,3,0,drum truck,speeding truck hit pedestrian,Bangladesh,event,road accident
2476,PM Hasina for bringing drivers under dope test,2020-10-22 14:23:02,https://en.prothomalo.com/bangladesh/pm-hasina-for-bringing-drivers-under-dope-test,bangladesh road transport authority (brta) auditorium,dhaka,0,0,vehicles,drug use by drivers,Bangladesh,event,road accident