id,title,date,article_url,place_of_accident,district,number_of_deaths,number_of_injured,vehicle_type,cause_of_accident,country,report_type,type_of_accident
2477,Road crash kills 12 in Chattogram,2020-03-21 22:53:05,https://en.prothomalo.com/bangladesh/accident/road-crash-kills-10-in-chattogram,padua,chattogram,10,12,truck and human-hauler,collision between truck and human-hauler,Bangladesh,event,road accident
2480,Unfit launches spruced up for Eid trips,2022-04-25 17:43:19,,river routes across the country,keraniganj,0,0,launches,"overloading of passengers, faulty vessels, risky competition, mismanagement and lack of trained, skilled and competent crews",Bangladesh,event,road accident
2484,"Child killed in Gaibandha road crash

",2020-03-13 19:00:37,https://en.prothomalo.com/bangladesh/accident/child-killed-in-gaibandha-road-crash,majhipara village,sundarganj,1,0,cng-run auto-rickshaw,being hit by a cng-run auto-rickshaw,Bangladesh,event,road accident
2485,Tangail road crash kills 5,2020-03-28 09:50:26,,kandila,tangail sadar,5,11,truck,overturned,Bangladesh,event,road accident
2487,Man dies in road accident at Shahbagh,2015-12-29 10:37:12,https://en.prothomalo.com/bangladesh/Man-dies-in-road-accident-at-Shahbagh,shahbagh intersection,dhaka,1,0,,,Bangladesh,event,road accident
2489,"Legal action against owner if negligence found: State minister


",2021-07-10 09:25:28,https://en.prothomalo.com/bangladesh/accident/legal-action-against-owner-if-negligence-found-state-minister,rupganj factory,rupganj,52,0,factory,devastating fire,Bangladesh,event,road accident
2490,Padma boat capsize: Bride’s body retrieved,2020-03-09 10:44:14,https://en.prothomalo.com/bangladesh/local-news/padma-boat-capsize-brides-body-retrieved,padma river,rajshahi,1,0,,boat capsize,Bangladesh,event,road accident
2491,3 killed in Rangpur road crash,2020-04-26 16:36:06,,rngpur-dinajpur highway at paglapir,sadar upazila,3,5,"truck, human hauler",truck hit two human haulers,Bangladesh,event,road accident
2492,Shitalakshya launch capsize: Death toll jumps to 28,2021-04-05 23:04:34,https://en.prothomalo.com/bangladesh/accident/shitalakshya-launch-capsize-death-toll-jumps-to-28,shitalakshya river,narayanganj,28,0,launch and oil tanker,hit by an oil-laden tanker,Bangladesh,event,road accident
2493,Two siblings killed by pickup truck ,2020-06-12 00:14:51,,"basta gazinda village, hemayetpur-manikganj highway",manikganj,2,0,pickup truck,driver lost control over the steering,Bangladesh,event,road accident
2494,"Mymensingh road crash kills 7
",2020-08-08 22:59:31,,roychora area on muktagachha-jamalpur road,mymensingh,7,0,bus and cng,head on collision between bus and cng,Bangladesh,event,road accident
2497,2 killed in Thakurgaon road crash,2020-05-08 11:09:37,https://en.prothomalo.com/bangladesh/local-news/2-killed-in-thakurgaon-road-crash,thakurgaon-dinajpur road,thakurgaon,2,0,"truck, motorbike",truck hit a motorbike,Bangladesh,event,road accident
2498,2 killed in Thakurgaon road crash,2020-05-08 11:09:37,https://en.prothomalo.com/bangladesh/2-killed-in-Thakurgaon-road-crash,thakurgaon-dinajpur road,thakurgaon,2,0,"truck, motorbike",truck hit a motorbike,Bangladesh,event,road accident
2505,Schools must assign staff to help students cross roads safely: PM Hasina,2022-01-12 16:51:14,https://en.prothomalo.com/bangladesh/government/schools-must-assign-staff-to-help-students-cross-roads-safely-pm-hasina,,,0,0,,,Bangladesh,event,road accident
2506,Bicyclist killed by city truck ,2020-07-06 09:49:43,https://en.prothomalo.com/bangladesh/accident/bicyclist-killed-by-city-truck,banani,dhaka,1,0,"truck, bicycle",speeding truck hit bicyclist,Bangladesh,event,road accident
2508,Army man electrocuted in Chattogram,2020-07-04 21:33:00,https://en.prothomalo.com/bangladesh/accident/army-man-electrocuted-in-chattogram,sitakunda upazila,chattogram,1,0,,negligence of cable operators leading to electrocution,Bangladesh,event,road accident
2509,2 die as trawler capsizes in Barishal,2020-05-06 18:10:40,https://en.prothomalo.com/bangladesh/accident/2-die-as-trawler-capsizes-in-barishal,meghna river,hijla,2,0,trawler,capsized during stormy weather,Bangladesh,event,road accident
2511,BRT project generates immense suffering,2022-10-28 16:53:37,https://en.prothomalo.com/bangladesh/v1xw17tpwq,cherag ali area of tongi,gazipur,0,0,bus rapid transit (brt),"construction work narrowed the road down and created numerous potholes, knee-deep water accumulates",Bangladesh,event,road accident
2512,Five killed in Tangail boat capsize,2020-07-31 21:31:39,,"kaoaljani river, gilabari area","basail upazila, tangail",5,0,,electrocution due to contact with a live wire in mid-river,Bangladesh,event,road accident
2515,2 killed in Narsingdi road crash,2020-03-20 11:01:42,https://en.prothomalo.com/bangladesh/accident/2-killed-in-narsingdi-road-crash,dhaka-sylhet highway,narsingdi sadar,2,6,,,Bangladesh,event,road accident
2516,2 killed in Narsingdi road crash,2020-03-20 11:01:42,https://en.prothomalo.com/bangladesh/2-killed-in-Narsingdi-road-crash,dhaka-sylhet highway at madhabdi,narsingdi sadar,2,6,,,Bangladesh,event,road accident
2521,"2 killed in Bogura road crash

",2020-05-17 15:21:40,,sherpur-dhaka highway at zamuna para,sherpur,2,3,"truck, auto-rickshaw",truck hit an auto-rickshaw,Bangladesh,event,road accident
2523,"Three killed, 20 injured in Magura road crash
",2020-09-18 17:45:02,https://en.prothomalo.com/bangladesh/accident/three-killed-20-injured-in-magura-road-crash,dhaka-khulna highway in mugi area of magura sadar upazila,magura,3,20,bus,head-on collision between two buses,Bangladesh,event,road accident
2525,"Ambulance falls into pond with dead body

",2020-06-24 15:18:24,https://en.prothomalo.com/bangladesh/local-news/ambulance-falls-into-pond-with-dead-body,bagatipara,natore,0,7,ambulance,fell into a pond,Bangladesh,event,road accident
2526,2 killed in Tangail traffic accident,2015-12-17 14:10:20,https://en.prothomalo.com/bangladesh/2-killed-in-Tangail-traffic-accident,soratoil area,kalihati,2,9,bus and a truck,collision,Bangladesh,event,road accident
2527,8 killed in Sirajganj road accident,2015-12-15 15:35:13,https://en.prothomalo.com/bangladesh/8-killed-in-Sirajganj-road-accident,nagarbari-bogra highway,sirajganj,8,0,"oil tanker, thee-wheeler",collision between vehicles,Bangladesh,event,road accident
2528,7 die in Rajshahi road accident,2015-12-15 15:33:15,https://en.prothomalo.com/bangladesh/7-die-in-Rajshahi-road-accident,"machhkata dighi poshchimpara, rajshahi",rajshahi,7,48,"bus, auto-rickshaw",head-on collision,Bangladesh,event,road accident
2533,"Father saves son from a Royal Bengal Tiger in Sundarbans

",2021-04-15 20:22:18,,deep forest of the sundarbans,satkhira,0,1,"boat, coast guard speedboat",tiger attack,Bangladesh,event,road accident
2535,Cover of the book ‘The Rana Plaza Experience: Ensuring Wellbeing and Transforming the RMG Industry’ unveiled at IBA,2023-04-20 19:26:45,,rana plaza,dhaka,1134,2500,,structural collapse,Bangladesh,event,road accident
2536,Man cleans blood from floor to destroy evidence of murdering wife: Police ,2021-04-09 15:39:36,,hatirjheel,gulshan,1,0,car,orchestrated road accident to conceal murder,Bangladesh,event,road accident
2537,"Wrongly jailed woman released after 3 years, only to die in a road crash",2021-07-04 23:05:37,,bayezid connecting road,chattogram,1,0,,road crash,Bangladesh,event,road accident
2539,Journo Abdullah Faruk killed in road accident,2015-12-13 12:14:18,,kakrail intersection,dhaka,1,0,truck,hit by a truck,Bangladesh,event,road accident
2542,2 killed in Sylhet road accident,2015-12-09 11:01:32,https://en.prothomalo.com/bangladesh/2-killed-in-Sylhet-road-accident,sylhet-dhaka highway at lalabazar in south surma upazila,sylhet,2,4,truck,a sylhet-bound truck rammed into a standing truck from behind,Bangladesh,event,road accident
2544,2 bikers killed in road accident,2015-12-08 11:06:43,,chandani,rajbari,2,0,"truck, motorcycle",truck rammed into their motorcycle,Bangladesh,event,road accident
2547,2 cops killed in road accidents,2015-12-15 12:00:41,https://en.prothomalo.com/bangladesh/2-cops-killed-in-road-accidents,jessore,jessore,2,0,,,Bangladesh,event,road accident
2548,Young man killed in road accident at Rampura,2015-12-15 11:28:53,https://en.prothomalo.com/bangladesh/Young-man-killed-in-road-accident-at-Rampura,"rampura area, in front of molla tower, opposite bangladesh television bhaban",dhaka,1,0,unidentified vehicle,vehicle ran over victim,Bangladesh,event,road accident
2552,How to bring order to Dhaka streets,2021-11-25 19:19:30,https://en.prothomalo.com/opinion/op-ed/how-to-bring-order-to-dhaka-streets,gulistan,dhaka,1,0,dumpster truck,hit by dumpster truck,Bangladesh,event,road accident
2555,Launch capsize: 30 bodies recovered from Buriganga,2020-06-29 14:57:26,,buriganga river,,30,0,,capsized,Bangladesh,event,road accident
2557,'I am ready to sacrifice my limb',2022-04-10 21:03:04,https://en.prothomalo.com/bangladesh/city/i-am-ready-to-sacrifice-my-limb,dhaka university,dhaka,0,1,motorcycle,motorcycle accident,Bangladesh,event,road accident
2559,Preparations must be taken to ensure success of metro rail ,2021-09-01 17:05:32,https://en.prothomalo.com/opinion/editorial/preparations-must-be-taken-to-ensure-success-of-metro-rail,uttara to pallabi,dhaka,0,0,metro rail,,Bangladesh,event,road accident
2560,Quader for probe as Khalid smells deep conspiracy,2021-08-31 18:33:30,https://en.prothomalo.com/bangladesh/government/quader-for-probe-as-khalid-smells-deep-conspiracy,padma bridge,munshiganj,0,0,,ferry hitting padma bridge,Bangladesh,event,road accident
2562,2 killed in Pabna road crash,2020-02-28 12:00:18,https://en.prothomalo.com/bangladesh/accident/2-killed-in-pabna-road-crash,pabna-dhaka highway at madhupur in ataikula upazila,pabna,2,3,covered van and a truck,collision,Bangladesh,event,road accident
2563,2 killed in Pabna road crash,2020-02-28 12:00:18,https://en.prothomalo.com/bangladesh/2-killed-in-Pabna-road-crash-2,pabna-dhaka highway at madhupur,pabna,2,3,covered van and a truck,collision,Bangladesh,event,road accident
2565,2 killed in Rajshahi road crash,2020-02-12 11:56:13,https://en.prothomalo.com/bangladesh/2-killed-in-Rajshahi-road-crash-3,razabari intersection,godagari,2,3,"pickup, truck",pickup crashed into a parked truck,Bangladesh,event,road accident
2566,2 killed in Rajshahi road crash,2020-02-12 11:56:13,https://en.prothomalo.com/bangladesh/2-killed-in-Rajshahi-road-crash,razabari intersection,godagari,2,3,pickup and parked truck,collision between pickup and parked truck,Bangladesh,event,road accident
2568,BM Container Depot owners flouted rules,2022-06-13 16:07:00,https://en.prothomalo.com/bangladesh/bm-container-depot-owners-flouted-rules,bm container depot,chattogram,0,0,container,flouting safety guidelines for hazardous substances storage,Bangladesh,event,road accident
2570,Man killed in Satkhira road crash,2020-02-11 15:11:24,https://en.prothomalo.com/bangladesh/Man-killed-in-Satkhira-road-crash,kumira secondary school,satkhira,1,0,bus,hit by bus,Bangladesh,event,road accident
2571,Road crash amid virus lockdown kills two,2020-04-25 14:53:02,https://en.prothomalo.com/bangladesh/accident/road-crash-amid-virus-lockdown-kills-two,jaigirhat bus stand,rangpur,2,4,"truck, rickshaw, van, bicyclist",truck hit rickshaw and van,Bangladesh,event,road accident
2574,Six killed in Chuadanga road crash,2020-08-08 12:47:21,https://en.prothomalo.com/bangladesh/local-news/five-killed-in-chuadanga-road-crash,sarojganj bazar,chuadanga,6,3,"bus, motorcycle, human hauler",bus hitting motorcycle and human haulers,Bangladesh,event,road accident
2575,"Road crash kills 2 of a family in Munshiganj

",2020-03-17 22:56:17,https://en.prothomalo.com/bangladesh/accident/road-crash-kills-2-of-a-family-in-munshiganj,dhaka-mawa highway in keyotkhiya area of sreenagar upazila,munshiganj,2,0,"truck, motor-cycle",truck hit a motor-cycle,Bangladesh,event,road accident
2576,Road crash kill two in Gazipur,2020-02-15 13:27:29,https://en.prothomalo.com/bangladesh/Road-crash-kill-two-in-Gazipur,dhaka-mymensingh highway in rajendrapur area,gazipur,2,10,,,Bangladesh,event,road accident
2577,College student killed in road crash,2020-01-13 23:38:43,https://en.prothomalo.com/bangladesh/College-student-killed-in-road-crash-5,digholi kazibari,sylhet,1,1,"motorcycle, human-hauler",collision with human-hauler,Bangladesh,event,road accident
2578,College student killed in road crash,2020-01-13 23:38:43,https://en.prothomalo.com/bangladesh/College-student-killed-in-road-crash-4,digholi kazibari,biswanath,1,1,"motorcycle, human-hauler",crash between human-hauler and motorcycle,Bangladesh,event,road accident
2579,College student killed in road crash,2020-01-13 23:38:43,https://en.prothomalo.com/bangladesh/College-student-killed-in-road-crash-3,digholi kazibari,sylhet,1,1,"motorcycle, human-hauler",human-hauler crashed into motorcycle,Bangladesh,event,road accident
2580,College student killed in road crash,2020-01-13 23:38:43,https://en.prothomalo.com/bangladesh/College-student-killed-in-road-crash-2,digholi kazibari,sylhet,1,1,"motorcycle, human-hauler",human-hauler crashed into motorcycle,Bangladesh,event,road accident
2581,College student killed in road crash,2020-01-13 23:38:43,https://en.prothomalo.com/bangladesh/College-student-killed-in-road-crash,digholi kazibari,biswanath,1,1,"human-hauler, motorcycle",human-hauler crashed into motorcycle,Bangladesh,event,road accident
2584,Bus driver killed in Jashore road crash,2020-02-19 14:14:38,,navaran-satkhira road at harikeni,jashore,1,15,two buses,head-on collision,Bangladesh,event,road accident
2586,Minor’s body retrieved from canal,2020-02-03 12:41:02,,kadamtola area,kadamtala,1,0,,fell into a canal,Bangladesh,event,road accident
2587,"HC summons two police investigators over death of Minu Akhter
",2021-08-16 21:40:58,https://en.prothomalo.com/bangladesh/crime-and-law/hc-summons-two-police-investigators-over-death-of-minu-akhter,chattogram,chattogram,1,0,,,Bangladesh,event,road accident
2589,Road crash kills 2 in Dhaka,2020-01-17 13:53:20,,saddam market,jatrabari,2,0,,,Bangladesh,event,road accident
2594,"Uncle, nephew killed in Joypurhat road accident",2015-11-20 13:13:18,https://en.prothomalo.com/bangladesh/Uncle-nephew-killed-in-Joypurhat-road-accident,khurikata in khetlal upazila,khetlal,2,9,human hauler,skidded off the road,Bangladesh,event,road accident
2598,3 killed as tractor hits bike,2020-01-31 22:24:02,,jagusa village,jhenaidah,3,0,"motorcycle, tractor",tractor hit motorcycle,Bangladesh,event,road accident
2603,Five killed as bus hits human hauler,2020-01-12 18:19:27,,dhaka-khulna highway,rajbari,5,2,"bus, human hauler",collision,Bangladesh,event,road accident
2605,2 killed in Chattogram road crash,2020-03-12 10:17:26,https://en.prothomalo.com/bangladesh/accident/2-killed-in-chattogram-road-crash-4,chattogram-cox’s bazar highway at chunti banpukur,chattogram,2,1,goods-laden trolley,plunged into a roadside ditch,Bangladesh,event,road accident
2606,2 killed in Chattogram road crash,2020-03-12 10:17:26,https://en.prothomalo.com/bangladesh/accident/2-killed-in-chattogram-road-crash-2,chattogram-cox’s bazar highway at chunti banpukur,chattogram,2,1,goods-laden trolley,plunged into a roadside ditch,Bangladesh,event,road accident
2607,2 killed in Chattogram road crash,2020-03-12 10:17:26,https://en.prothomalo.com/bangladesh/2-killed-in-Chattogram-road-crash-2,chattogram-cox’s bazar highway at chunti banpukur,chattogram,2,1,trolley,plunged into a roadside ditch,Bangladesh,event,road accident
2609,Willes Little Flower School teacher’s hand severed in road crash,2020-03-10 20:38:05,https://en.prothomalo.com/bangladesh/accident/willes-little-flower-schools-teachers-hand-severed-in-road-crash,"ghonapara, gopalganj sadar upazila",gopalganj,0,15,"bus, truck",bus hitting a stationed truck from behind,Bangladesh,event,road accident
2613,18 injured as car ploughed through Dhaka crowd,2020-02-23 15:29:26,https://en.prothomalo.com/bangladesh/18-injured-as-car-ploughs-through-Dhaka-crowd,kurmitola area,dhaka,0,18,car,ploughed through crowd,Bangladesh,event,road accident
2615,"Mother, daughter killed in road crash",2020-02-23 12:26:36,https://en.prothomalo.com/bangladesh/Mother-daughter-killed-in-road-crash-3,mouchak aambagan area,gazipur,2,5,,,Bangladesh,event,road accident
2616,"Mother, daughter killed in road crash",2020-02-23 12:26:36,https://en.prothomalo.com/bangladesh/Mother-daughter-killed-in-road-crash-2,mouchak aambagan area,gazipur,2,5,road,,Bangladesh,event,road accident
2617,"Mother, daughter killed in road crash",2020-02-23 12:26:36,https://en.prothomalo.com/bangladesh/Mother-daughter-killed-in-road-crash,mouchak aambagan area,gazipur,2,5,car,,Bangladesh,event,road accident
2619,"Mother, daughter killed in road crash",2019-12-05 09:46:40,https://en.prothomalo.com/bangladesh/Mother-daughter-killed-in-road-crash-3,nabogram,manikganj,2,0,pickup,hit by pickup,Bangladesh,event,road accident
2620,"Mother, daughter killed in road crash",2019-12-05 09:46:40,https://en.prothomalo.com/bangladesh/Mother-daughter-killed-in-road-crash-2,nabogram,manikganj,2,0,pickup,hit,Bangladesh,event,road accident
2621,"Mother, daughter killed in road crash",2019-12-05 09:46:40,https://en.prothomalo.com/bangladesh/Mother-daughter-killed-in-road-crash,nabogram,manikganj,2,0,pickup,vehicle collision,Bangladesh,event,road accident
2622,Former cricketer killed in Manikganj road crash,2020-04-20 20:00:24,https://en.prothomalo.com/bangladesh/local-news/former-cricketer-killed-in-manikganj-road-crash,kalibari in daulatpur upazila,manikganj,1,0,"trolley van, motorbike",collision between a trolley van and the motorcycle,Bangladesh,event,road accident
2623,4 killed in Keraniganj road crash,2020-01-21 20:11:23,https://en.prothomalo.com/bangladesh/4-killed-in-Keraniganj-road-crash,hazratpur,keraniganj,4,2,auto-rickshaw and motorbike,auto-rickshaw hit a motorbike,Bangladesh,event,road accident
2625,Young man dies in Banani road accident,2015-11-11 10:49:01,https://en.prothomalo.com/bangladesh/Young-man-dies-in-Banani-road-accident,banani,dhaka,1,0,"motorcycle, truck",truck hit motorcycle,Bangladesh,event,road accident
2626,BIWTA can’t avoid responsibility of speedboat tragedy,2021-05-06 19:45:23,https://en.prothomalo.com/opinion/editorial/biwta-cant-avoid-responsibility-of-speedboat-tragedy,"kathalbari, madaripur and shitalakshya river",madaripur,69,0,"speedboat, bulkhead, passenger launch","lack of licenses for vessels and drivers, operating with under-aged drivers, negligence of authorities (biwta, coast guard)",Bangladesh,event,road accident
2628,"Kaptai boat capsize: Bodies of mother, son retrieved",2020-02-18 21:48:56,https://en.prothomalo.com/bangladesh/Kaptai-boat-capsize-Bodies-of-mother-son,sarafbhata river in rangunia upazila in chattogram,rangamati,2,0,,boat sank,Bangladesh,event,road accident
2629,Two police officers die in road accidents,2015-11-10 14:51:10,https://en.prothomalo.com/bangladesh/Two-police-officers-die-in-road-accidents,dhaka and rajshahi,dhaka and rajshahi,2,0,,,Bangladesh,event,road accident
2630,ASI killed in capital city road accident,2015-11-10 11:07:42,https://en.prothomalo.com/bangladesh/ASI-killed-in-capital-city-road-accident,airport roundabout,capital,1,0,buses,"collision between two buses, with a metallic substance piercing the victim's abdomen",Bangladesh,event,road accident
2634,Where child labour is still very 'normal',2022-06-12 20:32:19,https://en.prothomalo.com/bangladesh/where-child-labour-is-still-very-normal,nurbagh,kamrangirchar,0,0,machine,child labor,Bangladesh,event,road accident
2638,Collision between two buses claims two lives,2020-01-17 14:03:58,,shantirhat area,"patiya upazila, chattogram",2,10,two buses,head-on collision,Bangladesh,event,road accident
2639,Man rescued from sunken launch after 13 hours ‘doing well’ ,2020-06-30 09:00:08,https://en.prothomalo.com/bangladesh/accident/man-rescued-from-sunken-launch-after-13-hours-doing-well,buriganga river,munshiganj,0,1,,launch-capsize incident,Bangladesh,event,road accident
2640,"Not a student, yet he controls all activities at CoU ",2022-04-02 16:00:04,https://en.prothomalo.com/bangladesh/politics/not-a-student-yet-he-controls-all-activities-at-cu,comilla university campus,comilla,1,0,vehicle,"political activity, demanding jobs and contracting work",Bangladesh,event,road accident
2642,3 killed in Dinajpur road crash,2020-01-29 11:40:40,,birampur-nawabganj road at jolagari,birampur,3,0,motorbike and a vehicle carrying a dredger machine,crash between a motorbike and a vehicle,Bangladesh,event,road accident
2643,Chattogram bus plunge leaves two dead,2020-01-28 17:42:37,,chattogram-kaptai road at pahartoli in raozan upazila,chattogram,2,15,bus,plunged into a road side ditch,Bangladesh,event,road accident
2647,Six of a family injured in Sirajganj gas leakage fire,2020-02-24 15:02:09,https://en.prothomalo.com/bangladesh/Six-of-a-family-injured-in-Sirajganj-gas-leakage,dukhiabari village,sirajganj sadar upazila,0,6,gas cylinder,leakage in gas cylinder pipe,Bangladesh,event,road accident
2648,2 killed in Mymensingh road crash,2020-01-26 10:50:58,https://en.prothomalo.com/bangladesh/accident/xmi9mzllmi,natun bazar,mymensingh,2,5,"truck, auto-rickshaw",truck hit auto-rickshaw,Bangladesh,event,road accident
2649,2 killed in Mymensingh road crash,2020-01-26 10:50:58,https://en.prothomalo.com/bangladesh/2-killed-in-Mymensingh-road-crash-3,natun bazar in muktagachha municipality area,mymensingh,2,5,"truck, auto-rickshaw",truck hit an auto-rickshaw,Bangladesh,event,road accident
2650,2 killed in Mymensingh road crash,2020-01-26 10:50:58,https://en.prothomalo.com/bangladesh/2-killed-in-Mymensingh-road-crash,"natun bazar, muktagachha municipality area",mymensingh,2,5,"truck, auto-rickshaw",truck hit an auto-rickshaw,Bangladesh,event,road accident
2654,Road crashes kill 4 in two districts,2020-03-20 14:52:50,https://en.prothomalo.com/bangladesh/accident/road-crashes-kill-4-in-two-districts-2,dhaka-mymensingh highway at bhandab in bhaluka upazila,bhaluka,2,0,truck,one truck hit another truck,Bangladesh,event,road accident
2655,Road crashes kill 4 in two districts,2020-03-20 14:52:50,https://en.prothomalo.com/bangladesh/accident/road-crashes-kill-4-in-two-districts,dhaka-mymensingh highway at bhandab in bhaluka upazila,mymensingh,2,0,truck,truck hit another truck,Bangladesh,event,road accident
2656,3 killed as truck hits auto-rickshaw in Kushtia,2019-12-24 18:26:24,https://en.prothomalo.com/bangladesh/Prothom-Alo-English-Desk-11,kushtia-iswardi highway in bheramara upazila,bheramara,3,2,truck and auto-rickshaw,truck crashed into an auto-rickshaw,Bangladesh,event,road accident
2658,Lethal issue that flies under the radar despite growing to alarming levels in Dhaka,2022-11-16 12:47:24,,dhaka,dhaka,0,0,"motorcycle, public transport, car","noise pollution, honking horns unnecessarily while waiting in traffic signals",Bangladesh,event,road accident
2660,Two teens killed as bike hits electricity pole,2020-02-17 10:02:52,https://en.prothomalo.com/bangladesh/Two-teens-killed-as-bike-hits-electricity-pole,"maizbari, sunamganj",sunamganj,2,2,motorcycle,crashing into a roadside electricity pole,Bangladesh,event,road accident
2661,Schoolgirl killed in road crash,2019-12-18 10:50:50,https://en.prothomalo.com/bangladesh/Schoolgirl-killed-in-road-crash-2,joyhari,chandpur,1,4,truck and auto-rickshaw,truck hit an auto-rickshaw,Bangladesh,event,road accident
2662,Schoolgirl killed in road crash,2019-12-18 10:50:50,https://en.prothomalo.com/bangladesh/Schoolgirl-killed-in-road-crash,joyhari,chandpur,1,4,truck and auto-rickshaw,truck hit an auto-rickshaw,Bangladesh,event,road accident
2663,Three killed in Magura road crashes,2020-03-02 18:34:00,https://en.prothomalo.com/bangladesh/accident/three-killed-in-magura-road-crashes,magura sadar upazila,magura,3,5,,,Bangladesh,event,road accident
2664,5 killed as private car catches fire after falling into ditch,2020-03-01 20:24:18,https://en.prothomalo.com/bangladesh/accident/5-killed-as-private-car-catches-fire-after-falling-into-ditch,dhaka-barisal highway at chagalchira,gopalganj,5,0,private car,falling into a roadside ditch and catching fire,Bangladesh,event,road accident
2667,Road blocked in Munshiganj after JSC examinee killed in accident,2015-11-09 11:59:32,,"kuchiamora area, sirajdikhan upazila",sirajganj,1,1,"bus, rickshaw",bus hit a rickshaw,Bangladesh,event,road accident
2668,Barisal road accident kills 2 siblings,2015-11-09 09:23:33,,ichladi,ujirpur,2,4,"micro bus, pickup",head-on collision,Bangladesh,event,road accident
2669,"Brahmanbaria boat capsize: 21 bodies recovered, many missing",2021-08-28 10:36:12,https://en.prothomalo.com/bangladesh/accident/brahmanbaria-boat-capsize-21-bodies-recovered-many-missing,titas river of bijoynagar,brahmanbaria,21,0,"passenger boat, trawler, cargo ship",collision between vessels,Bangladesh,event,road accident
2671,Two motorcyclists killed in road crash,2019-12-04 12:34:39,https://en.prothomalo.com/bangladesh/Two-motorcyclists-killed-in-road-crash-2,mahiarpur,rangpur,2,0,motorcycle,,Bangladesh,event,road accident
2672,Bus-truck collision kills five ,2020-03-14 19:20:07,https://en.prothomalo.com/bangladesh/local-news/bus-truck-collision-kills-five,khulna-mawa highway in kakdanga of fakirhat upazila,fakirhat,5,12,"bus, truck",head on collision,Bangladesh,event,road accident
2674,"Father, daughter electrocuted in Mymensingh",2019-11-26 15:15:00,https://en.prothomalo.com/bangladesh/Father-daughter-electrocuted-in-Mymensingh,dhopajangalia,gouripur,2,0,,electrocution,Bangladesh,event,road accident
2676,"IU students, teachers among 40 injured in road crash",2020-02-14 11:51:07,https://en.prothomalo.com/bangladesh/IU-students-teachers-among-40-injured-in-road,bittipara,kushtia,0,40,,,Bangladesh,event,road accident
2677,3 killed as bus collides with ambulance in Rangpur,2020-01-15 13:09:23,https://en.prothomalo.com/bangladesh/3-killed-as-bus-collides-with-ambulance-in-Rangpur,bachurbanda area,rangpur,3,2,ambulance and bus,head-on collision,Bangladesh,event,road accident
2678,"4 killed in Rajshahi, Kushtia road crashes

",2020-03-25 12:31:08,https://en.prothomalo.com/bangladesh/accident/4-killed-in-rajshahi-kushtia-road-crashes,rajshahi-chapainawabganj highway at bijoynagar in godagari upazila and kushtia-iswardi highway at talbaria in mirpur upazila,rajshahi and kushtia,4,25,bus and truck,head-on collision and picnic bus hit a truck,Bangladesh,event,road accident
2680,Sirajganj road crashes kill three,2020-02-25 21:04:07,https://en.prothomalo.com/bangladesh/Sirajganj-road-crashes-kill-three,raiganj upazila of sirajganj,sirajganj,3,13,road accident vehicles,,Bangladesh,event,road accident
2682,One killed in city road crash,2019-11-27 15:27:50,https://en.prothomalo.com/bangladesh/One-killed-in-city-road-crash-2,gandaria,dhaka,1,0,"truck, rickshaw",run over,Bangladesh,event,road accident
2683,One killed in city road crash,2019-11-27 15:27:50,https://en.prothomalo.com/bangladesh/One-killed-in-city-road-crash,gandaria,gandaria,1,0,"truck, rickshaw",being run over by a truck,Bangladesh,event,road accident
2684,Man killed in road crash,2019-10-27 11:58:22,https://en.prothomalo.com/bangladesh/Man-killed-in-road-crash-2,hatikumrul roundabout,sirajganj,1,0,truck and bicycle,truck hit the bicycle,Bangladesh,event,road accident
2685,Man killed in road crash,2019-10-27 11:58:22,https://en.prothomalo.com/bangladesh/Man-killed-in-road-crash-3,hatikumrul roundabout,sirajganj,1,0,"truck, bicycle",truck hit bicycle,Bangladesh,event,road accident
2686,Man killed in road crash,2019-10-27 11:58:22,https://en.prothomalo.com/bangladesh/Man-killed-in-road-crash,hatikumrul roundabout,sirajganj,1,0,"truck, bicycle",truck hit the bicycle,Bangladesh,event,road accident
2687,College teacher killed in road crash,2019-12-27 00:12:32,,biraldoho mazar area of puthia upazila on dhaka-rajshahi highway,rajshahi,1,0,"truck, motorcycle",hit by a goods-laden truck while trying to overtake a motorcycle,Bangladesh,event,road accident
2689,Bogra road accident kills 3,2015-11-03 22:26:45,https://en.prothomalo.com/bangladesh/Bogra-road-accident-kills-3-2,bogura-rangpur highway,bogra,3,35,bus and truck,speeding bus collided with a truck,Bangladesh,event,road accident
2690,BCL leader among two killed in road crash,2020-01-08 23:35:18,,sunamganj-sylhet highway,sunamganj,2,0,"motorcycle, pickup",collision,Bangladesh,event,road accident
2691,HC asks Green Line Paribahan to pay Russel another Tk 2m,2020-10-01 18:38:48,https://en.prothomalo.com/bangladesh/crime-and-law/hc-asks-green-line-paribahan-to-pay-russel-another-tk-2m,dholaipar,dhaka,0,1,bus,,Bangladesh,event,road accident