id,title,date,article_url,place_of_accident,district,number_of_deaths,number_of_injured,vehicle_type,cause_of_accident,country,report_type,type_of_accident
2692,MV Abhijan-10 kept moving for 40 minutes after catching fire,2021-12-25 11:05:45,,"sugandha river, dapdapia point",barishal,0,0,mv abhijan-10 launch,fire in the engine room,Bangladesh,event,road accident
2695,Narayanganj mosque blast: 4 Titas engineers among 8 suspended,2020-09-07 20:19:36,https://en.prothomalo.com/bangladesh/narayanganj-mosque-blast-4-titas-engineers-among-8-suspended,baitus salat jam-e-masjid in paschim talla area,narayanganj,27,50,,explosion,Bangladesh,event,road accident
2699,Road crash kills 4 madrasa students,2020-03-15 14:00:44,https://en.prothomalo.com/bangladesh/local-news/road-crash-kills-4-madrasa-students,"konabari, kamarkhand",sirajganj,4,0,bus and truck,collision,Bangladesh,event,road accident
2704,Five drown as boat capsizes in Kaptai Lake,2020-02-14 15:58:09,https://en.prothomalo.com/bangladesh/Five-drown-as-boat-capsizes-in-Kaptai-Lake,kaptai lake,rangamati,5,0,,collision with another boat,Bangladesh,event,road accident
2705,Step up supervision of river routes,2021-04-17 15:40:29,https://en.prothomalo.com/opinion/editorial/step-up-supervision-of-river-routes,river shitalakshya near the under-construction third bridge,narayanganj,34,0,cargo vessel and launch,collision between vessels,Bangladesh,event,road accident
2706,5 killed in road crash,2020-03-09 15:22:07,https://en.prothomalo.com/bangladesh/accident/5-killed-in-road-crash,hossain market bottola area,tangail,5,1,,,Bangladesh,event,road accident
2707,College teacher killed in Rajshahi road crash,2019-12-26 22:38:59,,dhaka-rajshahi highway,rajshahi,1,0,truck,crushed under the wheels,Bangladesh,event,road accident
2709,Two schoolboys killed as truck hits motorbike in Sherpur,2020-02-21 17:45:13,,baromaisa area,sherpur,2,1,"truck, motorbike",truck rammed the motorbike,Bangladesh,event,road accident
2713,Gopalganj road crash kills 2,2019-11-21 11:52:57,https://en.prothomalo.com/bangladesh/Gopalganj-road-crash-kills-2-2,dhaka-khulna highway at dhundia,gopalganj,2,0,"covered van, pedal van",collision between covered van and pedal van,Bangladesh,event,road accident
2714,Gopalganj road crash kills 2,2019-11-21 11:52:57,https://en.prothomalo.com/bangladesh/Gopalganj-road-crash-kills-2,dhaka-khulna highway at dhundia,gopalganj,2,0,"covered van, pedal van",collision between covered van and pedal van,Bangladesh,event,road accident
2715,Gopalganj road crash kills 2,2019-11-21 11:52:57,https://en.prothomalo.com/bangladesh/Gopalganj-road-crash-kills-2-3,dhaka-khulna highway at dhundia,gopalganj,2,0,"covered van, pedal van",covered van hit pedal van,Bangladesh,event,road accident
2717,City road crash kills pedestrian,2020-01-04 18:51:19,https://en.prothomalo.com/bangladesh/City-road-crash-kills-pedestrian,west kalshi road,pallabi,1,0,covered van,pedestrian hit by vehicle,Bangladesh,event,road accident
2718, Mayur-2 launch owner on 3-day remand,2020-07-09 23:46:12,https://en.prothomalo.com/bangladesh/crime-and-law/mayur-2-launch-owner-on-3-day-remand,buriganga river,dhaka,34,0,,launch capsize,Bangladesh,event,road accident
2719,Chuadanga road crash kills one,2019-11-27 12:59:39,https://en.prothomalo.com/bangladesh/Chuadanga-road-crash-kills-one,brac intersection,chuadanga,1,0,truck,truck hit pedestrian,Bangladesh,event,road accident
2721,Compel owners and drivers to follow the law,2021-01-21 14:24:34,https://en.prothomalo.com/opinion/editorial/compel-owners-and-drivers-to-follow-the-law,near the airport in the capital city,dhaka,2,0,"motorbike, bus",reckless driving by bus,Bangladesh,event,road accident
2726,4.4 million driving licences pending at BRTA,2022-03-29 19:37:52,https://en.prothomalo.com/bangladesh/44-million-driving-licences-pending-at-brta,,,0,0,,,Bangladesh,event,road accident
2727,'How much earlier do I have to start out?',2022-03-29 14:27:03,https://en.prothomalo.com/opinion/op-ed/how-much-earlier-do-i-have-to-start-out,dhaka city,dhaka,0,0,cng-run autorickshaw,traffic jams,Bangladesh,event,road accident
2728,Paralyzed woman dies as city building catches fire,2020-02-28 13:32:58,https://en.prothomalo.com/bangladesh/accident/paralyzed-woman-dies-as-city-building-catches-fire,bashbari mandir road,mohammadpur,1,0,,fire,Bangladesh,event,road accident
2735,Couple killed in Cumilla road crash,2020-01-01 13:03:39,https://en.prothomalo.com/bangladesh/Couple-killed-in-Cumilla-road-crash,dhaka-chattogram highway at sujatpur in chouddagram upazila,cumilla,2,2,private car,hit a roadside tree,Bangladesh,event,road accident
2736,Woman dies as scarf tangles with rickshaw wheel,2019-12-31 15:31:03,https://en.prothomalo.com/bangladesh/Woman-dies-as-scarf-tangles-with-rickshaw-wheel,jontrail purbopara mosque,nawabganj,1,0,auto-rickshaw,scarf got tangled with a wheel of an auto-rickshaw,Bangladesh,event,road accident
2738,"Student killed by lorry, protesters block road",2020-01-27 16:15:56,https://en.prothomalo.com/bangladesh/Student-killed-by-lorry-protesters-block-road,near baldha garden,wari,1,0,wasa lorry,protest blocking road after student was hit and killed,Bangladesh,event,road accident
2744,Woman with burn injuries dies at DMCH,2019-12-14 22:12:12,https://en.prothomalo.com/bangladesh/Woman-with-burn-injuries-dies-at-DMCH,jurain area,dhaka,1,0,kerosene stove,stove blast,Bangladesh,event,road accident
2745,Two killed in Kushtia road crashes,2020-01-25 23:44:39,https://en.prothomalo.com/bangladesh/Two-killed-in-Kushtia-road-crashes,kushtia-rajbari highway,kumarkhali,1,0,nosimon,hit by a nosimon,Bangladesh,event,road accident
2746,"Man, nephew 'electrocuted'",2019-10-31 12:08:02,https://en.prothomalo.com/bangladesh/Man-nephew-electrocuted,damodorpur village,gaibandha,2,0,,electrocution,Bangladesh,event,road accident
2750,2 killed in Rajshahi road crash,2019-12-13 11:15:24,https://en.prothomalo.com/bangladesh/2-killed-in-Rajshahi-road-crash-3,rajshahi-natore highway,rajshahi,2,0,"bus, motorbike",,Bangladesh,event,road accident
2751,2 killed in Rajshahi road crash,2019-12-13 11:15:24,https://en.prothomalo.com/bangladesh/2-killed-in-Rajshahi-road-crash,rajshahi-natore highway,rajshahi,2,0,bus and motorbike,bus hit a motorbike,Bangladesh,event,road accident
2752,"Daughter killed, mother injured in city road crash",2020-01-23 22:22:39,,tikatuli,old dhaka,1,1,"covered van, rickshaw",covered van hit the rickshaw,Bangladesh,event,road accident
2753,Siblings among 3 construction workers electrocuted,2020-01-22 16:54:19,,buriganga river in hazaribagh area,hazaribagh,3,2,,electrocution,Bangladesh,event,road accident
2754,Two motorcyclists killed in Keraniganj road crash,2019-12-25 19:48:22,,zhilmil residential area,keraniganj,2,0,truck and motorcycle,truck hit motorcycle,Bangladesh,event,road accident
2756,Man killed in Jashore road crash,2019-12-20 11:36:43,https://en.prothomalo.com/bangladesh/Man-killed-in-Jashore-road-crash,jashore-jhenaidah road,sadar upazila,1,1,bus,run over by a bus,Bangladesh,event,road accident
2757,Road crash claims five lives,2020-02-14 12:59:54,https://en.prothomalo.com/bangladesh/Road-crash-claims-five-lives,dhaka-khulna highway at pona bus stand,gopalganj,5,5,"bus, human hauler",collision between bus and human hauler,Bangladesh,event,road accident
2759,5 killed after two buses collide in Rajbari,2019-12-18 20:29:44,https://en.prothomalo.com/bangladesh/5-killed-after-two-buses-collide-in-Rajbari,rajbari-kushtia road in gandimara area,rajbari,5,30,two buses,head-on collision,Bangladesh,event,road accident
2761,2 of a family among 4 killed in road crash,2020-01-29 21:15:04,https://en.prothomalo.com/bangladesh/2-of-a-family-among-4-killed-in-Mymensingh-road,mymensingh-kishoreganj highway,mymensingh,4,2,"bus, auto-rickshaw",bus collided with auto-rickshaw,Bangladesh,event,road accident
2762,"Jamuna boat capsize toll rises to five, 13 still missing",2020-05-27 13:15:06,https://en.prothomalo.com/bangladesh/accident/jamuna-boat-capsize-toll-rises-to-five-13-still-missing,jamuna river,sirajganj,5,0,,capsized,Bangladesh,event,road accident
2764,Two killed in Rajshahi road crash,2019-12-15 13:24:17,https://en.prothomalo.com/bangladesh/Two-killed-in-Rajshahi-road-crash,tetultola,mohanpur,2,0,motorcycle,road accident,Bangladesh,event,road accident
2770,5 killed in road accident,2015-10-13 12:40:18,https://en.prothomalo.com/bangladesh/5-killed-in-road-accident,dhaka-tangail highway in sutrapur area,gazipur,5,6,bus and human hauler (leguna),collision,Bangladesh,event,road accident
2777,Security guard killed in city road crash,2019-11-27 08:53:29,https://en.prothomalo.com/bangladesh/Security-guard-killed-in-city-road-crash,gulshan area,dhaka,1,0,private car,vehicle collision,Bangladesh,event,road accident
2780,"Mother, daughter among 3 killed in road crash",2020-02-02 13:34:02,https://en.prothomalo.com/bangladesh/Mother-daughter-among-3-killed-in-road-crash-2,dhaka-aricha highway in nabinagar area of savar,dhaka,3,0,"bus, rickshaw",bus hit a rickshaw from behind,Bangladesh,event,road accident
2781,"Mother, daughter among 3 killed in road crash",2020-02-02 13:34:02,https://en.prothomalo.com/bangladesh/Mother-daughter-among-3-killed-in-road-crash,"nabinagar area of savar, dhaka",dhaka,3,0,"bus, rickshaw",bus hit rickshaw from behind,Bangladesh,event,road accident
2782,Two killed as motorcycles collide in Netrakona,2019-11-25 22:56:56,https://en.prothomalo.com/bangladesh/Two-killed-as-motorcycles-collide-in-Netrakona,netrakona-mohanganj road,barhatta,2,3,motorcycles,head-on collision,Bangladesh,event,road accident
2783,Magura road crash kills 2,2019-10-26 16:52:05,https://en.prothomalo.com/bangladesh/Magura-road-crash-kills-2-3,jhenidah-magura road,magura,2,0,"motorcycle, truck",truck hit the motorcycle head-on,Bangladesh,event,road accident
2787,4 missing as trawler sinks in Padma river,2019-12-21 09:57:45,,antar crossing,rajbari sadar upazila,4,0,trawler,sank,Bangladesh,event,road accident
2789,"Truck driver, assistant killed in road crash",2020-01-03 00:01:00,,bogura-dhaka highway in sherpur's chandaikona roroya area,sherpur,2,1,truck and bus,head-on collision,Bangladesh,event,road accident
2795,Man killed in road crash,2019-12-31 11:03:57,https://en.prothomalo.com/bangladesh/Man-killed-in-road-crash-2,digraj,bagerhat,1,0,truck,ran over,Bangladesh,event,road accident
2796,Man killed in road crash,2019-12-31 11:03:57,https://en.prothomalo.com/bangladesh/Man-killed-in-road-crash-3,digraj,bagerhat,1,0,truck,,Bangladesh,event,road accident
2797,Man killed in road crash,2019-12-31 11:03:57,https://en.prothomalo.com/bangladesh/Man-killed-in-road-crash,digraj,bagerhat,1,0,truck,truck ran over him,Bangladesh,event,road accident
2798,"Illegal gas-power connections behind Narayanganj mosque blast, says Titas",2020-09-17 21:16:51,,narayanganj mosque,narayanganj,27,9,,"illegal gas and electricity connections, leakage from gas pipeline",Bangladesh,event,road accident
2800,Over 100 lives lost along the 4km stretch,2021-08-09 19:26:52,https://en.prothomalo.com/bangladesh/accident/over-100-lives-lost-along-the-4km-stretch,"matuail along the dhaka-chattagram highway, in front of shishu matrisadan institute hospital",dhaka,1,0,bus,hit by a bus while crossing the street,Bangladesh,event,road accident
2801,Road crashes kill 11 in three districts,2020-07-31 23:01:56,https://en.prothomalo.com/bangladesh/accident/road-crashes-kill-11-in-three-districts,boraya chanpur in osmaninagar upazila,sylhet,5,1,"bus, private car",bus hit a private car,Bangladesh,event,road accident
2803,"Mother, daughter among 3 killed in road crash",2019-12-12 15:00:30,https://en.prothomalo.com/bangladesh/Mother-daughter-among-3-killed-in-road-crash-2,dhaka-kapasia-monohardi road in kapasia,gazipur,3,2,bus and auto rickshaw,bus hit an auto rickshaw,Bangladesh,event,road accident
2804,"Mother, daughter among 3 killed in road crash",2019-12-12 15:00:30,https://en.prothomalo.com/bangladesh/Mother-daughter-among-3-killed-in-road-crash,dhaka-kapasia-monohardi road,gazipur,3,2,bus and auto rickshaw,bus hitting auto rickshaw,Bangladesh,event,road accident
2805,Withdraw cases against students,2020-07-30 19:44:35,https://en.prothomalo.com/opinion/editorial/withdraw-cases-against-students,"dhaka, bangladesh",dhaka,2,0,,,Bangladesh,event,road accident
2807,Road safety v. Road Transport Act 2018 ,2021-08-02 17:15:37,https://en.prothomalo.com/opinion/road-safety-v-road-transport-act-2018,bangladesh,,0,0,,,Bangladesh,event,road accident
2808,Satkhira road crash kills 1,2019-11-13 13:29:18,https://en.prothomalo.com/bangladesh/Satkhira-road-crash-kills-1-3,patkelghata bazar,satkhira,1,0,three-wheeler and motorcycle,collision,Bangladesh,event,road accident
2809,Satkhira road crash kills 1,2019-11-13 13:29:18,https://en.prothomalo.com/bangladesh/Satkhira-road-crash-kills-1-2,patkelghata bazar,satkhira,1,0,three-wheeler and motorcycle,collision,Bangladesh,event,road accident
2810,Satkhira road crash kills 1,2019-11-13 13:29:18,https://en.prothomalo.com/bangladesh/Satkhira-road-crash-kills-1,patkelghata bazar,satkhira,1,0,"three-wheeler, motorcycle",collision,Bangladesh,event,road accident
2812,Killing of Mohib Ullah underscores violence in camps,2021-10-02 09:01:29,https://en.prothomalo.com/bangladesh/bangladesh-in-world-media/killing-of-mohib-ullah-underscores-violence-in-camps,refugee camps outside cox's bazar,cox's bazar,1,0,,gun violence,Bangladesh,event,road accident
2813,"Rana Plaza collapse: Wait for justice doesn't end even in 8 years

",2021-04-24 12:33:48,,rana plaza,savar,1135,0,building collapse,building collapse,Bangladesh,event,road accident
2814,3 killed in truck-bus collision,2019-11-26 11:07:19,,dhaka-barishal highway,faridpur,3,0,"bus, truck",head-on collision,Bangladesh,event,road accident
2815,"Road crash ends  actress Asha Chowdhury’s life, dreams ",2021-01-05 21:39:48,,technical intersection,dhaka,1,0,"truck, motorbike",truck hit the motorbike,Bangladesh,event,road accident
2817,Narayanganj mosque blast: Toll rises to 21,2020-09-06 09:38:50,,narayanganj mosque,narayanganj,21,0,,explosion and fire,Bangladesh,event,road accident
2819,Bus falls into pond in Noakhali,2019-11-08 22:24:40,,kalugazir pukur area,noakhali,0,0,bus,plunged into a pond,Bangladesh,event,road accident
2820,Three of a family killed in Tangail road crash,2019-12-06 11:33:11,https://en.prothomalo.com/bangladesh/Three-of-a-family-killed-in-Tangail-road-crash,dhaka-tangail highway near the bangabandhu bridge,tangail,3,5,car,road crash,Bangladesh,event,road accident
2821,Keraniganj fire death toll climbs to 14,2019-12-14 12:31:20,,keraniganj,dhaka,14,0,,plastic factory fire,Bangladesh,event,road accident
2823,Four killed in Rangpur road accident,2015-09-16 22:40:26,,rangpur-dhaka highway,pirganj,4,40,,,Bangladesh,event,road accident
2825,"35,000 families living in Khagrachhari hills amid landslide risk

",2020-07-23 12:55:32,https://en.prothomalo.com/bangladesh/local-news/35000-families-living-in-khagrachhari-hills-amid-landslide-risk,khagrachhari hill slopes,khagrachhari,0,0,,landslides triggered by heavy rains,Bangladesh,event,road accident
2826,2 killed in Cumilla road crash,2019-11-13 11:59:36,https://en.prothomalo.com/bangladesh/accident/sv6idq6a0i,dhaka-chattogram highway at korpai,burichang,2,0,pick-up van,van plunged into a roadside ditch,Bangladesh,event,road accident
2827,2 killed in Cumilla road crash,2019-11-13 11:59:36,https://en.prothomalo.com/bangladesh/2-killed-in-Cumilla-road-crash,dhaka-chattogram highway at korpai,burichang upazila,2,0,pick-up van,plunged into a roadside ditch,Bangladesh,event,road accident
2828,"Blast at traffic police box: Security beefed up in Chattogram

",2020-02-29 16:13:07,https://en.prothomalo.com/bangladesh/crime-and-law/blast-at-traffic-police-box-security-beefed-up-in-chattogram,soloshohor area,chittagong,0,5,,explosion at a traffic police box,Bangladesh,event,road accident
2829,Road crash kills college girl,2019-09-28 23:14:42,https://en.prothomalo.com/bangladesh/Bangladesh-Road-crash-kills-college-girl,dhaka-rangpur highway,rangpur,1,0,bus,speeding bus,Bangladesh,event,road accident
2831,"3 killed as microbus cylinder blasts being hit by bus, truck",2019-11-10 10:14:06,https://en.prothomalo.com/bangladesh/3-killed-as-microbus-cylinder-blasts-being-hit-by,gobindapur,cumilla,3,5,"microbus, bus, truck",gas cylinder explosion after collision with bus and truck,Bangladesh,event,road accident
2841,Seven killed in Dinajpur road crash,2020-07-07 00:00:17,https://en.prothomalo.com/bangladesh/accident/five-killed-two-injured-in-dinajpur-road-crash,25-mile point on the dinajpur-panchagarh highway in birganj upazila,dinajpur,7,0,rickshaw-van,,Bangladesh,event,road accident
2842,‘Allowing private vehicles for Eid journey is suicidal’,2020-05-23 19:16:54,https://en.prothomalo.com/bangladesh/allowing-private-vehicles-for-eid-journey-is-suicidal,across the country,,0,0,private vehicles,increase in travel during eid holidays potentially leading to more road accidents,Bangladesh,event,road accident
2845,"Father, son missing in Chapainawabganj boat capsize",2019-10-08 19:16:16,,padma river,chapainawabganj,2,0,,boat capsized,Bangladesh,event,road accident
2854,2 bodies recovered in Padma trawler capsize,2019-12-22 22:57:28,https://en.prothomalo.com/bangladesh/2-bodies-recovered-in-Padma-trawler-capsize,padma river at debgram kawaljani,rajbari,2,0,trawler,trawler sank,Bangladesh,event,road accident
2855,"Meghna trawler capsize: One dead, four others missing",2019-11-11 11:39:58,https://en.prothomalo.com/bangladesh/Meghna-trawler-capsize-1-killed-4-others-missing,river meghna,bhola,1,0,fishing trawler,sank,Bangladesh,event,road accident
2856,"One killed, 10-15 feared missing in launch collision",2019-12-07 16:14:01,https://en.prothomalo.com/bangladesh/One-killed-10-15-feared-missing-in-launch,river meghna,narayanganj,1,5,launches,head-on collision,Bangladesh,event,road accident
2857,Padma river speedboat crash toll rises to 4,2019-10-25 12:57:42,https://en.prothomalo.com/bangladesh/Padma-river-speedboat-crash-toll-rises-to-4,padma river in zajira upazila,zajira,4,0,speedboats,collision between two speedboats,Bangladesh,event,road accident
2858,3 hurt as police vehicle hits lamp post on footpath,2019-11-08 15:11:48,https://en.prothomalo.com/bangladesh/3-hurt-as-police-vehicle-hits-lamp-post-ploughs,chandrima udyan,sher-e-banglanagar,0,3,,,Bangladesh,event,road accident
2859,"Habiganj, Brahmanbaria road crashes kill 14",2020-03-06 11:19:11,https://en.prothomalo.com/bangladesh/accident/habiganj-brahmanbaria-road-crashes-kill-14,dhaka-sylhet highway at kandigaon in nabiganj upazila,habiganj and brahmanbaria,14,9,microbus,crashed into a roadside tree,Bangladesh,event,road accident
2860,Three killed in separate road crashes ,2020-03-04 12:41:16,https://en.prothomalo.com/bangladesh/accident/3-killed-in-separate-road-crashes,begumganj-sonaimuri road in begumganj upazila,noakhali,2,3,,,Bangladesh,event,road accident
2861,"BRAC inks deal with WB to improve road safety in Bangladesh

",2020-10-24 18:51:59,https://en.prothomalo.com/bangladesh/brac-inks-deal-with-wb-to-improve-road-safety-in-bangladesh,bangladesh,,0,0,,,Bangladesh,event,road accident
2862,6 high school students killed in road crash,2020-03-01 14:17:58,https://en.prothomalo.com/bangladesh/accident/6-high-school-students-killed-in-road-crash,durgapur upazila,netrokona,6,20,"pick-up van, truck",head-on collision,Bangladesh,event,road accident
2863,Indefinite strike by lighterage vessel workers disrupts works at Chattogram port,2020-10-20 17:41:16,,chattogram port,chattogram,0,0,lighterage vessels and oil tankers,strike by water transport workers,Bangladesh,event,road accident
2864,2 killed in Gazipur road accident,2015-09-11 13:06:36,,nayanpur on the dhaka-mymensingh highway,sreepur,2,3,"bus, cng-run auto-rickshaw",bus knocked down a cng-run auto-rickshaw,Bangladesh,event,road accident
2865,"Permanent solution needed to remove overhead cables in the city

",2020-10-19 13:14:28,,dhaka metropolis,dhaka,0,0,cables,unregulated installation of cables,Bangladesh,event,road accident
2866,Army man killed in Chattogram road crash,2019-11-06 11:01:10,https://en.prothomalo.com/bangladesh/Army-man-killed-in-Chattogram-road-crash,dhaka-chattogram highway at fouzdarhat,sitakunda,1,1,,,Bangladesh,event,road accident
2867,2 pedestrians killed in Kurigram road crash,2019-12-02 19:46:51,https://en.prothomalo.com/bangladesh/2-pedestrians-killed-in-Kurigram-road-crash,chowrasta intersection of kurigram town,kurigram,2,16,truck and auto-rickshaw,truck crashed into auto-rickshaw and pedestrians,Bangladesh,event,road accident
2871,3 missing as sand-laden vessel sinks in Meghna,2019-11-17 12:14:58,https://en.prothomalo.com/bangladesh/3-missing-as-sand-laden-vessel-sinks-in-Meghna,river meghna,munshiganj,0,0,vessel and launch,collision between vessel and launch,Bangladesh,event,road accident
2872,Youth killed as microbus hits him,2019-09-03 13:36:11,,palashbari,gaibandha,1,0,microbus,hit by microbus,Bangladesh,event,road accident
2873,Gas cylinder blast kills 5 children,2019-10-30 20:28:18,https://en.prothomalo.com/bangladesh/Gas-cylinder-blast-kills-4-children,rupnagar residential area,dhaka,5,0,,gas cylinder blast,Bangladesh,event,road accident
2875,One killed in Mirpur road accident,2015-08-29 19:24:26,,mirpur-10 area,dhaka,1,0,passenger bus,run over by a passenger bus,Bangladesh,event,road accident
2877,2 killed as lorry falls off bridge in Chattogram,2019-10-28 16:24:53,,kalushah nagar area on dhaka-chattogram highway,sitakunda,2,0,lorry,fell off a bridge,Bangladesh,event,road accident
2882,"2 killed in Chandpur, Benapole road crashes",2019-12-05 13:58:42,https://en.prothomalo.com/bangladesh/2-killed-in-Chandpur-Benapole-road-crashes,"amtala-gatipara road, sharsha upazila",benapole,2,0,"trolley, truck",truck hit trolley,Bangladesh,event,road accident
2883,College student killed in road crash,2019-12-04 15:44:51,https://en.prothomalo.com/bangladesh/College-student-killed-in-road-crash-5,kashimpur,nawabganj,1,2,motorcycle,returning home by motorcycle,Bangladesh,event,road accident
2884,College student killed in road crash,2019-12-04 15:44:51,https://en.prothomalo.com/bangladesh/College-student-killed-in-road-crash-4,kashimpur,nawabganj,1,2,motorcycle,returning home,Bangladesh,event,road accident
2886,College student killed in road crash,2019-12-04 15:44:51,https://en.prothomalo.com/bangladesh/College-student-killed-in-road-crash-2,kashimpur,nawabganj,1,2,motorcycle,returning home by motorcycle,Bangladesh,event,road accident
2887,College student killed in road crash,2019-12-04 15:44:51,https://en.prothomalo.com/bangladesh/College-student-killed-in-road-crash,kashimpur,nawabganj,1,2,motorcycle,returning home by motorcycle,Bangladesh,event,road accident
2888,Brahmanbaria road crash kill 2 forest officials,2019-10-10 13:03:39,https://en.prothomalo.com/bangladesh/Brahmanbaria-road-crash-kill-2-forest-officials,cumilla-sylhet highway at ghatura,brahmanbaria,2,0,"truck, motorbike",truck hitting motorbike,Bangladesh,event,road accident
2889,Gas cylinder explosion kills 2,2019-10-09 14:53:26,https://en.prothomalo.com/bangladesh/Gas-cylinder-explosion-kills-2,srirampur village,brahmanbaria,2,0,,gas cylinder explosion,Bangladesh,event,road accident
2891,3 motorcyclists killed in road crash,2019-11-18 11:04:08,https://en.prothomalo.com/bangladesh/3-motorcyclists-killed-in-road-crash-2,afania area of sonaimuri upazila,noakhali,3,1,motorbike and a bus,collision,Bangladesh,event,road accident
2892,3 motorcyclists killed in road crash,2019-11-18 11:04:08,https://en.prothomalo.com/bangladesh/3-motorcyclists-killed-in-road-crash,dhaka-noakhali road in afania area,sonaimuri upazila of noakhali,3,1,motorbike and a bus,collision,Bangladesh,event,road accident
2893,Patrol pump owners call strike in 3 divisions Sunday,2019-11-30 22:16:53,https://en.prothomalo.com/bangladesh/Patrol-pump-owners-call-strike-in-3-divisions,,,0,0,tank lorry,"strike, not an accident",Bangladesh,event,road accident
2894,Two killed as bike falls into pond,2019-10-22 13:08:21,https://en.prothomalo.com/bangladesh/Biker-pillion-rider-killed-as-bike-falls-into,khoksha upazila,kushtia,2,1,motorcycle,plunged into a pond,Bangladesh,event,road accident
2895,"‘Gas pipeline blast’, wall collapse kill 7",2019-11-17 13:35:15,https://en.prothomalo.com/bangladesh/‘Gas-pipeline-blast-’-wall-collapse-kills-7,brickfield road in patharghata,chattogram,7,0,,wall collapse following gas pipeline explosion,Bangladesh,event,road accident
2896,Three killed as bus falls into ditch,2019-10-08 10:22:25,https://en.prothomalo.com/bangladesh/Three-killed-as-bus-falls-into-ditch,kumardia,faridpur,3,9,bus,driver lost control over steering,Bangladesh,event,road accident
2897,3 killed as trucks collide,2019-09-10 16:20:23,https://en.prothomalo.com/bangladesh/3-killed-as-trucks-collide,rampal power plant bypass road beside khulna-mongla highway,khulna,3,1,truck,moving truck hit a standing truck,Bangladesh,event,road accident
2898,"Schoolboy killed, many feared trapped as building collapses in Narayanganj",2019-11-03 18:56:58,https://en.prothomalo.com/bangladesh/Schoolboy-killed-many-feared-trapped-as-building,babubail area of narayanganj city,narayanganj,1,0,building,constructed without following the building code,Bangladesh,event,road accident
2900,Four shops gutted in Syhet market fire,2019-08-26 11:49:14,https://en.prothomalo.com/bangladesh/Four-shops-gutted-in-Syhet-market-fire,bangla bazar market,jaintiapur,0,0,,fire,Bangladesh,event,road accident
2902,Lightning strike kills two brothers,2019-09-20 21:01:28,https://en.prothomalo.com/environment/Lightning-strike-kills-two-brothers,gulishakhali village,amtali,2,0,motorcycle,lightning strike,Bangladesh,event,road accident
2904,Truck hits traffic police to death,2019-07-06 11:21:38,https://en.prothomalo.com/bangladesh/Truck-hits-traffic-police-to-death,jatrabari intersecti,dhaka,1,0,truck,truck hit traffic police,Bangladesh,event,road accident
2905,Faridpur road crash death toll rises to 4,2019-11-13 18:10:44,https://en.prothomalo.com/bangladesh/Faridpur-road-crash-death-toll-rises-to-4,faridpur,faridpur,4,2,,,Bangladesh,event,road accident
2906,Tractor kills 2 school students in Kishoreganj,2019-09-18 20:20:34,https://en.prothomalo.com/bangladesh/Tractor-kills-2-school-students-in-Kishoreganj,lakhpur,kishoreganj,2,0,tractor,tractor hit students,Bangladesh,event,road accident
2907,Cumilla road crash kills two,2019-08-20 11:06:06,https://en.prothomalo.com/bangladesh/Cumilla-road-crash-kills-two,kursap on dhaka-chattogram highway,cumilla,2,3,,,Bangladesh,event,road accident
2909,State minister avoids disclosing cause of Buriganga launch capsize,2020-07-07 20:35:34,,buriganga river,dhaka,32,0,,negligence,Bangladesh,event,road accident
2912,2 killed in roof collapse at Barapukuria coal mine,2019-10-27 22:26:24,https://en.prothomalo.com/bangladesh/2-killed-in-roof-collapse-at-Barapukuria-coal-mine,barapukuria coal mine,dinajpur,2,3,,collapse of the roof of an under-construction power substation,Bangladesh,event,road accident
2913,Karnaphuli oil spill: Ship owner fined Tk 30m,2019-10-27 18:01:59,https://en.prothomalo.com/environment/Karnaphuli-oil-spill-Ship-owner-fined-Tk-30m,"karnaphuli river, dolphin oil jetty-3 area of chittagong port",chattogram,0,0,"oil tanker, lighterage ship",collision between two vessels,Bangladesh,event,road accident
2918,Bank official dies in road accident,2015-08-17 15:57:11,https://en.prothomalo.com/bangladesh/Bank-official-dies-in-road-accident,dhour area,turag police station,1,1,"motorcycle, truck",truck hit the bike,Bangladesh,event,road accident
2919,2 motorcyclists killed in Kurigram road crash,2019-08-26 20:01:41,https://en.prothomalo.com/bangladesh/2-motorcyclists-killed-in-Kurigram-road-crash,chandipur bazar,nageshwari,2,2,motorcycle,head-on collision between two motorcycles,Bangladesh,event,road accident
2920,"Gazipur road crash kills father, son",2019-08-26 17:28:34,https://en.prothomalo.com/bangladesh/Gazipur-road-crash-kills-father-son,dhaka bypass at meghdubi,gazipur,2,1,covered van and auto-rickshaw,covered van hit an auto-rickshaw,Bangladesh,event,road accident
2923,Keraniganj fire death toll rises to 11,2019-12-12 14:27:55,https://en.prothomalo.com/bangladesh/Keraniganj-fire-death-toll-rises-to-11,keraniganj,dhaka,11,0,factory,plastic factory fire,Bangladesh,event,road accident
2926,"Mother, son die after falling off running bus in Narayanganj",2019-12-11 14:49:47,https://en.prothomalo.com/bangladesh/Mother-son-die-after-falling-off-running-bus-in,shimultali area,araihazar,2,0,bus,fell off a running bus,Bangladesh,event,road accident
2927,Barishal road crash kills 2,2019-10-05 13:00:49,https://en.prothomalo.com/bangladesh/Barishal-road-crash-kills-2,dhaka-barishal highway in kashimpur,barishal,2,2,"private car, three-wheeler",car hit a three-wheeler,Bangladesh,event,road accident