id,title,date,article_url,place_of_accident,district,number_of_deaths,number_of_injured,vehicle_type,cause_of_accident,country,report_type,type_of_accident
2935,Road crash kills 2,2019-06-16 11:40:54,https://en.prothomalo.com/bangladesh/Road-crash-kills-2,salavora,kaliganj,2,0,cement-laden truck,overturned,Bangladesh,event,road accident
2936,Naogaon road crash kills 2 DB men,2019-11-01 08:52:02,https://en.prothomalo.com/bangladesh/Naogaon-road-crash-kill-2-DB-men,dhamoirhat upazila,naogaon,2,0,vehicle,crashed into a roadside tree,Bangladesh,event,road accident
2938,Road crash kills college student among 2,2019-08-07 11:35:36,,atukura,habiganj,2,7,motorcycle and auto-rickshaw,motorcycle hitting an auto-rickshaw,Bangladesh,event,road accident
2942,4 killed in Mushiganj road accident,2015-08-12 20:11:18,https://en.prothomalo.com/bangladesh/4-killed-in-Mushiganj-road-accident,alipura,munshiganj,4,0,pickup van,overturned,Bangladesh,event,road accident
2943,"Mother killed, son injured in Dhaka road crash",2019-10-13 19:52:47,https://en.prothomalo.com/bangladesh/Mother-killed-son-injured-in-Dhaka-road-crash,kakrail crossing,dhaka,1,1,"covered van, rickshaw",covered van hit a rickshaw,Bangladesh,event,road accident
2945,"Bangladesh Bank official, two daughters killed in road crash",2019-12-28 14:17:11,https://en.prothomalo.com/bangladesh/Bangladesh-Bank-official-two-daughters-killed-in,fouzdarhat,sitakunda,3,2,,,Bangladesh,event,road accident
2946,3 killed as cattle-laden truck overturns,2019-07-31 18:29:25,https://en.prothomalo.com/bangladesh/3-killed-as-cattle-laden-truck-overturns,dhaka-chattogram highway,,3,0,truck,overturned,Bangladesh,event,road accident
2947,3 killed in Cumilla road crash,2019-07-31 09:31:09,https://en.prothomalo.com/bangladesh/3-killed-in-Cumilla-road-crash,dhaka-chattogram highway,chouddagram upazila,3,0,truck,truck overturned,Bangladesh,event,road accident
2950,"Leaders call for saving transport sector from extortion

",2020-03-06 21:46:10,,national press club,dhaka,0,0,"auto-rickshaw, auto-tempo",extortion by police and political leaders,Bangladesh,event,road accident
2953,Another Chattogram gas pipeline blast victim dies,2019-11-29 19:24:23,https://en.prothomalo.com/bangladesh/Another-Chattogram-gas-pipeline-blast-victim-dies,patharghata,chattogram,8,15,,gas pipeline explosion,Bangladesh,event,road accident
2954,2 killed as bus collides with CNG-run auto-rickshaw,2019-10-07 21:48:43,https://en.prothomalo.com/bangladesh/2-killed-as-bus-collides-with-CNG-run,kalipur of banskhali upazila,chattogram,2,0,bus and auto-rickshaw,head-on collision,Bangladesh,event,road accident
2955,3 killed in road crash,2019-08-12 15:09:59,https://en.prothomalo.com/bangladesh/3-killed-in-road-crash-5,dhaka-aricha highway,dhaka,3,6,,,Bangladesh,event,road accident
2956,3 killed in road crash,2019-08-12 15:09:59,https://en.prothomalo.com/bangladesh/3-killed-in-road-crash-4,dhaka-aricha highway,dhaka,3,6,cattle traders' vehicle (implied),,Bangladesh,event,road accident
2957,3 killed in road crash,2019-08-12 15:09:59,https://en.prothomalo.com/bangladesh/3-killed-in-road-crash-2,dhaka-aricha highway,dhaka,3,6,,,Bangladesh,event,road accident
2958,End harassment of holidaymakers: Jatri Kalyan Samity,2019-08-10 19:32:00,,,,0,0,,,Bangladesh,event,road accident
2960,Woman killed in road crash,2019-06-19 10:53:57,https://en.prothomalo.com/bangladesh/Woman-killed-in-road-crash,tigerpass,chattogram,1,0,,,Bangladesh,event,road accident
2964,Boat capsize in Pashur river kills one,2019-11-24 14:58:38,https://en.prothomalo.com/bangladesh/1-dead-in-boat-capsize,pashur river,"mongla, bagerhat",1,0,engine-run boat,capsized,Bangladesh,event,road accident
2965,Two killed as four buses collide,2019-10-04 22:03:46,https://en.prothomalo.com/bangladesh/Two-killed-as-four-buses-collide,dhaka-chattogram highway,cumilla,2,20,four vehicles,collision,Bangladesh,event,road accident
2967,"5 killed in Chattogram, Madaripur road crashes",2020-01-09 11:00:20,https://en.prothomalo.com/bangladesh/5-killed-in-Chattogram-Madaripur-road-crashes,chattogram and madaripur districts,"chattogram, madaripur",5,10,,separate road accidents,Bangladesh,event,road accident
2968,"Mother, daughter among 3 killed as bus overturns",2019-10-25 13:22:38,https://en.prothomalo.com/bangladesh/Mother-daughter-among-3-killed-as-bus-overturns,shibganj upazila,bogura,3,10,bus,,Bangladesh,event,road accident
2969,3 bikers killed in road crash,2019-08-06 21:49:50,https://en.prothomalo.com/bangladesh/3-bikers-killed-in-road-crash-2,court station area,dhaka,3,0,"motorcycle, bus",hit by a bus,Bangladesh,event,road accident
2970,3 bikers killed in road crash,2019-08-06 21:49:50,https://en.prothomalo.com/bangladesh/3-bikers-killed-in-road-crash,court station area,dhaka,3,0,"motorcycle, bus",hit by a bus,Bangladesh,event,road accident
2971,Policeman killed in Feni road crash,2019-09-14 12:41:03,https://en.prothomalo.com/bangladesh/Policeman-killed-in-Feni-road-crash,dhaka-chattogram highway in sadar upazila of feni,feni,1,3,jeep,overturned,Bangladesh,event,road accident
2976,College student killed in road crash,2019-08-18 13:14:04,https://en.prothomalo.com/bangladesh/College-student-killed-in-road-crash,jb road in the municipality area of lakshmipur,lakshmipur,1,0,motorbike,fell into roadside ditch,Bangladesh,event,road accident
2981,2 killed as bus collides with truck in Sirajganj,2019-09-12 20:34:01,https://en.prothomalo.com/bangladesh/2-killed-as-bus-collides-with-truck-in-Sirajganj,dathia area of raiganj upazila,sirajganj,2,10,truck and bus,collision,Bangladesh,event,road accident
2982,2 killed as lorry plunges into ditch,2019-07-20 12:49:55,https://en.prothomalo.com/bangladesh/2-killed-as-lorry-plunges-into-ditch,shibrampur of faridpur sadar upazila,faridpur,2,3,lorry,lorry fell into a ditch,Bangladesh,event,road accident
2984,Freedom fighter among 3 killed in road crash,2019-12-08 11:35:15,https://en.prothomalo.com/bangladesh/Freedom-fighter-among-3-killed-in-road-crash,village debipur,pirojpur,3,2,bus and auto-rickshaw,bus hit an auto-rickshaw,Bangladesh,event,road accident
2985,Minor killed in road crash,2019-10-07 15:37:01,https://en.prothomalo.com/bangladesh/Minor-killed-in-road-crash,mission road shahi zame masjid intersection,chandpur,1,1,three-wheeler and pickup van,head-on collision,Bangladesh,event,road accident
2986,3 killed in Faridpur road crash,2019-08-15 17:48:15,https://en.prothomalo.com/bangladesh/3-killed-in-Faridpur-road-collision,bhanga upazila,faridpur,3,0,,,Bangladesh,event,road accident
2988,2 killed in road crash,2019-08-01 09:58:30,https://en.prothomalo.com/bangladesh/2-killed-in-road-crash-11,rajshahi-chapainawabganj road,godagari,2,0,truck and motorcycle,truck hit a motorcycle,Bangladesh,event,road accident
2989,2 killed in road crash,2019-08-01 09:58:30,https://en.prothomalo.com/bangladesh/2-killed-in-road-crash-13,rajshahi-chapainawabganj road,godagari,2,0,motorcycle and truck,truck hit a motorcycle,Bangladesh,event,road accident
2990,2 killed in road crash,2019-08-01 09:58:30,https://en.prothomalo.com/bangladesh/2-killed-in-road-crash-10,rajshahi-chapainawabganj road,godagari,2,0,"motorcycle, truck",truck hit a motorcycle,Bangladesh,event,road accident
2991,2 killed in road crash,2019-08-01 09:58:30,https://en.prothomalo.com/bangladesh/2-killed-in-road-crash-7,rajshahi-chapainawabganj road,godagari,2,0,"truck, motorcycle",truck hit a motorcycle,Bangladesh,event,road accident
2992,2 killed in road crash,2019-08-01 09:58:30,https://en.prothomalo.com/bangladesh/2-killed-in-road-crash-4,rajshahi-chapainawabganj road,godagari,2,0,"motorcycle, truck",truck hit a motorcycle,Bangladesh,event,road accident
2993,2 killed in road crash,2019-08-01 09:58:30,https://en.prothomalo.com/bangladesh/2-killed-in-road-crash-2,rajshahi-chapainawabganj road,godagari,2,0,"motorcycle, truck",truck hit a motorcycle,Bangladesh,event,road accident
2994,2 killed in road crash,2019-08-01 09:58:30,https://en.prothomalo.com/bangladesh/2-killed-in-road-crash,rajshahi-chapainawabganj road,godagari,2,0,"truck, motorcycle",truck hit a motorcycle,Bangladesh,event,road accident
2996,3 students die in Dinajpur boat capsize,2019-09-21 20:03:54,https://en.prothomalo.com/bangladesh/3-students-die-in-Dinajpur-boat-capsize,ashura beel,nababganj,3,0,,boat capsized,Bangladesh,event,road accident
2997,Ambulance gas cylinder blast kills three including patient,2019-10-17 18:34:53,https://en.prothomalo.com/bangladesh/Ambulance-gas-cylinder-blast-kills-three-including,anwara upazila,chattogram,3,3,ambulance,gas cylinder explosion,Bangladesh,event,road accident
2999,2 killed in Sirajganj road accident,2015-07-29 12:47:28,https://en.prothomalo.com/bangladesh/2-killed-in-Sirajganj-road-accident-5,mannan nagar on the hatikumrul-bonpara highway,tarash,2,1,,,Bangladesh,event,road accident
3001,2 killed in Sirajganj road accident,2015-07-29 12:47:28,https://en.prothomalo.com/bangladesh/2-killed-in-Sirajganj-road-accident-3,hatikumrul-bonpara highway,tarash,2,1,road vehicle,,Bangladesh,event,road accident
3003,2 killed in Sirajganj road accident,2015-07-29 12:47:28,https://en.prothomalo.com/bangladesh/2-killed-in-Sirajganj-road-accident,hatikumrul-bonpara highway,tarash,2,1,,,Bangladesh,event,road accident
3004,Road crash kills 4 in Cumilla,2019-07-11 22:40:50,https://en.prothomalo.com/bangladesh/Road-crash-kills-4-in-Cumilla,kesonpar,cumilla,4,10,bus and truck,bus hit a truck parked beside the road,Bangladesh,event,road accident
3006,2 killed in road crash,2019-06-26 09:57:36,https://en.prothomalo.com/bangladesh/2-killed-in-road-crash-13,lengra bazar,"muktagaccha, mymensingh",2,0,truck,plunged into a roadside ditch,Bangladesh,event,road accident
3009,2 killed in road crash,2019-06-26 09:57:36,https://en.prothomalo.com/bangladesh/2-killed-in-road-crash-4,lengra bazar,"muktagaccha, mymensingh",2,0,truck,plunged into a roadside ditch,Bangladesh,event,road accident
3011,2 killed in road crash,2019-06-26 09:57:36,https://en.prothomalo.com/bangladesh/2-killed-in-road-crash,lengra bazar,"muktagaccha, mymensingh",2,0,truck,plunged into a roadside ditch,Bangladesh,event,road accident
3012,2 killed in Gazipur road crash,2019-06-25 15:59:01,https://en.prothomalo.com/bangladesh/accident/2-killed-in-gazipur-road-crash,gazipur,kishoreganj,2,4,"truck, pickup",truck hit a pickup,Bangladesh,event,road accident
3013,2 killed in Gazipur road crash,2019-06-25 15:59:01,https://en.prothomalo.com/bangladesh/2-killed-in-Gazipur-road-crash-5,gazipur,kishoreganj,2,4,"truck, pickup",truck hit a pickup,Bangladesh,event,road accident
3014,2 killed in Gazipur road crash,2019-06-25 15:59:01,https://en.prothomalo.com/bangladesh/2-killed-in-Gazipur-road-crash-4,gazipur,kishoreganj,2,4,truck and pickup,collision,Bangladesh,event,road accident
3015,2 killed in Gazipur road crash,2019-06-25 15:59:01,https://en.prothomalo.com/bangladesh/2-killed-in-Gazipur-road-crash-3,gazipur,kishoreganj,2,4,"truck, pickup",truck hit a pickup,Bangladesh,event,road accident
3016,2 killed in Gazipur road crash,2019-06-25 15:59:01,https://en.prothomalo.com/bangladesh/2-killed-in-Gazipur-road-crash,gazipur,kishoreganj,2,4,"truck, pickup",truck hit a pickup,Bangladesh,event,road accident
3017,Schoolteacher killed in road crash,2019-07-09 16:25:38,https://en.prothomalo.com/bangladesh/Schoolteacher-killed-in-road-crash,poba upazila,rajshahi,1,0,"bus, motorcycle",bus hit his motorcycle,Bangladesh,event,road accident
3018,Road crashes claim three lives,2019-12-24 09:04:25,https://en.prothomalo.com/bangladesh/Road-crashes-claim-three-lives,koidabari on takerhat-kodombari road,madaripur,2,7,three-wheeler,fell into a ditch,Bangladesh,event,road accident
3019,"Verdict in case over Razib, Dia’s deaths Sunday",2019-11-30 15:19:23,https://en.prothomalo.com/bangladesh/Verdict-in-case-over-Razib-Dia’s-deaths-Sunday,airport road,dhaka,2,0,,,Bangladesh,event,road accident
3020,Army man killed in Khulna road crash,2019-12-23 23:26:01,https://en.prothomalo.com/bangladesh/Army-man-killed-in-Khulna-road-crash,dumuria upazila,khulna,1,10,truck,fell into a roadside ditch,Bangladesh,event,road accident
3021,Three pedestrian killed in road accident in Gaibandha,2015-08-04 13:48:33,https://en.prothomalo.com/bangladesh/Three-pedestrian-killed-in-road-accident-in,dhaka-rangpur highway at fasitola,gobindaganj,3,15,"bus, pedestrians",bus overturned,Bangladesh,event,road accident
3023,5 of a family among 7 killed in Cumilla highway crash,2019-08-18 16:07:13,https://en.prothomalo.com/bangladesh/Cumilla-highway-crash-kills-7,"jamtola, cumilla-noakhali highway",cumilla,5,1,"auto-rickshaw, bus",crash,Bangladesh,event,road accident
3027,Petrobangla official among 2 killed in road crash,2019-09-25 21:55:16,https://en.prothomalo.com/bangladesh/Petrobangla-official-among-2-killed-in-road-crash,sirajganj,sirajganj,2,5,"bus, microbus",collision,Bangladesh,event,road accident
3029,Awami League leaders control the speedboats,2021-05-06 18:11:19,https://en.prothomalo.com/bangladesh/local-news/awami-league-leaders-control-the-speedboats,munshiganj and madaripur,shariatpur,26,0,speedboat,illegal operation and unauthorized speedboats,Bangladesh,event,road accident
3030,Two killed in Gazipur road crash,2019-07-04 11:41:25,https://en.prothomalo.com/bangladesh/Two-killed-in-Gazipur-road-crash-3,dhaka-mymensingh highway at rangila bazar,gazipur,2,2,"truck, human hauler",truck hit a human hauler,Bangladesh,event,road accident
3031,Two killed in Gazipur road crash,2019-07-04 11:41:25,https://en.prothomalo.com/bangladesh/Two-killed-in-Gazipur-road-crash-2,dhaka-mymensingh highway at rangila bazar,gazipur,2,2,"truck, human hauler",truck hit a human hauler,Bangladesh,event,road accident
3034,Fire at Dhaka petrol pump,2019-06-18 20:15:54,https://en.prothomalo.com/bangladesh/Fire-at-Dhaka-petrol-pump,kalyanpur area,dhaka,0,0,lorries,fire while filling oil reserve from lorries,Bangladesh,event,road accident
3035,Truckers call strike from today,2019-11-20 09:08:14,https://en.prothomalo.com/bangladesh/Truckers-call-strike-from-Wednesday,across the country,,0,0,"truck, covered van",demand for road transport act amendment,Bangladesh,event,road accident
3039,Gazipur road crash kills 3,2019-07-15 12:13:00,https://en.prothomalo.com/bangladesh/Gazipur-road-crash-kills-3-2,dhaka-mymensingh highway,gazipur,3,0,"pickup van, covered van",collision,Bangladesh,event,road accident
3040,Gazipur road crash kills 3,2019-07-15 12:13:00,https://en.prothomalo.com/bangladesh/Gazipur-road-crash-kills-3,joydebpur on dhaka-mymensingh highway,gazipur,3,0,"pickup van, covered van",collision,Bangladesh,event,road accident
3041,Dhaka South City: 98pc chemical warehouses risky,2021-05-01 11:23:30,https://en.prothomalo.com/bangladesh/dhaka-south-city-98pc-chemical-warehouses-risky,armanitola,old dhaka,7,1,,fire in a chemical godown,Bangladesh,event,road accident
3043,Biker killed in Wari,2019-06-16 19:12:37,https://en.prothomalo.com/bangladesh/Biker-killed-in-Wari,wari post office goli,wari,1,0,motorcycle,crashed into a roadside pillar,Bangladesh,event,road accident
3044,"Truck hits auto-rickshaw, kills 4",2019-07-27 14:57:54,https://en.prothomalo.com/bangladesh/Truck-hits-auto-rickshaw-kills-4,pakundia upazila,kishoreganj,4,0,"truck, auto-rickshaw",truck hit auto-rickshaw,Bangladesh,event,road accident
3046,Dhaka north mayor seeks removal of Mohakhali bus terminal,2019-12-10 22:20:09,,mohakhali inter-district bus terminal,dhaka,0,0,bus,traffic congestion,Bangladesh,event,road accident
3047,RMG worker killed in factory wall collapse,2019-12-10 12:46:06,https://en.prothomalo.com/bangladesh/RMG-worker-killed-in-factory-wall-collapse,gouripur in ashulia,dhaka,1,10,,wall collapse following a blast inside the factory,Bangladesh,event,road accident
3048,"Motorcyclist, pillion rider killed in Gopalganj",2019-07-12 19:42:49,https://en.prothomalo.com/bangladesh/Motorcyclist-pillion-rider-killed-in-Gopalganj,dhaka-khulna highway at chaptai of kashiani upazila,gopalganj,2,0,motorcycle,,Bangladesh,event,road accident
3049,Bus driver remanded over woman’s death in road crash,2019-09-28 19:49:44,,mohakhali’s amtoli,dhaka,1,0,bus,bus hit a pedestrian,Bangladesh,event,road accident
3057,Road crash kills youth,2019-07-08 13:20:13,https://en.prothomalo.com/bangladesh/Road-crash-kills-youth,signboard on dhaka-narayanganj road,narayanganj,1,0,"bus, motorbike",,Bangladesh,event,road accident
3060,Eight killed in separate road crashes,2020-02-29 15:41:55,https://en.prothomalo.com/bangladesh/eight-killed-in-separate-road-crashes,zinglatoli in daudkandi upazila,cumilla,3,15,bus,plunged into a roadside ditch,Bangladesh,event,road accident
3061,Three including cop killed in separate road crashes,2019-12-03 12:06:45,https://en.prothomalo.com/bangladesh/Three-including-cop-killed-in-separate-road,chelerghat,mymensingh,2,0,car,vehicle overturned and fell into a pond,Bangladesh,event,road accident
3062,7 killed in head-on collision between two buses,2019-08-02 11:19:31,https://en.prothomalo.com/bangladesh/7-killed-in-head-on-collision-between-two-buses,sadar upazila,thakurgaon,7,19,two buses,head-on collision,Bangladesh,event,road accident
3067,Four killed as bus overturns,2019-07-29 15:49:10,https://en.prothomalo.com/bangladesh/Four-killed-as-bus-overturns,vatiapara intersection,kashiani,4,21,bus,overturned,Bangladesh,event,road accident
3071,3 killed as pickup van hits truck,2019-07-01 10:31:54,https://en.prothomalo.com/bangladesh/3-killed-as-pickup-van-hits-truck,dhaka-mymensingh highway,mymensingh,3,0,"pickup van, truck",van crashed into a truck,Bangladesh,event,road accident
3072,Bus catches fire in Manikganj,2019-06-03 14:09:24,https://en.prothomalo.com/bangladesh/Bus-catches-fire-in-Manikganj,dhaka-aricha highway,manikganj,0,0,bus,fire,Bangladesh,event,road accident
3076,8 killed in Sirajganj road crash,2019-06-02 14:15:35,https://en.prothomalo.com/bangladesh/8-killed-in-Sirajganj-road-crash,boalia,sirajganj,8,15,human hauler and a bus,head-on collision,Bangladesh,event,road accident
3078,3 bikers killed in Cumilla road crash,2019-09-15 16:13:15,https://en.prothomalo.com/bangladesh/3-bikers-killed-in-Cumilla-road-crash,dhaka-chattogram highway,cumilla,3,0,"motorcycle, passenger bus",passenger bus hit a motorcycle,Bangladesh,event,road accident
3080,Brahmanbaria violence: Confusion over death toll,2021-04-08 17:30:05,,poirtala bus stand,brahmanbaria,1,0,,shot dead by police,Bangladesh,event,road accident
3081,"Motorcyclist, pillion rider killed in road crash",2019-06-15 12:25:15,https://en.prothomalo.com/bangladesh/Motorcyclist-pillion-rider-killed-in-road-crash-2,panchagarh-tetulia highway at barrister bazar,panchagarh sadar upazila,2,0,"motorcycle, truck",stone-laden truck hit their vehicle,Bangladesh,event,road accident
3082,"Motorcyclist, pillion rider killed in road crash",2019-06-15 12:25:15,https://en.prothomalo.com/bangladesh/Motorcyclist-pillion-rider-killed-in-road-crash,panchagarh-tetulia highway at barrister bazar,panchagarh sadar upazila,2,0,"motorcycle, truck",stone-laden truck hit their vehicle,Bangladesh,event,road accident
3091,DMP chief urges to abide by rules to bring discipline on roads,2019-11-22 09:57:15,https://en.prothomalo.com/bangladesh/DMP-chief-urges-to-abide-by-rules-to-bring,dhaka,dhaka,0,0,,lack of traffic rule abiding,Bangladesh,event,road accident
3093,'The government is clearly submissive to the bus owners and workers',2021-11-29 16:38:26,https://en.prothomalo.com/opinion/interview/the-government-is-clearly-submissive-to-the-bus-owners-and-workers,,,0,0,,,Bangladesh,event,road accident
3094,Bogura boat capsize: Two more bodies recovered,2019-08-15 22:58:05,https://en.prothomalo.com/bangladesh/Bogura-boat-capsize-Two-more-bodies-recovered,"sariakandi upazila, jamuna river",sariakandi,4,0,engine-run boat,capsized,Bangladesh,event,road accident
3095,Quader blames soil condition for higher road-construction cost,2019-09-09 21:20:15,https://en.prothomalo.com/bangladesh/Quader-blames-soil-condition-for-higher,parliament,,0,0,,,Bangladesh,event,road accident
3096,Road crash kills couple,2019-08-11 12:47:11,https://en.prothomalo.com/bangladesh/Road-crash-kills-couple,raiganj upazila,sirajganj,2,2,bus,speedy bus,Bangladesh,event,road accident
3097,Truck driver killed in road crash,2019-07-15 14:22:26,https://en.prothomalo.com/bangladesh/Truck-driver-killed-in-road-crash,khulna-mawa highway in fakirhat upazila,bagerhat,1,0,truck,hit a roadside tree,Bangladesh,event,road accident
3098,Speeding bus costs another life,2019-09-05 23:52:04,https://en.prothomalo.com/bangladesh/Speeding-bus-costs-another-life,mohakhali,dhaka,1,0,bus,speeding,Bangladesh,event,road accident
3100,Road crashes kill 4 in Bogura,2019-09-05 18:02:41,https://en.prothomalo.com/bangladesh/Road-crashes-kill-4-killed-in-Bogura,dhaka-bogura highway at college road area and ulipur in sherpur upazila headquarters,sherpur upazila,4,2,"truck, bus","truck collision, bus hitting a pedestrian",Bangladesh,event,road accident
3103,2 students’ death in road crash: Verdict to be delivered 1 Dec,2019-11-14 22:47:59,https://en.prothomalo.com/bangladesh/2-students’-death-in-road-crash-Verdict-to-be,airport road,dhaka,2,0,,,Bangladesh,event,road accident
3105,14 years since dreadful day of cyclone Sidr,2021-11-15 22:37:59,https://en.prothomalo.com/bangladesh/14-years-since-dreadful-day-of-cyclone-sidr,coastal districts of bangladesh,"chattogram, bangladesh",0,0,"flights, vessels",cyclone sidr hitting the coast with high speed and tidal surge,Bangladesh,event,road accident
3106,"Stop killing passengers pushing off buses

",2020-09-29 14:52:37,https://en.prothomalo.com/opinion/editorial/stop-killing-passengers-pushing-off-buses,bahaddarhat to agrabad,chittagong,1,0,city transport bus (chittagong metro-j-11-2031),dispute over bus fare,Bangladesh,event,road accident
3107,Homecoming ends up in tragic death,2020-01-17 10:18:32,https://en.prothomalo.com/bangladesh/Homecoming-ends-up-in-death,beanibazar,beanibazar,0,0,,,Bangladesh,event,road accident
3109,Cop among three killed in road crash,2019-09-02 12:03:53,https://en.prothomalo.com/bangladesh/Cop-among-three-killed-in-road-crash,syedpur,cumilla,3,0,"covered van, wrecker","road crash, being hit by wrecker during rescue operation",Bangladesh,event,road accident
3110,Landslide kills 2 in Rangamati,2019-07-13 13:18:08,https://en.prothomalo.com/bangladesh/Landslide-kills-2-in-Rangamati,karigar para,rangamati,2,0,,landslide,Bangladesh,event,road accident
3113,2 dead as bus collides with truck,2019-06-01 14:20:47,https://en.prothomalo.com/bangladesh/2-dead-as-bus-collides-with-truck,dhaka-khulna highway,faridpur,2,2,"bus, truck",head on collision,Bangladesh,event,road accident
3114,Eden college student dies 2 days after falling from bike,2019-12-02 16:55:40,https://en.prothomalo.com/bangladesh/Eden-college-student-dies-2-days-after-falling,"bijoy sarani, dhaka",dhaka,1,0,motorcycle,fell from motorcycle,Bangladesh,event,road accident
3117,4 workers killed as Chander Gari overturns in Chattogram,2019-04-25 11:19:44,https://en.prothomalo.com/bangladesh/4-workers-killed-as-Chander-Gari-overturns-in,gabtala area of rangunia upazila,chattogram,4,0,human hauler (chander gari),turned turtle,Bangladesh,event,road accident
3118,3 killed in road crash,2019-06-12 09:53:27,https://en.prothomalo.com/bangladesh/3-killed-in-road-crash-5,mahishbathan bazar,mahadebpur,3,0,"truck, motorbike",truck hit a motorbike,Bangladesh,event,road accident
3119,3 killed in road crash,2019-06-12 09:53:27,https://en.prothomalo.com/bangladesh/3-killed-in-road-crash-4,mahishbathan bazar,mahadebpur,3,0,"truck, motorbike",truck hit a motorbike,Bangladesh,event,road accident
3120,3 killed in road crash,2019-06-12 09:53:27,https://en.prothomalo.com/bangladesh/3-killed-in-road-crash-2,mahishbathan bazar,mahadebpur,3,0,"truck, motorbike",truck hit a motorbike,Bangladesh,event,road accident
3121,Brahmanbaria road crash kills 3,2019-05-25 20:06:41,https://en.prothomalo.com/bangladesh/Brahmanbaria-road-crash-kills-3,bijoynagar,bijoynagar,3,2,truck and auto-rickshaw,truck hit an auto-rickshaw,Bangladesh,event,road accident
3122,7 killed as picnic bus hits tree,2019-08-15 10:49:08,https://en.prothomalo.com/bangladesh/7-killed-as-picnic-bus-hits-tree,lemua,feni sadar upazila,7,20,,,Bangladesh,event,road accident
3123,3 killed over land dispute,2019-08-14 12:59:33,https://en.prothomalo.com/bangladesh/Clash-between-rival-groups-kills-3,khathaldangi village,mymensingh,3,2,,clash over ownership of a plot,Bangladesh,event,road accident
3124,Motorcyclist killed on flyover,2019-07-04 09:34:27,https://en.prothomalo.com/bangladesh/Motorcyclist-killed-on-flyover,mayor mohammad hanif flyover,dhaka,1,0,"motorcycle, truck",speeding truck,Bangladesh,event,road accident
3125,2 bikers killed in Bagerhat road crash,2019-06-06 16:38:42,https://en.prothomalo.com/bangladesh/2-bikers-killed-in-Bagerhat-road-crash,maheshpur,bagerhat,2,2,motorcycle,road accident,Bangladesh,event,road accident
3126,8 killed as bus plunges into roadside ditch,2019-08-24 17:48:49,https://en.prothomalo.com/bangladesh/6-killed-as-bus-plunges-into-roadside-ditch,dhuldi area on the dhaka-faridpur highway,faridpur sadar,8,20,bus,fell off a bridge,Bangladesh,event,road accident
3127,Road crash kills construction worker,2019-05-07 13:37:23,https://en.prothomalo.com/bangladesh/Road-crash-kills-construction-worker,dhaka-aricha highway in sadar upazila's jagir area,manikganj,1,0,pick-up van,worker crushed under vehicle,Bangladesh,event,road accident
3128,Road crashes snatch three lives,2019-09-17 11:42:13,https://en.prothomalo.com/bangladesh/Road-crashes-snatch-three-lives,gazipur and panchagarh districts,"gazipur, panchagarh",2,0,,,Bangladesh,event,road accident
3131,Thakurgaon road crash death toll rises to 4,2019-08-22 20:01:17,https://en.prothomalo.com/bangladesh/Thakurgaon-road-crash-death-toll-rises-to-4,thakurgaon-panchagarh highway,thakurgaon,4,29,buses,head-on collision,Bangladesh,event,road accident
3133,Cumilla road crash kills 2,2019-06-18 18:31:29,https://en.prothomalo.com/bangladesh/Cumilla-road-crash-kills-2,jatrapur,cumilla,2,3,pick-up van and auto-rickshaw,head-on collision,Bangladesh,event,road accident
3134,Schoolboy killed in road crash,2019-06-15 22:37:16,https://en.prothomalo.com/bangladesh/Schoolboy-killed-in-road-crash-2,baganmath village,maheshpur,1,0,auto-rickshaw,hit by an auto-rickshaw,Bangladesh,event,road accident
3135,Schoolboy killed in road crash,2019-06-15 22:37:16,https://en.prothomalo.com/bangladesh/Schoolboy-killed-in-road-crash,baganmath village,maheshpur,1,0,auto-rickshaw,hit by an auto-rickshaw,Bangladesh,event,road accident
3137,2 killed in road crash,2019-05-03 14:38:29,https://en.prothomalo.com/bangladesh/2-killed-in-road-crash-11,khulna-mawa highway at nauapara in fakirhat upazila,bagerhat,2,1,"bus, microbus",collision,Bangladesh,event,road accident
3138,2 killed in road crash,2019-05-03 14:38:29,https://en.prothomalo.com/bangladesh/2-killed-in-road-crash-13,khulna-mawa highway at nauapara in fakirhat upazila,bagerhat,2,1,bus and microbus,collision,Bangladesh,event,road accident
3139,2 killed in road crash,2019-05-03 14:38:29,https://en.prothomalo.com/bangladesh/2-killed-in-road-crash-10,khulna-mawa highway at nauapara in fakirhat upazila,bagerhat,2,1,"bus, microbus",collision between bus and microbus,Bangladesh,event,road accident
3140,2 killed in road crash,2019-05-03 14:38:29,https://en.prothomalo.com/bangladesh/2-killed-in-road-crash-7,khulna-mawa highway at nauapara in fakirhat upazila,bagerhat,2,1,"bus, microbus",collision,Bangladesh,event,road accident
3141,2 killed in road crash,2019-05-03 14:38:29,https://en.prothomalo.com/bangladesh/2-killed-in-road-crash-4,khulna-mawa highway at nauapara in fakirhat upazila,bagerhat,2,1,bus and microbus,collision,Bangladesh,event,road accident
3142,2 killed in road crash,2019-05-03 14:38:29,https://en.prothomalo.com/bangladesh/2-killed-in-road-crash-2,khulna-mawa highway at nauapara in fakirhat upazila,bagerhat,2,1,bus and microbus,collision,Bangladesh,event,road accident
3143,2 killed in road crash,2019-05-03 14:38:29,https://en.prothomalo.com/bangladesh/2-killed-in-road-crash,khulna-mawa highway at nauapara in fakirhat upazila,bagerhat,2,1,"bus, microbus",collision,Bangladesh,event,road accident
3146,Man killed in Natore road crash,2019-04-23 13:42:35,https://en.prothomalo.com/bangladesh/Man-killed-in-Natore-road-crash,bonpara,natore,1,2,"bus, rickshaw van",bus hit rickshaw van,Bangladesh,event,road accident
3147,BCL man among 2 killed in Chattogram road crash,2019-09-11 09:44:29,,mirsarai upazila,chattogram,2,10,,,Bangladesh,event,road accident
3148,3 bikers killed in Pabna road crash,2019-07-08 19:20:09,,dhaka-pabna highway at birahimpur of aminpur upazila,pabna,3,0,"truck, motorbike",truck hit a motorbike,Bangladesh,event,road accident