id,title,date,article_url,place_of_accident,district,number_of_deaths,number_of_injured,vehicle_type,cause_of_accident,country,report_type,type_of_accident
3399,Cumilla road crash kills 3,2019-02-27 16:22:26,https://en.prothomalo.com/bangladesh/accident/cumilla-road-crash-kills-3,dhaka-chittagong highway in kutumbapur area,cumilla,3,0,covered van,driver lost control over the steering and ran over the pedestrians,Bangladesh,event,road accident
3400,Cumilla road crash kills 3,2019-02-27 16:22:26,https://en.prothomalo.com/bangladesh/Cumilla-road-crash-kills-3,dhaka-chittagong highway in kutumbapur area,cumilla,3,0,covered van,driver lost control over the steering and ran over the pedestrians,Bangladesh,event,road accident
3401,Bike crash claims lives of 2 schoolboys,2019-04-05 23:55:37,https://en.prothomalo.com/bangladesh/Bike-crash-claims-lives-of-2-schoolboys,khilgaon flyover,dhaka,2,0,motorcycle,,Bangladesh,event,road accident
3412,Bus driver remanded over Abrar’s death,2019-03-20 19:37:35,https://en.prothomalo.com/bangladesh/Bus-driver-remanded-over-Abrar’s-death,pragati sarani,dhaka,1,0,bus,,Bangladesh,event,road accident
3413,Shujan branch president among 2 killed in road crash,2019-02-23 14:34:46,https://en.prothomalo.com/bangladesh/Shujan-branch-president-among-2-killed-in-road,link road of the eastern side of bangabandhu bridge,tangail,2,5,vehicle and microbus,vehicle hit a microbus,Bangladesh,event,road accident
3414,Narsingdi road crash kills 2 motorcyclists,2019-02-10 20:59:23,https://en.prothomalo.com/bangladesh/Narsingdi-road-crash-kills-2-motorcyclists,dhaka-sylhet highway in paolanpur area,narsingdi,2,0,"motorbikes, covered van",covered van hit their motorbike,Bangladesh,event,road accident
3416,Biker killed in road crash,2019-01-15 12:18:26,https://en.prothomalo.com/bangladesh/Biker-killed-in-road-crash,chhoto khochabari area in sadar upazila,thakurgaon,1,1,"motorcycle, bus",motorcycle slipped and bus ran over the motorcyclist,Bangladesh,event,road accident
3418,Man killed in road crash,2018-12-26 13:27:13,https://en.prothomalo.com/bangladesh/Man-killed-in-road-crash-2,rajendrapur intersection,gazipur,1,1,"truck, covered-van",,Bangladesh,event,road accident
3419,Man killed in road crash,2018-12-26 13:27:13,https://en.prothomalo.com/bangladesh/Man-killed-in-road-crash-3,rajendrapur intersection,gazipur,1,1,"truck, covered-van",truck rammed a covered-van,Bangladesh,event,road accident
3420,Man killed in road crash,2018-12-26 13:27:13,https://en.prothomalo.com/bangladesh/Man-killed-in-road-crash,rajendrapur intersection,gazipur,1,1,"truck, covered-van",truck rammed a covered-van,Bangladesh,event,road accident
3423,6 killed in separate road crashes,2019-05-02 10:23:37,https://en.prothomalo.com/bangladesh/6-killed-in-separate-road-crashes,mirganj,bagha,3,0,bus,,Bangladesh,event,road accident
3424,HC order on Rajib’s compensation deferred,2019-05-23 21:38:54,https://en.prothomalo.com/bangladesh/HC-order-on-Rajib’s-compensation-deferred,,,0,0,,,Bangladesh,event,road accident
3425,25 medical students injured in road crash,2018-12-09 11:55:58,https://en.prothomalo.com/bangladesh/25-medical-students-injured-in-road-crash,mainamati cantonment,cumilla,0,25,private medical college bus (implied),road crash,Bangladesh,event,road accident
3426,Illegal three-wheelers making highways more dangerous,2019-09-19 12:24:31,https://en.prothomalo.com/bangladesh/Illegal-three-wheelers-making-highways-more,benapole-jashore and navaron-satkhira highways,jashore,0,0,three-wheelers,illegal operation of three-wheelers,Bangladesh,event,road accident
3427,Gopalganj bus plunge kills 2,2019-02-05 14:01:39,https://en.prothomalo.com/bangladesh/Gopalganj-bus-plunge-kills-2,sadar upazila,gopalganj,2,20,bus,plunged into a roadside ditch,Bangladesh,event,road accident
3428,6 killed as bus overturns in Cumilla,2019-02-17 14:10:15,https://en.prothomalo.com/bangladesh/6-killed-as-bus-overturns-in-Cumilla,dhaka-chattogram highway in jagonnath digi area,cumilla,6,8,passenger bus,turned turtle,Bangladesh,event,road accident
3429,Bangladeshi killed in Qatar road crash,2019-02-16 23:56:35,https://en.prothomalo.com/bangladesh/Bangladeshi-killed-in-Qatar-road-crash,doha,chattogram,1,0,car,speeding car ran over,Bangladesh,event,road accident
3432,Road crashes claim four more lives,2019-06-10 08:54:30,https://en.prothomalo.com/bangladesh/Road-crashes-claim-four-more-lives-2,feni and lakshmipur districts,feni and lakshmipur,4,0,,,Bangladesh,event,road accident
3433,Road crashes claim four more lives,2019-06-10 08:54:30,https://en.prothomalo.com/bangladesh/Road-crashes-claim-four-more-lives,feni and lakshmipur districts,"feni, lakshmipur",4,0,,,Bangladesh,event,road accident
3434,"Motorcyclist, pillion rider killed in road crash",2019-01-18 11:25:46,https://en.prothomalo.com/bangladesh/Motorcyclist-pillion-rider-killed-in-road-crash-2,talora-jamdar road in kalipara village,kahalu upazila in bogura,2,0,motorcycle,hit a tree,Bangladesh,event,road accident
3435,"Motorcyclist, pillion rider killed in road crash",2019-01-18 11:25:46,https://en.prothomalo.com/bangladesh/Motorcyclist-pillion-rider-killed-in-road-crash,talora-jamdar road in kalipara village,kahalu upazila,2,0,motorcycle,hit a tree,Bangladesh,event,road accident
3436,PM Hasina consoles Abrar’s parents,2019-03-23 00:11:18,https://en.prothomalo.com/bangladesh/PM-Hasina-consoles-Abrar’s-parents,ganabhaban,dhaka,1,0,,road accident,Bangladesh,event,road accident
3437,Savar road crash kills 2,2019-01-04 18:01:52,https://en.prothomalo.com/bangladesh/Savar-road-crash-kills-2-3,tongi-ashulia-epz road at itakhola,ashulia of savar,2,3,truck and rickshaws,truck hit rickshaws,Bangladesh,event,road accident
3438,BL College teacher killed in Khulna road crash,2019-02-12 21:32:50,https://en.prothomalo.com/bangladesh/BL-College-teacher-killed-in-Khulna-road-crash,khulna-jashore road in front of damodor government primary school,phultala,1,0,truck,run over,Bangladesh,event,road accident
3439,Woman killed as tree falls on her,2019-02-23 11:41:48,https://en.prothomalo.com/bangladesh/Woman-killed-as-tree-falls-on-her,"shishu academy, shahbag area",dhaka,1,7,pedestrians,falling coconut tree,Bangladesh,event,road accident
3441,25 killed in Faridpur road accident,2015-04-09 13:07:33,https://en.prothomalo.com/bangladesh/24-killed-in-Faridpur-road-accident,bhanga,faridpur,25,18,bus,bus veered off the road and hit a tree,Bangladesh,event,road accident
3443,Fire guts 100 shanties in Chattogram,2019-02-10 15:39:59,https://en.prothomalo.com/bangladesh/Fire-guts-100-shanties-in-Chattogram,rail gate area,chattogram,0,0,,fire,Bangladesh,event,road accident
3448,Explosives dept should ensure gas cylinder safety,2019-10-20 09:37:57,https://en.prothomalo.com/opinion/Explosives-dept-should-ensure-gas-cylinder-safety,anwara,chattogram,3,3,ambulance,gas cylinder explosion,Bangladesh,event,road accident
3449,Bus-truck collision kills 3 in Bagerhat,2019-01-22 16:04:37,https://en.prothomalo.com/bangladesh/Bus-truck-collision-kills-3-in-Bagerhat,khulna-mawa highway in fakirhat upazila,bagerhat,3,20,bus and a truck,head-on collision,Bangladesh,event,road accident
3451,"Gazipur road crash kills truck driver, helper",2019-02-03 10:44:08,https://en.prothomalo.com/bangladesh/Gazipur-road-crash-kills-truck-driver-helper,naotana area in kaliganj upazila,gazipur,2,1,"truck, covered van",head-on collision,Bangladesh,event,road accident
3455,Teen killed as bike hits Hatirjheel divider,2018-12-24 12:05:00,https://en.prothomalo.com/bangladesh/Teen-biker-killed-in-road-crash,hatirjheel,dhaka,1,1,motorcycle,skidded off the road hitting the divider,Bangladesh,event,road accident
3457,Road crash kills 2,2018-12-22 15:38:40,https://en.prothomalo.com/bangladesh/Road-crash-kills-2-7,boardghor area,"kaliakoir, gazipur",2,0,truck,truck rammed a stationary one,Bangladesh,event,road accident
3458,Road crash kills 2,2018-12-22 15:38:40,https://en.prothomalo.com/bangladesh/Road-crash-kills-2-6,boardghor area,gazipur,2,0,truck,truck rammed a stationary one,Bangladesh,event,road accident
3459,Road crash kills 2,2018-12-22 15:38:40,https://en.prothomalo.com/bangladesh/Road-crash-kills-2-5,boardghor area,gazipur,2,0,truck,truck rammed a stationary one,Bangladesh,event,road accident
3460,Road crash kills 2,2018-12-22 15:38:40,https://en.prothomalo.com/bangladesh/Road-crash-kills-2-4,boardghor area,"kaliakoir, gazipur",2,0,truck,truck rammed a stationary one,Bangladesh,event,road accident
3461,Road crash kills 2,2018-12-22 15:38:40,https://en.prothomalo.com/bangladesh/Road-crash-kills-2-3,boardghor area,gazipur,2,0,truck,truck rammed a stationary truck,Bangladesh,event,road accident
3462,Road crash kills 2,2018-12-22 15:38:40,https://en.prothomalo.com/bangladesh/Road-crash-kills-2-2,boardghor area,gazipur,2,0,truck,truck rammed a stationary truck,Bangladesh,event,road accident
3463,Road crash kills 2,2018-12-22 15:38:40,https://en.prothomalo.com/bangladesh/Road-crash-kills-2,boardghor area,"kaliakoir, gazipur",2,0,truck,a truck rammed a stationary one,Bangladesh,event,road accident
3464,3 burnt to death as microbus catches fire,2019-02-12 11:38:27,https://en.prothomalo.com/bangladesh/3-burnt-to-death-as-microbus-catches-fire,dhaka chittagong highway,mirsarai upazila of chattogram,3,2,microbus and covered van,vehicle collision and fire,Bangladesh,event,road accident
3466,BNP's connection to Chawkbazar fire should be probed: Hasan,2019-02-23 23:27:17,https://en.prothomalo.com/bangladesh/BNP-s-connection-to-Chawkbazar-fire-should-be,chawkbazar,chawkbazar,0,0,,fire,Bangladesh,event,road accident
3472,PM orders to conduct surveys on road-rail bridges,2019-06-25 23:02:39,https://en.prothomalo.com/bangladesh/PM-Hasina-orders-to-conduct-surveys-on-road-rail,,,0,0,rail and road bridges,dilapidated condition,Bangladesh,event,road accident
3473,3 killed in road crashes,2019-03-10 19:56:16,https://en.prothomalo.com/youth/3-killed-in-road-crashes,chandrabari in louhajang upazila,munshiganj,2,2,bus,bus ploughed through a shop,Bangladesh,event,road accident
3474,3 killed in bus-microbus collision,2019-02-03 11:27:25,https://en.prothomalo.com/bangladesh/3-killed-in-bus-microbus-collision,patia,chattogram,3,8,"bus, microbus",head on collision,Bangladesh,event,road accident
3475,Buriganga trawler capsize during storm kills 4,2019-04-01 12:49:22,https://en.prothomalo.com/bangladesh/Buriganga-trawler-capsize-during-storm-kills-4,buriganga river,keraniganj,4,0,,boat capsize during storm,Bangladesh,event,road accident
3477,2 killed as picnic bus hits truck,2019-03-08 21:27:52,https://en.prothomalo.com/bangladesh/2-killed-as-picnic-bus-hits-truck-in-Bagerhat,bagerhat-khulna highway at ronbijoypur,bagerhat,2,10,"picnic bus, truck",picnic bus hit a stationary truck,Bangladesh,event,road accident
3478,"Biker, pillion rider killed in Chapainawabganj",2019-01-08 11:00:02,https://en.prothomalo.com/bangladesh/Biker-pillion-rider-killed-in-Chapainawabganj,kolyanpur,chapainawabganj,2,0,"motorcycle, truck, pickup van",motorcycle skidded off while trying to overtake a truck when a pickup van came in front,Bangladesh,event,road accident
3481,Singer Khurshid Alam injured in road crash,2019-03-30 15:57:57,https://en.prothomalo.com/entertainment/Singer-Khurshid-Alam-injured-in-road-crash,dhaka-rangpur highway in jhupgari area,bogura district,0,1,car and truck,truck hit his car,Bangladesh,event,road accident
3482,Fire at Gulshan-1 kitchen market,2019-03-30 09:04:45,https://en.prothomalo.com/bangladesh/Fire-at-Gulshan-1-kitchen-market,kitchen market near the dncc market in gulshan- 1,gulshan- 1,0,0,not applicable,fire,Bangladesh,event,road accident
3484,3 university students among 4 killed in road crash,2019-08-17 13:52:13,https://en.prothomalo.com/bangladesh/4-killed-in-road-crash,kararchar area of shibpur upazila in narsingdi,narsingdi,4,5,bus and car,bus collided with a car,Bangladesh,event,road accident
3485,"Biker, pillion rider killed in Chattogram",2019-01-29 10:14:37,https://en.prothomalo.com/bangladesh/Biker-pillion-rider-killed-in-Chattogram,chandnaish upazila,chattogram,2,0,"truck, motorbike",truck rammed their motorbike,Bangladesh,event,road accident
3489,"Road crash kills woman, granddaughter",2019-02-06 16:21:58,https://en.prothomalo.com/bangladesh/Road-crash-kills-Woman-granddaughter,sylhet-fenchuganj road at dharampur,moglabazar,2,2,"bus, auto rickshaw",bus hitting auto rickshaw,Bangladesh,event,road accident
3491,3 killed as truck hits motorcycle,2018-10-09 13:01:58,,mohadebpur-patnitola road,nagaon,3,0,"motorcycle, truck",truck rammed a motorbike,Bangladesh,event,road accident
3492,Road crash kills 6 of a family,2019-01-23 13:31:13,,west mandarin,lakshmipur sadar upazila,7,0,"truck, auto-rickshaw",truck rammed a cng-run auto-rickshaw,Bangladesh,event,road accident
3493,Barishal students protest at Friday’s road crash,2019-03-23 19:41:24,https://en.prothomalo.com/bangladesh/Barishal-students-protest-at-Friday’s-road-crash,barishal,barishal,7,0,bus,,Bangladesh,event,road accident
3495,Road accidents kill 4 in Ashulia,2015-03-11 20:30:45,https://en.prothomalo.com/bangladesh/Road-accidents-kill-4-in-Ashulia,ashulia,dhaka,4,0,,,Bangladesh,event,road accident
3496,College student among 5 killed in road crash,2019-03-22 13:12:06,https://en.prothomalo.com/bangladesh/College-student-among-5-killed-in-road-crash,barishal-banaripara road in tetultala area of barishal city,barishal,5,6,bus and human hauler,bus hitting a human hauler,Bangladesh,event,road accident
3500,Road crashes claim 11 lives,2019-09-16 11:01:06,https://en.prothomalo.com/bangladesh/Road-crashes-claim-11-lives,dhaka-chattogram highway in sadar dakkhin upazila,cumilla,11,11,"bus, motorcycle",bus hit a motorcycle,Bangladesh,event,road accident
3501,Education officer killed in road crash,2018-10-30 13:13:05,https://en.prothomalo.com/bangladesh/Education-officer-killed-in-road-crash,suchibunia,bhatiaghata,1,0,truck,truck hit him,Bangladesh,event,road accident
3502,2 killed in road crash,2018-12-22 15:37:16,https://en.prothomalo.com/bangladesh/2-killed-in-road-crash-11,in front of gazirhat degree college,thakurgaon,2,0,"motorcycle, tractor",tractor hit their vehicle,Bangladesh,event,road accident
3503,2 killed in road crash,2018-12-22 15:37:16,https://en.prothomalo.com/bangladesh/2-killed-in-road-crash-13,in front of gazirhat degree college,thakurgaon,2,0,"motorcycle, tractor",tractor hit motorcycle,Bangladesh,event,road accident
3504,2 killed in road crash,2018-12-22 15:37:16,https://en.prothomalo.com/bangladesh/2-killed-in-road-crash-10,ranisankail,thakurgaon,2,0,"motorcycle, tractor",tractor hit motorcycle,Bangladesh,event,road accident
3505,2 killed in road crash,2018-12-22 15:37:16,https://en.prothomalo.com/bangladesh/2-killed-in-road-crash-7,in front of gazirhat degree college,thakurgaon,2,0,motorcycle and tractor,tractor hit motorcycle,Bangladesh,event,road accident
3506,2 killed in road crash,2018-12-22 15:37:16,https://en.prothomalo.com/bangladesh/2-killed-in-road-crash-4,"ranisankail, thakurgaon",thakurgaon,2,0,"motorcycle, tractor",tractor hit their vehicle,Bangladesh,event,road accident
3507,2 killed in road crash,2018-12-22 15:37:16,https://en.prothomalo.com/bangladesh/2-killed-in-road-crash-2,gazirhat degree college,thakurgaon,2,0,"motorcycle, tractor",tractor hit motorcycle,Bangladesh,event,road accident
3508,2 killed in road crash,2018-12-22 15:37:16,https://en.prothomalo.com/bangladesh/2-killed-in-road-crash,"ranisankail, thakurgaon",thakurgaon,2,0,"motorcycle, tractor",tractor hit their vehicle,Bangladesh,event,road accident
3509,"Driver, assistant killed as truck plunges into ditch",2018-11-26 11:29:43,https://en.prothomalo.com/bangladesh/Driver-assistant-killed-as-truck-plunges-into,boilgram village,madaripur,2,2,truck,vehicle plunged into a roadside ditch,Bangladesh,event,road accident
3514,8 sustain burn injuries in steel factory fire,2018-12-18 12:35:45,https://en.prothomalo.com/bangladesh/8-sustain-burn-injuries-in-steel-factory,kadamtali steel mills pvt ltd at kadamtali,shyampur,0,8,industrial equipment,melted iron accidentally fell on a group of workers,Bangladesh,event,road accident
3515,Turkish national among 2 killed in road crash,2018-12-18 10:08:29,https://en.prothomalo.com/bangladesh/Turkish-national-among-2-killed-in-road-crash,dhaka-rajshahi highway at senbhag in puthia,rajshahi,2,0,"truck, pick-up van, bus","truck hit pick-up van, then bus hit pick-up van",Bangladesh,event,road accident
3516,Road crashes kill 3,2019-04-03 14:33:44,https://en.prothomalo.com/bangladesh/Road-crashes-kill-3-2,zero mile area of the district town,khagrachhari,1,3,"passenger bus, goods-laden pick-up van, covered van",collision between vehicles,Bangladesh,event,road accident
3519,Road crash kills 3 in Chattogram,2018-12-28 17:35:15,https://en.prothomalo.com/bangladesh/Road-crash-kills-3-in-Chattogram,mirsharai upazila,chattogram,3,0,"truck, rickshaw",cement-laden truck hit a rickshaw,Bangladesh,event,road accident
3520,PEC examinee killed in road crash,2018-11-19 15:05:48,,port colony,chattogram,1,1,human hauler and cng-run auto-rickshaw,collision,Bangladesh,event,road accident
3521,Road crash claims lives of 3 labourers,2018-12-02 10:30:23,,nurpur bypass area,pabna,3,1,truck,overturned,Bangladesh,event,road accident
3522,Appellate Division orders Green Line Paribahan to pay Russel Tk 5m,2019-03-31 14:20:51,https://en.prothomalo.com/bangladesh/Appellate-Division-orders-Green-Line-Paribahan-to,high court,dhaka,0,1,bus,,Bangladesh,event,road accident
3523,"Truck, easy-bike collision kills 3",2018-11-18 12:26:20,,lahirirhat area of rangpur sadar upazila,rangpur,3,3,truck and easy-bike,head-on collision,Bangladesh,event,road accident
3524,One body recovered in Buriganga boat capsize,2019-03-08 21:38:15,https://en.prothomalo.com/bangladesh/One-body-recovered-in-Buriganga-boat-capsize,"sadarght, buriganga river",sadarghat,1,0,,boat capsize,Bangladesh,event,road accident
3525,"Probe finds no fault of joint secretary, DC over Titash death",2019-09-05 23:32:55,,madaripur,madaripur,1,0,"ferry, ambulance",ferry delay,Bangladesh,event,road accident
3528,Road crashes claim 3 lives,2019-04-21 18:55:30,https://en.prothomalo.com/bangladesh/Road-crashes-claim-3-lives,bonpra bypass area of boraigram upazila,natore,1,0,"truck, motorcycle",truck hit a motorcycle,Bangladesh,event,road accident
3530,Sheer negligence despite frequent deaths,2020-11-19 17:18:17,https://en.prothomalo.com/bangladesh/sheer-negligence-despite-frequent-deaths,"bhanga gate, abhoynagar",jashore,5,0,car,unauthorized railway crossing,Bangladesh,event,road accident
3536,ASP’s vehicle ‘attacked’ in Chuadanga,2018-12-24 09:40:46,https://en.prothomalo.com/bangladesh/ASP’s-vehicle-‘attacked’-in-Chuadanga,darshana filling station,damurhuda,0,0,car,bomb attack,Bangladesh,event,road accident
3537,3 army men killed in road crash,2019-02-08 19:59:32,https://en.prothomalo.com/bangladesh/3-army-men-killed-in-road-crash,subarnachar upazila,noakhali,3,9,army personnel vehicles,road accident,Bangladesh,event,road accident
3540,Fitness certificates of 33pc buses invalid: BRTA,2019-02-07 16:29:21,https://en.prothomalo.com/bangladesh/Fitness-certificates-of-33pc-buses-invalid-BRTA,dhaka city,dhaka,0,0,buses,invalid fitness certificates,Bangladesh,event,road accident
3541,Barishal road crash toll rises to 7,2019-03-22 19:35:32,https://en.prothomalo.com/bangladesh/Barishal-road-crash-toll-rises-to-7,barishal city,barishal,7,0,,,Bangladesh,event,road accident
3545,Driver of bus that killed Abrar had no licence!,2019-03-20 15:28:37,https://en.prothomalo.com/bangladesh/Driver-of-bus-that-killed-Abrar-had-no-licence,dhaka,dhaka north city corporation,1,0,bus,driving without license,Bangladesh,event,road accident
3546,"BUP student killed in road crash, protesters block city street",2019-03-20 12:04:21,https://en.prothomalo.com/bangladesh/BUP-student-killed-in-road-crash-protesters-block,jamuna future park,dhaka,1,0,,road crash,Bangladesh,event,road accident
3553,Road crash kills 2,2018-12-17 16:51:58,https://en.prothomalo.com/bangladesh/Road-crash-kills-2-4,pakutia,"ghatail, tangail",2,4,"bus, pick-up van",bus rammed a pick-up van,Bangladesh,event,road accident
3557,Road crash kills one,2018-10-09 16:26:45,https://en.prothomalo.com/bangladesh/Road-crash-kills-one-5,amirpur village,chuadanga,1,0,tractor,overturned,Bangladesh,event,road accident
3558,Road crash kills one,2018-10-09 16:26:45,https://en.prothomalo.com/bangladesh/Road-crash-kills-one-4,amirpur village,chuadanga,1,0,tractor,overturned,Bangladesh,event,road accident
3559,Road crash kills one,2018-10-09 16:26:45,https://en.prothomalo.com/bangladesh/Road-crash-kills-one-3,amirpur village,chuadanga,1,0,tractor,overturned,Bangladesh,event,road accident
3560,Road crash kills one,2018-10-09 16:26:45,https://en.prothomalo.com/bangladesh/Road-crash-kills-one-2,amirpur village,chuadanga,1,0,tractor,overturned,Bangladesh,event,road accident
3561,Road crash kills one,2018-10-09 16:26:45,https://en.prothomalo.com/bangladesh/Road-crash-kills-one,amirpur village,chuadanga,1,0,tractor,overturned,Bangladesh,event,road accident
3563,4 die as car plunges into ditch,2019-01-20 13:59:30,https://en.prothomalo.com/bangladesh/4-die-as-car-plunges-into-ditch,bostol area of sonargaon upazila,narayanganj,4,0,private car,vehicle plunged into a ditch,Bangladesh,event,road accident
3564,2 school teachers killed in road crash,2018-11-29 09:28:47,https://en.prothomalo.com/bangladesh/2-school-teachers-killed-in-road-crash,bagerhat-mawa highway at joydihi village in mollahat,bagerhat,2,0,"truck, motorcycle",speeding truck hit the motorcycle,Bangladesh,event,road accident
3565,Sirajganj road crash claims 3 lives,2019-01-05 10:34:48,https://en.prothomalo.com/bangladesh/Sirajganj-road-crash-claims-3-lives,bangabandhu bridge (western side) connecting road,raiganj,3,0,"pick-up van, truck",pick-up van hit a stone-laden truck,Bangladesh,event,road accident
3567,Savar road crash kills 3 students,2018-12-07 21:18:06,,dhaka-aricha highway at joypura area,dhamrai,3,0,bus and motorcycle,collision,Bangladesh,event,road accident
3568,Give Tk 5m to Rajib’s family: HC,2019-06-20 15:55:56,https://en.prothomalo.com/bangladesh/Give-Tk-5m-to-Rajib’s-family-HC,banglamotor,dhaka,1,1,bus,student trapped between two buses,Bangladesh,event,road accident
3571,Road crash kills elderly man,2018-11-22 11:47:40,https://en.prothomalo.com/bangladesh/Road-crash-kills-elderly-man-2,akhrakhola,satkhira,1,0,bus,knocked down,Bangladesh,event,road accident
3572,3 killed as bus hits motorbike,2018-12-16 23:15:21,https://en.prothomalo.com/bangladesh/3-killed-as-bus-hits-motorbike,kishoreganj-bhairab highway in kishoreganj's rashidabad,kishoreganj,3,0,"bus, motorcycle",speeding bus hit motorcycle,Bangladesh,event,road accident
3573,3 killed in separate incidents in Savar,2018-10-13 20:23:40,https://en.prothomalo.com/bangladesh/3-killed-in-separate-incidents-in-Savar,abdullahpur highway in ashulia jamgara area,savar,1,0,,road accident,Bangladesh,event,road accident
3578,"Bus supervisor, assistant killed in road crash",2019-01-20 17:38:28,,"daudkandi, dhaka-chattogram highway",cumilla,2,0,"bus, covered van","collision involving three vehicles, bus rammed into a covered van from behind",Bangladesh,event,road accident
3580,Road crash kills youth,2018-11-19 10:25:43,https://en.prothomalo.com/bangladesh/Road-crash-kills-youth,bornalir intersection,city,1,2,motorcycle,hit a pedestrian,Bangladesh,event,road accident
3581,Biker killed in Sherpur road crash,2018-11-06 11:02:36,,nalitabari-nakugaon road in sherpur's andharpara of nalitabari upazila,sherpur,1,1,"motorcycle, truck",head on collision,Bangladesh,event,road accident
3582,Youth dies ‘falling off flyover’,2018-12-13 09:41:12,https://en.prothomalo.com/bangladesh/Youth-dies-‘falling-off-flyover’,"mayor hanif flyover, swamibagh",dhaka,1,0,,falling off the flyover,Bangladesh,event,road accident
3584,Businessmen MPs bar passing pro-people laws: Mizanur Rahman,2019-06-30 21:43:25,,national press club,dhaka,0,0,,,Bangladesh,event,road accident
3586,2 construction workers electrocuted,2018-11-27 11:04:47,,jashore,jashore,2,1,,electrocution,Bangladesh,event,road accident
3587,4 killed in Pabdna traffic accident,2015-02-11 14:50:03,https://en.prothomalo.com/bangladesh/4-killed-in-Pabdna-traffic-accident,dhaka-pabna highway in sujanagar upazila,pabna,4,4,truck and three-wheel passenger vehicle,truck crashed into a three-wheel passenger vehicle,Bangladesh,event,road accident
3588,Bus owner asked to pay Tk 1m to Abrar’s family,2019-03-20 16:55:51,https://en.prothomalo.com/bangladesh/Bus-owner-asked-to-pay-Tk-1m-to-Abrar’s-family,dhaka,dhaka,1,0,,road crash,Bangladesh,event,road accident
3589,8 killed in road crashes in 3 districts,2019-06-08 10:04:50,https://en.prothomalo.com/bangladesh/8-killed-in-road-crashes-in-3-districts,"cox's bazar, chandpur and magura districts","cox's bazar, chandpur and magura",8,20,,,Bangladesh,event,road accident
3594,2 killed as bridge collapses in Thakurgaon,2019-01-10 23:47:57,https://en.prothomalo.com/bangladesh/2-killed-as-bridge-collapses-in-Thakurgaon,haripur upazila,thakurgaon,2,4,,bridge collapse during dismantling,Bangladesh,event,road accident
3598,Dope tests for drivers to be introduced: DNCC mayor,2019-04-05 00:23:22,https://en.prothomalo.com/bangladesh/Dope-tests-for-drivers-to-be-introduced-DNCC,dncc office in gulshan,dhaka,0,0,,drug-addled drivers,Bangladesh,event,road accident
3601,Investigators vow to probe negligence,2019-02-22 19:12:53,https://en.prothomalo.com/bangladesh/Investigators-vow-to-probe-negligence,chawkbazar,chawkbazar,67,0,chemical warehouse,fire broke out at a chemical warehouse,Bangladesh,event,road accident
3606,Road crashes kill 2,2018-12-27 14:05:02,https://en.prothomalo.com/bangladesh/Road-crashes-kill-2-2,komorgram in sadar uapzila,joypurhat,1,0,human hauler and motorcycle,human hauler hit a motorcycle,Bangladesh,event,road accident
3607,Road crashes kill 2,2018-12-27 14:05:02,https://en.prothomalo.com/bangladesh/Road-crashes-kill-2,joypurhat-bogura highway at komorgram in sadar uapzila,joypurhat,1,0,"human hauler, motorcycle",human hauler hitting motorcycle,Bangladesh,event,road accident
3608,Road crash kills female physician,2018-12-04 10:56:35,https://en.prothomalo.com/bangladesh/Road-crash-kills-female-physician,bijay sarani,dhaka,1,0,"bus, cng-run auto-rickshaw",bus hit a cng-run auto-rickshaw,Bangladesh,event,road accident
3610,15 die as Malaysia-bound Rohingya boat capsizes: Coast guard,2020-02-11 19:01:57,https://en.prothomalo.com/bangladesh/11-die-as-Malaysia-bound-Rohingya-boat-capsizes,southern bangladesh,,15,50,,overloaded boat,Bangladesh,event,road accident
3612,Road crash kills 2,2018-10-28 13:25:56,https://en.prothomalo.com/bangladesh/Road-crash-kills-2-7,osmaninagar,sylhet,2,10,bus,driver lost control over the steering,Bangladesh,event,road accident
3613,Road crash kills 2,2018-10-28 13:25:56,https://en.prothomalo.com/bangladesh/Road-crash-kills-2-6,osmaninagar,sylhet,2,10,bus,driver lost control,Bangladesh,event,road accident
3614,Road crash kills 2,2018-10-28 13:25:56,https://en.prothomalo.com/bangladesh/Road-crash-kills-2-5,osmaninagar,sylhet,2,10,bus,driver lost control over the steering,Bangladesh,event,road accident
3615,Road crash kills 2,2018-10-28 13:25:56,https://en.prothomalo.com/bangladesh/Road-crash-kills-2-4,osmaninagar,sylhet,2,10,bus,driver lost control over the steering,Bangladesh,event,road accident
3616,Road crash kills 2,2018-10-28 13:25:56,https://en.prothomalo.com/bangladesh/Road-crash-kills-2-3,osmaninagar,sylhet,2,10,bus,driver lost control,Bangladesh,event,road accident
3617,Road crash kills 2,2018-10-28 13:25:56,https://en.prothomalo.com/bangladesh/Road-crash-kills-2-2,osmaninagar,sylhet,2,10,bus,driver lost control over the steering,Bangladesh,event,road accident
3618,Road crash kills 2,2018-10-28 13:25:56,https://en.prothomalo.com/bangladesh/Road-crash-kills-2,osmaninagar,sylhet,2,10,bus,driver lost control over steering,Bangladesh,event,road accident
3621,Another body found in Buriganga boat capsize,2019-03-09 11:50:23,https://en.prothomalo.com/bangladesh/Another-body-found-in-Buriganga-boat-capsize,river buriganga in sadarghat,dhaka,2,0,,boat capsized after collision with a launch,Bangladesh,event,road accident
3627,"Biker, pillion rider killed in Rajshahi",2018-11-04 11:49:43,https://en.prothomalo.com/bangladesh/Biker-pillion-rider-killed-in-Rajshahi,rajshahi-dhaka highway in tarapur of rajshahi’s puthia upazila,rajshahi,2,0,"motorcycle, truck",truck hit motorcycle,Bangladesh,event,road accident
3628,Microbus falls into Hatirjheel lake,2018-09-15 15:49:58,https://en.prothomalo.com/bangladesh/Microbus-falls-into-lake-Hatirjheel,hatirjheel lake,dhaka,0,0,microbus,,Bangladesh,event,road accident
3630,3 RMG workers killed in road crash,2018-12-29 13:46:39,https://en.prothomalo.com/bangladesh/3-RMG-workers-killed-in-road-crash,korean export procession zone (kepz) area,chattogram,3,40,bus,bus hit another stationary bus,Bangladesh,event,road accident