id,title,date,article_url,place_of_accident,district,number_of_deaths,number_of_injured,vehicle_type,cause_of_accident,country,report_type,type_of_accident
3634,Road crashes kill 4,2019-02-10 00:06:50,https://en.prothomalo.com/bangladesh/Road-crashes-kill-3,"dhamrai, savar, kalia upazila, munshiganj","dhamrai, savar, narail, munshiganj",4,0,,,Bangladesh,event,road accident
3636,2 brothers among 3 killed in road crash,2018-12-13 19:23:26,https://en.prothomalo.com/bangladesh/2-brothers-among-3-killed-in-road-crash,chuadanga-meherpur road at kulpala village,chuadanga,3,2,"truck, human hauler",stone-laden truck hit a human hauler,Bangladesh,event,road accident
3637,‘Waiting for your turn!’,2019-03-20 12:15:55,,jamuna future park,dhaka,1,0,,,Bangladesh,event,road accident
3639,Manikganj road crash leaves motorcyclist dead,2018-09-22 15:38:38,https://en.prothomalo.com/bangladesh/Manikganj-road-crash-leaves-motorcyclist-dead,dhaka-aricha highway at bhatbar,mankikganj,1,38,motorcycle,road crash,Bangladesh,event,road accident
3640,University staff killed in road crash,2018-09-03 10:31:57,https://en.prothomalo.com/bangladesh/University-staff-killed-in-road-crash,shamimabad,sylhet,1,0,private vehicle,,Bangladesh,event,road accident
3641,"Everything changes in Dhaka, except buses",2021-02-14 19:25:02,https://en.prothomalo.com/bangladesh/everything-changes-in-dhaka-except-buses,dhaka,dhaka,0,0,buses and minibuses,"dilapidated condition of vehicles, overcrowding, lack of maintenance, fare irregularities",Bangladesh,event,road accident
3643,Students of road safety movement must be acquitted,2019-12-05 14:18:35,https://en.prothomalo.com/opinion/Students-of-road-safety-movement-must-be-acquitted,dhaka roads,dhaka,2,0,,road safety demands following student deaths,Bangladesh,event,road accident
3646,Road crash kills schoolgirl,2018-12-09 10:42:27,https://en.prothomalo.com/bangladesh/Road-crash-kills-schoolgirl,bashtala area,gulshan,1,2,bus,speeding bus ran over them,Bangladesh,event,road accident
3648,"Road crash kills father, son among 3",2018-10-22 11:13:51,,chandpur-cumilla road near bakila bazar,hajiganj,3,0,"covered van, auto-rickshaw",covered van hit an auto-rickshaw,Bangladesh,event,road accident
3649,3 madrasa students killed after motorcycle crash,2018-11-26 10:34:29,https://en.prothomalo.com/bangladesh/3-madrasa-students-killed-after-motorcycle-crash,chattogram-khagrachhari highway,fatikchhari,3,0,"motorcycle, oil-laden truck",head-on collision,Bangladesh,event,road accident
3651,Road crash kills elderly man,2018-09-15 10:26:27,https://en.prothomalo.com/bangladesh/Road-crash-kills-elderly-man-2,shyampur area of kazipur upazila,sirajganj,1,8,,,Bangladesh,event,road accident
3652,Bangladeshi teen in wheelchair hired as eSports parathlete,2019-12-24 16:48:24,,bangladesh,,0,1,car,,Bangladesh,event,road accident
3654,Road crash kills one,2018-10-04 11:31:29,https://en.prothomalo.com/bangladesh/Road-crash-kills-one-5,"dakpara, keraniganj",dhaka,1,1,"pick-up van, rickshaw",hit,Bangladesh,event,road accident
3655,Road crash kills one,2018-10-04 11:31:29,https://en.prothomalo.com/bangladesh/Road-crash-kills-one-4,dakpara,keraniganj,1,1,"pick-up van, rickshaw",hit,Bangladesh,event,road accident
3656,Road crash kills one,2018-10-04 11:31:29,https://en.prothomalo.com/bangladesh/Road-crash-kills-one-3,"dakpara, keraniganj",dhaka,1,1,"pick-up van, rickshaw",hit,Bangladesh,event,road accident
3657,Road crash kills one,2018-10-04 11:31:29,https://en.prothomalo.com/bangladesh/Road-crash-kills-one-2,"dakpara, keraniganj",dhaka,1,1,"pick-up van, rickshaw",hit,Bangladesh,event,road accident
3658,Road crash kills one,2018-10-04 11:31:29,https://en.prothomalo.com/bangladesh/Road-crash-kills-one,"dakpara, keraniganj",dhaka,1,1,"pick-up van, rickshaw",hit,Bangladesh,event,road accident
3661,Shajahan Khan leads committee formed to curb road crashes,2019-02-17 17:56:19,https://en.prothomalo.com/bangladesh/Shajahan-Khan-leads-committee-formed-to-curb-road,,,0,0,,,Bangladesh,event,road accident
3662,Falling branch leaves youth dead,2018-10-02 09:54:46,https://en.prothomalo.com/bangladesh/Falling-branch-leaves-youth-dead,navaran bazar area on benapole-jashore road,jashore,1,1,,fallen branch,Bangladesh,event,road accident
3663,Buriganga boat capsize toll rises to 5,2019-03-09 16:05:54,https://en.prothomalo.com/bangladesh/Buriganga-boat-capsize-toll-rises-to-5,buriganga river,dhaka,5,0,,boat capsize,Bangladesh,event,road accident
3664,Bus driver killed in Natore road crash,2018-08-16 15:00:24,https://en.prothomalo.com/bangladesh/Bus-driver-killed-in-Natore-road-crash,bonpara- hatikumrul road in hansmara area,natore,1,16,"bus, covered van",head-on collision,Bangladesh,event,road accident
3667,"Couple killed, sons injured as lorry hits auto-rickshaw",2018-11-06 09:31:55,https://en.prothomalo.com/bangladesh/Couple-killed-sons-injured-as-lorry-hits,bimanbandar road at lakkatora tea gardens area,sylhet,2,2,lorry and auto-rickshaw,speeding lorry hit the auto-rickshaw from behind,Bangladesh,event,road accident
3668,'Road transport bill to be placed before cabinet Monday',2018-08-01 16:37:43,https://en.prothomalo.com/bangladesh/Road-transport-bill-to-be-placed-before-cabinet,secretariat,,0,0,,,Bangladesh,event,road accident
3669,Driver sued over 2 RMG workers’ death,2019-01-02 17:52:30,https://en.prothomalo.com/bangladesh/Driver-sued-over-2-RMG-workers’-death,malibagh chowdhurypara,dhaka,2,0,,,Bangladesh,event,road accident
3671,Faridpur road crash kills 2,2018-12-10 19:59:31,https://en.prothomalo.com/bangladesh/Faridpur-road-crash-kills-2-3,gazaria in nagarkanda upazila,faridpur,2,7,"bus, pickup",collision between two buses,Bangladesh,event,road accident
3673,Faridpur road crash kills 2,2018-12-10 19:59:31,https://en.prothomalo.com/bangladesh/Faridpur-road-crash-kills-2,gazaria in nagarkanda upazila of faridpur,faridpur,2,7,"bus, pickup",collision between two buses,Bangladesh,event,road accident
3674,Road crash kills US expat in Munshiganj,2018-12-10 18:33:23,https://en.prothomalo.com/bangladesh/Road-crash-kills-US-expat-in-Munshiganj,dhaka-mawa-shimulia highway at kumarbhog,munshiganj,1,4,"truck, private car",truck collided with a private car,Bangladesh,event,road accident
3675,Barishal road crash kills 3,2018-10-11 18:32:16,https://en.prothomalo.com/bangladesh/Barishal-road-crash-kills-3,dhaka-barishal highway at baichkhola in barishal’s gouronadi upazila,barishal,3,10,bus,driver lost control over the steering and hit a tree,Bangladesh,event,road accident
3678,Road crashes kill 9 in 4 dists,2019-04-28 20:03:53,https://en.prothomalo.com/bangladesh/Road-crashes-kill-8-in-4-districts,"chandpur, feni, chuadanga and lakshmipur","chandpur, feni, chuadanga and lakshmipur",9,0,,,Bangladesh,event,road accident
3679,"Titumir College student, 3 others killed in road crashes",2019-03-02 18:23:46,https://en.prothomalo.com/bangladesh/Titumir-College-student-3-others-killed-in-road,jatrabari,dhaka,1,0,truck,fell from a running truck,Bangladesh,event,road accident
3682,Road crashes claim 11 lives in Faridpur,2019-08-25 10:50:41,https://en.prothomalo.com/bangladesh/Road-crashes-claim-11-lives-in-Faridpur,sadar and nagarkanda upazilas,faridpur,11,20,,,Bangladesh,event,road accident
3685,Gas cylinder blast burns 5,2018-11-10 10:43:49,,bahaddarhat,port city,0,5,auto-rickshaw,gas cylinder explosion,Bangladesh,event,road accident
3686,Gazipur road crash kills 5,2018-12-03 15:19:00,https://en.prothomalo.com/bangladesh/Gazipur-road-crash-kills-5,haldoba area of sadar upazila,gazipur,5,6,bus and human hauler,collision,Bangladesh,event,road accident
3687,3 killed in Chakaria road accident,2015-01-16 13:02:45,https://en.prothomalo.com/bangladesh/3-killed-in-Chakaria-road-accident,chittagong - cox's bazar highway,cox's bazar,3,0,,,Bangladesh,event,road accident
3688,3 killed in Chakaria road accident,2015-01-16 12:51:25,https://en.prothomalo.com/bangladesh/3-killed-in-Chakaria-road-accident,chittagong - cox's bazar highway at chakaria,cox's bazar,3,0,,,Bangladesh,event,road accident
3690,Cox’s Bazar road crash kills 3,2018-09-12 16:07:06,,chittagong-cox's bazar highway near inani resort,"chakaria, cox’s bazar",3,4,"covered van, human hauler",collision between vehicles,Bangladesh,event,road accident
3693,Road crash claims 3 more lives,2018-11-09 13:01:11,https://en.prothomalo.com/bangladesh/Road-crash-claims-3-more-lives,bangabandhu bridge (east) link road,tangail,3,0,"auto-rickshaw, unknown vehicle",unknown vehicle hit an auto-rickshaw,Bangladesh,event,road accident
3694,"20,000 families living in Cox’s Bazar hills amid growing landslide risk",2019-07-13 15:30:17,https://en.prothomalo.com/bangladesh/20-000-families-living-in-Cox’s-Bazar-hills-amid,cox's bazar district town,cox's bazar,0,0,,landslide,Bangladesh,event,road accident
3695,"Road crashes kill 4 including woman, daughter",2019-05-07 10:00:00,,mawa-kabutorkhola road in jalasdia of louhajang upazila,munshiganj,2,0,car,speeding car hit them,Bangladesh,event,road accident
3696,"One killed, 20 CU students injured in road crash",2018-08-10 20:21:58,,alutila area of khagrachhari sadar upazila,khagrachhari,1,20,bus,,Bangladesh,event,road accident
3698,Cancel BRTA project to procure 700 vehicles,2019-06-14 22:01:00,https://en.prothomalo.com/opinion/Cancel-BRTA-project-to-procure-700-vehicles,country,,0,0,,poor driving standards,Bangladesh,event,road accident
3699,2 killed in Gaibandha road crash,2018-09-05 11:09:47,,chithulia,gaibandha,2,0,"motorcycle, tractor",tractor rammed a motorbike,Bangladesh,event,road accident
3700,"2 killed, 30 injured in Rangpur road crash",2018-10-24 10:44:16,https://en.prothomalo.com/bangladesh/2-killed-30-injured-in-Rangpur-road-crash,rangpur-bogura highway at khetmadpur in pirganj upazila,pirganj,2,30,bus,overtaking,Bangladesh,event,road accident
3701,Road crash kills motorcyclist,2018-09-17 11:19:38,,dhopabhita area,gopalganj,1,20,"bus, motorcycle",bus hit a motorcycle,Bangladesh,event,road accident
3702,Green Line continues disobeying High Court order,2019-07-16 23:52:52,https://en.prothomalo.com/bangladesh/Green-Line-continues-disobeying-High-Court-order,capital,dhaka,0,1,bus,"not specified, implied negligence",Bangladesh,event,road accident
3704,"Biker killed, pillion rider injured in Hatirjheel",2018-10-23 12:51:54,,mahanagar bridge of hatirjheel,hatirjheel,1,1,motorcycle,skidded off the road,Bangladesh,event,road accident
3705,3 killed as pick-up van hits truck,2018-09-03 10:28:29,,dhaka-aricha highway in savar's boliarpur,savar,3,5,"pick-up van, truck",hit,Bangladesh,event,road accident
3706,4 killed in Netrakona road crash,2018-09-01 19:23:50,https://en.prothomalo.com/bangladesh/4-killed-in-Netrakona-road-crash,maska bazar area,kendua,4,3,"bus, auto-rickshaw",collision,Bangladesh,event,road accident
3708,2 cattle traders killed in road crash,2018-08-19 09:55:31,https://en.prothomalo.com/bangladesh/2-cattle-traders-dead-in-road-crash,nilphamari-syedpur road at kazirhat area,nilphamari,2,0,vehicle carrying cows and pickup van,head on collision,Bangladesh,event,road accident
3709,Elderly woman among 2 found dead,2018-11-24 13:07:23,https://en.prothomalo.com/bangladesh/Elderly-woman-among-2-found-dead,rajbari and sylhet districts,"rajbari, sylhet",2,0,,,Bangladesh,event,road accident
3710,2 killed in Chattogram road crash,2018-09-12 16:08:42,https://en.prothomalo.com/bangladesh/accident/2-killed-in-chattogram-road-crash-4,dhaka-chittagong highway,"mirsarai, chattogram",2,1,covered vans,head-on collision,Bangladesh,event,road accident
3711,2 killed in Chattogram road crash,2018-09-12 16:08:42,https://en.prothomalo.com/bangladesh/accident/2-killed-in-chattogram-road-crash-2,dhaka-chittagong highway,"mirsarai, chattogram",2,1,covered vans,head-on collision,Bangladesh,event,road accident
3712,2 killed in Chattogram road crash,2018-09-12 16:08:42,https://en.prothomalo.com/bangladesh/2-killed-in-Chattogram-road-crash-2,dhaka-chittagong highway,chattogram,2,1,covered vans,head-on collision,Bangladesh,event,road accident
3713,Road crashes kill 5,2019-02-16 23:55:27,https://en.prothomalo.com/bangladesh/Road-crashes-kill-4,maona in sripur upazila,gazipur,1,0,covered van,hit by a covered van,Bangladesh,event,road accident
3714,Road crashes kill 5,2019-02-16 23:55:27,https://en.prothomalo.com/bangladesh/Road-crashes-kill-5,dhaka-mymensingh highway at maona in sripur upazila,gazipur,1,0,covered van,hit by covered van,Bangladesh,event,road accident
3716,2 killed in Chattogram road crash,2018-08-30 19:44:00,https://en.prothomalo.com/bangladesh/accident/2-killed-in-chattogram-road-crash-4,bakolia area,chittagong,2,4,"bus, cng-run auto-rickshaw",bus rammed a cng-run auto-rickshaw,Bangladesh,event,road accident
3717,2 killed in Chattogram road crash,2018-08-30 19:44:00,https://en.prothomalo.com/bangladesh/accident/2-killed-in-chattogram-road-crash-2,bakolia area,chittagong,2,4,"bus, cng-run auto-rickshaw",bus rammed a cng-run auto-rickshaw,Bangladesh,event,road accident
3718,2 killed in Chattogram road crash,2018-08-30 19:44:00,https://en.prothomalo.com/bangladesh/2-killed-in-Chattogram-road-crash-2,bakolia area,chittagong,2,4,bus and cng-run auto-rickshaw,bus rammed a cng-run auto-rickshaw,Bangladesh,event,road accident
3719,Chattogram road crash kills policeman,2018-09-24 11:36:06,https://en.prothomalo.com/bangladesh/Chattogram-road-crash-kills-policeman,foy's lake gate,chattogram,1,0,bus,ran over policeman,Bangladesh,event,road accident
3720,6 killed in road accidents,2015-01-09 16:04:39,https://en.prothomalo.com/bangladesh/6-killed-in-road-accidents-2,shahjadpur and dhamrai,dhaka,6,0,"cars, motorcycles, etc.",,Bangladesh,event,road accident
3721,6 killed in road accidents,2015-01-09 16:04:39,https://en.prothomalo.com/bangladesh/6-killed-in-road-accidents,shahjadpur and dhamrai,dhaka,6,0,"cars, motorcycles",,Bangladesh,event,road accident
3722,2 killed in Magura road crash,2018-09-24 09:56:37,https://en.prothomalo.com/bangladesh/2-killed-in-Magura-road-crash-2,magura-kamarkhali road,magura,2,0,"bus, motorcycle",bus hit a motorcycle,Bangladesh,event,road accident
3724,"13 workers killed as truck overturns, crashes into dorm",2019-01-25 13:34:34,,chauddagram upazila,cumilla,13,2,truck,truck overturned and crashed into a dormitory,Bangladesh,event,road accident
3730,"Rundown road to Shalban Bihar, Mainamati drives away tourists",2019-06-29 16:25:12,,cumilla kotbari to cumilla university,cumilla,0,0,,poor road condition,Bangladesh,event,road accident
3733,PM Hasina says road safety not govt's responsibility alone,2019-10-22 15:09:22,https://en.prothomalo.com/bangladesh/PM-Hasina-says-road-safety-not-govt-s-drivers,"krishibid institution, bangladesh (kib)",dhaka,0,0,,,Bangladesh,event,road accident
3739,13 killed in Natore road crash,2018-08-25 17:40:58,https://en.prothomalo.com/bangladesh/13-killed-in-Natore-road-crash,natore-pabna highway at kadamchilan,natore,13,15,road crash,,Bangladesh,event,road accident
3740,Cumilla road crash kills 2 women,2018-08-25 13:20:54,https://en.prothomalo.com/bangladesh/Cumilla-road-crash-kills-2-women,"nazirabazar, dhaka-chattogram highway",cumilla,2,0,,,Bangladesh,event,road accident
3741,3 killed in Gaibandha road crash,2018-08-25 12:23:15,https://en.prothomalo.com/bangladesh/accident/3-killed-in-gaibandha-road-crash,chaumatha area on dhaka-rangpur highway,gaibandha,3,0,"bus, auto-rickshaw",bus crushed auto-rickshaw,Bangladesh,event,road accident
3742,3 killed in Gaibandha road crash,2018-08-25 12:23:15,https://en.prothomalo.com/bangladesh/3-killed-in-Gaibandha-road-crash,chaumatha area on dhaka-rangpur highway,gaibandha,3,0,"bus, auto-rickshaw",bus crushed auto-rickshaw,Bangladesh,event,road accident
3745,Natore road crash kills youth,2018-09-16 14:01:20,https://en.prothomalo.com/bangladesh/Natore-road-crash-kills-youth,natore sadar upazila road,natore,1,7,two buses,head-on collision,Bangladesh,event,road accident
3748,"Mother, son among 3 killed in road crash",2018-09-03 16:24:14,,noakhali-feni highway in senbagh upazila,noakhali,3,0,cng-run auto-rickshaw and a pick-van,head-on collision,Bangladesh,event,road accident
3751,Bagerhat road crash death toll climbs to 4,2018-11-09 18:34:01,,mollahat upazila,bagerhat,4,0,,,Bangladesh,event,road accident
3752,Road crashes kill 2 minor girls,2018-10-06 23:58:55,,kurigram and sylhet districts,"kurigram, sylhet",2,0,,,Bangladesh,event,road accident
3753,Road crash kills 3,2018-12-20 11:18:21,https://en.prothomalo.com/bangladesh/Road-crash-kills-3,khulna-mongla highway at sonatunia,bagerhat,3,15,bus,overturned after hitting a roadside tree,Bangladesh,event,road accident
3754,UP member dies as saree entangles with motorbike wheel,2018-10-16 11:39:55,https://en.prothomalo.com/bangladesh/UP-member-dies-as-saree-entangles-with-motorbike,tajpur-balaganj road in mollapara,sylhet,1,0,motorcycle,saree got tangled with the wheel of a motorcycle,Bangladesh,event,road accident
3755,2 killed in road crash,2018-09-23 10:09:56,https://en.prothomalo.com/bangladesh/2-killed-in-road-crash-11,champachali,nilphamari,2,0,"bus, auto-rickshaw",bus hit an auto-rickshaw,Bangladesh,event,road accident
3756,2 killed in road crash,2018-09-23 10:09:56,https://en.prothomalo.com/bangladesh/2-killed-in-road-crash-13,champachali,nilphamari,2,0,bus and auto-rickshaw,bus hit an auto-rickshaw,Bangladesh,event,road accident
3757,2 killed in road crash,2018-09-23 10:09:56,https://en.prothomalo.com/bangladesh/2-killed-in-road-crash-10,champachali,nilphamari,2,0,bus and auto-rickshaw,bus hit an auto-rickshaw,Bangladesh,event,road accident
3758,2 killed in road crash,2018-09-23 10:09:56,https://en.prothomalo.com/bangladesh/2-killed-in-road-crash-7,champachali,nilphamari,2,0,bus and auto-rickshaw,bus hit an auto-rickshaw,Bangladesh,event,road accident
3759,2 killed in road crash,2018-09-23 10:09:56,https://en.prothomalo.com/bangladesh/2-killed-in-road-crash-4,champachali,nilphamari,2,0,bus and auto-rickshaw,bus hit auto-rickshaw,Bangladesh,event,road accident
3760,2 killed in road crash,2018-09-23 10:09:56,https://en.prothomalo.com/bangladesh/2-killed-in-road-crash-2,champachali,nilphamari,2,0,"bus, auto-rickshaw",bus hit an auto-rickshaw,Bangladesh,event,road accident
3761,2 killed in road crash,2018-09-23 10:09:56,https://en.prothomalo.com/bangladesh/2-killed-in-road-crash,champachali,nilphamari,2,0,bus and auto-rickshaw,bus hit an auto-rickshaw,Bangladesh,event,road accident
3762,SAU students block roads protesting at fellow’s death,2019-03-24 20:30:59,https://en.prothomalo.com/bangladesh/SAU-students-block-roads-protesting-at-fellow’s,sylhet,sylhet,1,0,,road accident,Bangladesh,event,road accident
3765,2 killed in Sylhet road crash,2018-09-22 20:48:23,https://en.prothomalo.com/bangladesh/2-killed-in-Sylhet-road-crash-4,gazia in osmaninagar upazila,sylhet,2,3,bus and van,bus hit a van defying a red flag signal,Bangladesh,event,road accident
3766,2 killed in Sylhet road crash,2018-09-22 20:48:23,https://en.prothomalo.com/bangladesh/2-killed-in-Sylhet-road-crash-2,gazia in osmaninagar upazila,sylhet,2,3,bus and van,bus hit a van defying a red flag signal,Bangladesh,event,road accident
3767,2 killed in Sylhet road crash,2018-09-22 20:48:23,https://en.prothomalo.com/bangladesh/2-killed-in-Sylhet-road-crash,gazia,sylhet,2,3,bus and van,bus hit a van defying a red flag signal,Bangladesh,event,road accident
3769,Road crashes in 2 districts kill 3,2019-01-06 13:45:30,https://en.prothomalo.com/bangladesh/Road-crashes-in-2-districts-kill-3,netrakona-madan road in lakshmiganj area in sadar upazila,netrakona,3,0,bus and auto-rickshaw,head-on collision,Bangladesh,event,road accident
3770,Pedestrian killed in road crash,2018-08-16 14:57:28,https://en.prothomalo.com/bangladesh/Pedestrian-killed-in-road-crash,gulistan,dhaka,1,0,passenger bus,bus hit pedestrian,Bangladesh,event,road accident
3776,Carelessly crossing the highways,2018-09-01 15:53:37,https://en.prothomalo.com/bangladesh/Carelessly-crossing-the-highways,dhaka-savar highway,dhaka,0,0,bus,,Bangladesh,event,road accident
3777,6 killed in bus-tractor head-on collision,2018-09-01 10:38:16,https://en.prothomalo.com/bangladesh/6-killed-in-bus-tractor-head-on-collision,gaibandha-palashbari road,gaibandha,6,15,bus and a tractor,head-on collision,Bangladesh,event,road accident
3781,2 killed in road crash,2018-08-10 10:29:15,https://en.prothomalo.com/bangladesh/2-killed-in-road-crash-11,dhaka-rangpur highway in palongpara of sadullapur upazila,gaibandha,2,7,bus,overturned after hitting a roadside tree,Bangladesh,event,road accident
3782,2 killed in road crash,2018-08-10 10:29:15,https://en.prothomalo.com/bangladesh/2-killed-in-road-crash-13,dhaka-rangpur highway in palongpara of sadullapur upazila,gaibandha,2,7,bus,overturned after hitting a roadside tree,Bangladesh,event,road accident
3783,2 killed in road crash,2018-08-10 10:29:15,https://en.prothomalo.com/bangladesh/2-killed-in-road-crash-10,dhaka-rangpur highway in palongpara,gaibandha,2,7,bus,overturned after hitting a roadside tree,Bangladesh,event,road accident
3784,2 killed in road crash,2018-08-10 10:29:15,https://en.prothomalo.com/bangladesh/2-killed-in-road-crash-7,dhaka-rangpur highway in palongpara of sadullapur upazila,gaibandha,2,7,bus,overturned after hitting a roadside tree,Bangladesh,event,road accident
3785,2 killed in road crash,2018-08-10 10:29:15,https://en.prothomalo.com/bangladesh/2-killed-in-road-crash-4,dhaka-rangpur highway in palongpara of sadullapur upazila,gaibandha,2,7,bus,overturned after hitting a roadside tree,Bangladesh,event,road accident
3786,2 killed in road crash,2018-08-10 10:29:15,https://en.prothomalo.com/bangladesh/2-killed-in-road-crash-2,dhaka-rangpur highway in palongpara,gaibandha,2,7,bus,overturned after hitting a roadside tree,Bangladesh,event,road accident
3787,2 killed in road crash,2018-08-10 10:29:15,https://en.prothomalo.com/bangladesh/2-killed-in-road-crash,dhaka-rangpur highway in palongpara of sadullapur upazila,gaibandha,2,7,bus,overturned after hitting a roadside tree,Bangladesh,event,road accident
3788,Panchagarh road crash toll rises to 11,2018-10-28 13:24:12,https://en.prothomalo.com/bangladesh/Panchagarh-road-crash-toll-rises-to-11,dashmile,panchagarh,11,20,bus and truck,head-on collision between bus and truck,Bangladesh,event,road accident
3792,Rajshahi road crash kills one,2018-08-28 11:33:48,https://en.prothomalo.com/bangladesh/Rajshahi-road-crash-kills-one,belpukur,puthia,1,20,bus,overturned,Bangladesh,event,road accident
3794,NSU student killed in road crash,2018-09-08 12:33:32,https://en.prothomalo.com/bangladesh/NSU-student-killed-in-Hatirjheel-road-crash,hatirjheel,dhaka,1,0,bus,run over,Bangladesh,event,road accident
3797,Faridpur road crash kills 2,2018-10-11 15:24:23,https://en.prothomalo.com/bangladesh/Faridpur-road-crash-kills-2-3,dhaka-khulna highway,faridpur,2,9,"truck, human hauler",truck tire burst,Bangladesh,event,road accident
3798,Faridpur road crash kills 2,2018-10-11 15:24:23,https://en.prothomalo.com/bangladesh/Faridpur-road-crash-kills-2-2,dhaka-khulna highway in faridpur,faridpur,2,9,truck and human hauler,truck tire burst,Bangladesh,event,road accident
3799,Faridpur road crash kills 2,2018-10-11 15:24:23,https://en.prothomalo.com/bangladesh/Faridpur-road-crash-kills-2,dhaka-khulna highway,faridpur,2,9,"truck, human hauler",truck tire burst,Bangladesh,event,road accident
3800,Jhenaidah road crash kills man,2018-07-18 10:29:18,https://en.prothomalo.com/bangladesh/Jhenaidah-road-crash-kills-man,aruakandi village,jhenaidah,1,0,vehicle,hit by a vehicle,Bangladesh,event,road accident
3803,2 killed in Gopalganj road crash,2018-10-20 22:38:08,https://en.prothomalo.com/bangladesh/accident/2-killed-in-gopalganj-road-crash,"ratil, kashiani upazila",gopalganj,2,5,"microbus, motorcycle, rickshaw van",crash,Bangladesh,event,road accident
3804,2 killed in Gopalganj road crash,2018-10-20 22:38:08,https://en.prothomalo.com/bangladesh/2-killed-in-Gopalganj-road-crash-2,"ratil, kashiani upazila",gopalganj,2,5,"microbus, motorcycle, rickshaw van",crash,Bangladesh,event,road accident
3805,2 killed in Gopalganj road crash,2018-10-20 22:38:08,https://en.prothomalo.com/bangladesh/2-killed-in-Gopalganj-road-crash,"ratil, kashiani upazila",gopalganj,2,5,"microbus, motorcycle, rickshaw van",crash between vehicles,Bangladesh,event,road accident
3808,2 killed in Lalmonirhat road crash,2018-09-03 22:40:25,https://en.prothomalo.com/bangladesh/2-killed-in-Lalmonirhat-road-crash-2,lalmonirhat-burimari highway,aditmari,2,7,"truck, human-hauler",,Bangladesh,event,road accident
3809,2 killed in Lalmonirhat road crash,2018-09-03 22:40:25,https://en.prothomalo.com/bangladesh/2-killed-in-Lalmonirhat-road-crash,lalmonirhat-burimari highway,aditmari,2,7,"truck, human-hauler",truck rammed a human-hauler,Bangladesh,event,road accident
3811,Road crashes claim 7 lives,2019-03-09 19:57:23,https://en.prothomalo.com/bangladesh/Road-crashes-claim-7-lives-4,"barishal, dinajpur, narail and bogura districts","barishal, dinajpur, narail, bogura",7,9,,,Bangladesh,event,road accident
3812,Road crashes claim 7 lives,2019-03-09 19:57:23,https://en.prothomalo.com/bangladesh/Road-crashes-claim-7-lives-2,"barishal, dinajpur, narail and bogura districts","barishal, dinajpur, narail and bogura",7,9,,,Bangladesh,event,road accident
3813,Circular bus service launched in Dhanmondi,2019-03-27 19:03:14,https://en.prothomalo.com/bangladesh/Circular-bus-service-launched-in-Dhanmondi,dhanmondi-new market-azimpur route,dhaka,0,0,bus,traffic discipline issues,Bangladesh,event,road accident
3814,Cop killed as bus hits bike,2018-09-02 22:31:27,https://en.prothomalo.com/bangladesh/Cop-killed-as-bus-hits-his-bike,mirpur zoo road at rainkhula,rupnagar,1,0,"motorcycle, bus",bus hit motorcycle from rear side,Bangladesh,event,road accident
3816,"Train hits bus in Chattogram, 2 killed",2018-09-02 14:07:52,https://en.prothomalo.com/bangladesh/2-killed-as-train-hits-bus-in-Chattogram,bariyarhat rail crossing,mirsharai,2,25,bus and train,train rammed the vehicle,Bangladesh,event,road accident
3818,2 women killed in road crash,2018-10-06 10:35:48,https://en.prothomalo.com/bangladesh/2-women-killed-in-road-crash,mulibari check post,sirajganj,2,0,"truck, auto rickshaw",speeding truck hit auto rickshaw,Bangladesh,event,road accident
3820,3 of a family killed as truck overturns,2018-10-16 10:19:37,https://en.prothomalo.com/bangladesh/3-of-a-family-killed-as-truck-overturns,shuvulla,mirzapur,3,5,truck,overturned,Bangladesh,event,road accident
3822,"Now, university student ‘pushed off’ to death from running bus",2019-03-23 22:35:18,https://en.prothomalo.com/bangladesh/University-student-‘pushed-off’-to-death-from,sylhet-mymenshingh highway,moulvibazar,1,0,bus,pushed off a running bus,Bangladesh,event,road accident
3825,Road crash kills NSU student,2018-09-22 10:48:49,https://en.prothomalo.com/bangladesh/Road-crash-kills-NSU-student,bypass road in jamalpur,jamalpur,1,1,"truck, motorcycle",truck hit motorcycle,Bangladesh,event,road accident
3826,"Provide Tk 100,000 to each family of 5 road crash victims: HC",2019-02-11 23:08:00,https://en.prothomalo.com/bangladesh/Provide-Tk-100-000-to-each-family-of-5-road-crash,"uttara, gazipur, barishal, sylhet, and chattogram","uttara, gazipur, barishal, sylhet, and chattogram",5,0,,road crashes,Bangladesh,event,road accident
3830,2 students killed in road crashes,2018-11-05 12:28:52,https://en.prothomalo.com/bangladesh/2-students-killed-in-road-crashes,shiromoni badamtola and katakhali area,khulna and magura,2,0,"bus, bicycle, truck","bus hit bicycle, truck crushed schoolgirl",Bangladesh,event,road accident
3835,Case filed over Meghna trawler capsize,2019-01-20 17:18:02,https://en.prothomalo.com/bangladesh/Case-filed-over-Meghna-trawler-capsize,meghna river,,0,0,trawler,capsize,Bangladesh,event,road accident
3838,RAB detains actress Nawshaba,2018-08-05 00:27:57,https://en.prothomalo.com/bangladesh/RAB-detains-actress-Nawshaba,dhaka,dhaka,0,0,,spreading rumors about student protests,Bangladesh,event,road accident
3839,Road crash kills 2,2018-10-11 12:04:59,https://en.prothomalo.com/bangladesh/Road-crash-kills-2-7,shyamsundar,rajbari,2,0,private car,driver lost control over the steering,Bangladesh,event,road accident
3840,Road crash kills 2,2018-10-11 12:04:59,https://en.prothomalo.com/bangladesh/Road-crash-kills-2-6,shyamsundar,rajbari,2,0,private car,driver lost control over the steering,Bangladesh,event,road accident
3841,Road crash kills 2,2018-10-11 12:04:59,https://en.prothomalo.com/bangladesh/Road-crash-kills-2-5,shyamsundar,rajbari,2,0,private car,driver lost control over the steering,Bangladesh,event,road accident
3842,Road crash kills 2,2018-10-11 12:04:59,https://en.prothomalo.com/bangladesh/Road-crash-kills-2-4,shyamsundar,rajbari,2,0,private car,driver lost control over the steering,Bangladesh,event,road accident