id,title,date,article_url,place_of_accident,district,number_of_deaths,number_of_injured,vehicle_type,cause_of_accident,country,report_type,type_of_accident
3843,Road crash kills 2,2018-10-11 12:04:59,https://en.prothomalo.com/bangladesh/Road-crash-kills-2-3,shyamsundar,rajbari,2,0,private car,driver lost control over the steering,Bangladesh,event,road accident
3844,Road crash kills 2,2018-10-11 12:04:59,https://en.prothomalo.com/bangladesh/Road-crash-kills-2-2,shyamsundar,rajbari,2,0,private car,driver lost control over the steering,Bangladesh,event,road accident
3845,Road crash kills 2,2018-10-11 12:04:59,https://en.prothomalo.com/bangladesh/Road-crash-kills-2,shyamsundar,rajbari,2,0,private car,driver lost control over the steering,Bangladesh,event,road accident
3846,"3 killed, 5 critically injured in road crash",2018-08-04 13:53:17,https://en.prothomalo.com/bangladesh/3-killed-5-critically-injured-in-Dhamrai-road,dhamrai upazila,dhaka,3,30,two buses,head-on collision,Bangladesh,event,road accident
3848,HC asks Green Line Paribahan to pay Russel Tk 5m,2019-03-12 19:13:58,,dholaipar,dhaka,0,1,bus,,Bangladesh,event,road accident
3851,3 killed as truck hits 3-wheeler,2018-08-25 12:45:48,,kushtia-jhenaidah highway in bottala,kushtia,3,0,truck and three-wheeler,head-on collision,Bangladesh,event,road accident
3852,Man crushed between 2 launches,2018-08-25 12:29:58,,sadarghat launch terminal,dhaka,1,0,,collision between two launches,Bangladesh,event,road accident
3853,6 killed in truck-microbus collision,2018-08-25 09:47:46,,sultana patrol pump in muhuriganj,feni,6,7,truck and microbus,collision due to u-turn,Bangladesh,event,road accident
3855,40-45 Bangladeshis missing in Mediterranean boat capsize: Official,2019-05-14 23:41:29,,mediterranean sea,,0,0,,attempting to reach europe from libya,Bangladesh,event,road accident
3857,Road crash leaves schoolgirl dead in Cumilla,2018-08-01 09:40:23,,"gomta, chandina upazila, cumilla",cumilla,1,1,bus,speeding bus knocked her down,Bangladesh,event,road accident
3858,Road crash kills freedom fighter,2018-09-13 16:00:55,https://en.prothomalo.com/bangladesh/Road-crash-kills-freedom-fighter,boda bypass,panchagarh,1,4,"truck, microbus",truck rammed microbus,Bangladesh,event,road accident
3861,Cox’s Bazar road crash kills 4,2018-09-11 13:51:47,https://en.prothomalo.com/bangladesh/accident/coxs-bazar-road-crash-kills-4,baratoli rastarmatha area,cox's bazar,4,8,bus and human hauler (leguna),head-on collision,Bangladesh,event,road accident
3862,3 college girls die in Rajshahi road accident,2014-12-07 20:44:30,https://en.prothomalo.com/bangladesh/3-college-girls-die-in-Rajshahi-road-accident,rajshahi jute mill at katakhali,poba,3,9,bus,collision between two buses,Bangladesh,event,road accident
3863,Bus-microbus collision kills 4,2018-08-16 13:34:35,https://en.prothomalo.com/bangladesh/Bus-microbus-collision-kills-3,sonamurir tek,shibpur,4,0,"microbus, bus",head-on collision,Bangladesh,event,road accident
3865,2 killed in Jatrabari road crash,2018-10-22 21:43:28,https://en.prothomalo.com/bangladesh/2-killed-in-Jatrabari-road-crash,jatrabari intersection,madaripur district,2,0,"bus, auto-rickshaw",bus hit another stationary bus from behind,Bangladesh,event,road accident
3866,Road crash claims 3 lives,2018-07-22 11:39:01,https://en.prothomalo.com/bangladesh/Road-crash-claims-3-lives-3,"rangpur-dinajpur highway in hajirhat, rangpur",rangpur,3,0,bus and auto-rickshaw,bus rammed an auto-rickshaw,Bangladesh,event,road accident
3867,Road crash claims 3 lives,2018-07-22 11:39:01,https://en.prothomalo.com/bangladesh/Road-crash-claims-3-lives-2,"rangpur-dinajpur highway in hajirhat, rangpur",rangpur,3,0,"bus, auto-rickshaw",bus rammed an auto-rickshaw,Bangladesh,event,road accident
3868,Road crash claims 3 lives,2018-07-22 11:39:01,https://en.prothomalo.com/bangladesh/Road-crash-claims-3-lives,rangpur-dinajpur highway in hajirhat,rangpur,3,0,"bus, auto-rickshaw",bus rammed auto-rickshaw,Bangladesh,event,road accident
3871,11 killed in Narsingdi road crash,2018-08-25 12:20:38,https://en.prothomalo.com/bangladesh/8-killed-in-Narsingdi-road-crash,narsingdi,narsingdi,11,5,bus and human hauler,head-on collision,Bangladesh,event,road accident
3872,8 killed in road crashes,2019-02-28 10:06:18,https://en.prothomalo.com/bangladesh/8-killed-in-road-crashes-2,cumilla-sylhet highway in suhilpur area of sadar upazila,brahmanbaria,1,0,bus,speeding bus hit him,Bangladesh,event,road accident
3876,Two killed in Cumilla road crash,2018-08-25 10:18:18,https://en.prothomalo.com/bangladesh/Two-killed-in-Cumilla-road-crash,jimaltola,cumilla,2,25,,,Bangladesh,event,road accident
3878,Bank official killed in road crash,2018-10-17 22:24:01,https://en.prothomalo.com/bangladesh/Bank-official-killed-in-road-crash,dewanhat,chattogram,1,2,"bus, auto-rickshaw",speeding bus hit auto-rickshaw,Bangladesh,event,road accident
3879,Lalmonirhat road crash kills 3,2018-08-09 23:09:11,,shimanta canteen area,lalmanirhat,3,0,truck and rickshaw,speeding truck hit a rickshaw,Bangladesh,event,road accident
3880,HC asks Green Line Paribahan to pay Tk 5m to Russel,2019-04-04 17:10:43,,,,0,1,bus,,Bangladesh,event,road accident
3882,Mymensingh road crash leaves 3 dead,2018-06-20 12:07:01,https://en.prothomalo.com/bangladesh/Mymensingh-road-crash-leaves-3-dead,satrashia,"muktagachha, mymensingh",3,3,"microbus, auto-rickshaw",microbus rammed a cng-run auto-rickshaw,Bangladesh,event,road accident
3884,Chattogram road crash kills 2,2018-09-23 13:49:27,https://en.prothomalo.com/bangladesh/accident/chattogram-road-crash-kills-2,panchlaish,chattogram,2,0,"car, microbus, auto-rickshaw",collision,Bangladesh,event,road accident
3886,4 killed as motorcycle hits roadside tree,2018-07-26 10:40:56,,bholaria village,kishoreganj district,4,0,motorcycle,hit a roadside tree,Bangladesh,event,road accident
3890,"3 killed, 20 injured in road crash",2018-09-21 10:40:30,https://en.prothomalo.com/bangladesh/3-killed-20-injured-in-road-crash,dhaka-rajshahi highway,rajshahi district,3,20,bus and truck,bus hit a stationary truck,Bangladesh,event,road accident
3892,Keep budget allocation for road crash compensation,2019-06-24 12:23:07,https://en.prothomalo.com/opinion/Keep-budget-allocation-for-road-crash-compensation,,,1,0,,,Bangladesh,event,road accident
3893,DMP chief admits failure to restore order on roads,2019-03-21 21:06:38,https://en.prothomalo.com/bangladesh/DMP-chief-admits-failure-to-restore-order-on-roads,dhaka,dhaka,0,0,,lack of discipline on roads,Bangladesh,event,road accident
3894,Owners suspend Dhaka- Mymensingh bus services,2018-08-02 15:55:18,https://en.prothomalo.com/bangladesh/Owners-suspend-Dhaka-Mymensingh-bus-service,dhaka,mymensingh,2,0,bus,ongoing demonstration of students,Bangladesh,event,road accident
3896,5 killed in Tangail road crash,2018-06-28 11:07:10,https://en.prothomalo.com/bangladesh/5-killed-in-Tangail-road-crash,kalihati upazila headquarters,tangail,5,29,truck,overturned,Bangladesh,event,road accident
3897,5 killed in Tangail road crash,2018-06-28 11:07:10,https://en.prothomalo.com/bangladesh/2-killed-in-Tangail-road-crash-3,kalihati upazila headquarters,kalihati,5,29,truck,truck overturned,Bangladesh,event,road accident
3898,"Policeman, lawyer among 4 killed road crashes",2018-10-26 11:38:19,https://en.prothomalo.com/bangladesh/Policeman-lawyer-among-4-killed-road-crashes,rajshahi and cumilla districts,rajshahi and cumilla,4,0,,separate road crashes,Bangladesh,event,road accident
3900,2 motorcycle riders killed in Chapainawabganj,2018-07-21 18:54:06,https://en.prothomalo.com/bangladesh/2-motorcycle-riders-killed-in-Chapainawabganj,shibganj upazila,chapainawabganj,2,0,"motorcycle, truck",attempting to avoid a head-on collision,Bangladesh,event,road accident
3902,City road crash kills 2,2018-07-18 09:40:28,https://en.prothomalo.com/bangladesh/City-road-crash-kills-2,"beribadh, rupnagar",rupnagar,2,8,"bus, human hauler",head-on collision,Bangladesh,event,road accident
3903,Chattogram road crash leaves 2 dead,2018-06-09 16:24:47,https://en.prothomalo.com/bangladesh/Chattogram-road-crash-leaves-2-dead,keranihat area,satkania,2,7,"bus, microbus",head-on collision,Bangladesh,event,road accident
3904,Biker killed in Jhenaidah road crash,2018-06-21 09:44:18,https://en.prothomalo.com/bangladesh/Biker-killed-in-Jhenaidah-road-crash,arappur,jhenaidah,1,0,"motorcycle, microbus",microbus hit motorcycle,Bangladesh,event,road accident
3905,Magura road crash kills 2 of a family,2018-06-21 09:39:00,https://en.prothomalo.com/bangladesh/Magura-road-crash-kills-2-of-a-family,kestopur area,magura's sadar upazila,2,5,"bus, three-wheeler",bus hitting a three-wheeler,Bangladesh,event,road accident
3906,Woman killed in road crash,2018-05-13 16:04:05,https://en.prothomalo.com/bangladesh/Woman-killed-in-road-crash-2,rajshahi-chapainawabganj highway at godagari municipal area,godagari,1,0,bus,bus ran over her,Bangladesh,event,road accident
3907,Woman killed in road crash,2018-05-13 16:04:05,https://en.prothomalo.com/bangladesh/Woman-killed-in-road-crash,rajshahi-chapainawabganj highway at godagari municipal area,godagari,1,0,bus,bus ran over her,Bangladesh,event,road accident
3908,B'baria road accident kills 4,2014-11-23 20:26:01,https://en.prothomalo.com/bangladesh/B-baria-road-accident-kills-4,dhaka-sylhet highway,brahmanbaria,4,3,car,head-on collision,Bangladesh,event,road accident
3912,Road crashes claim 7 lives,2019-02-12 09:43:25,https://en.prothomalo.com/bangladesh/Road-crashes-claim-7-lives-2,bhaberchar bus terminal in gazaria upazila,munshiganj,3,1,car,,Bangladesh,event,road accident
3914,2 killed Mymensingh road crash,2018-06-29 21:26:44,,dhaka-mymensingh highway at signboard in trishal,trishal,2,15,bus,overturned,Bangladesh,event,road accident
3916,2 killed in Dhaka traffic accident,2014-11-21 12:29:11,,paltan and mirpur areas,dhaka,2,0,,,Bangladesh,event,road accident
3917,Ex-UP member killed in road crash,2018-06-29 17:18:47,,sonahat land port area,kurigram,1,0,pick-up,hit by vehicle,Bangladesh,event,road accident
3919,3 killed in Gazipur road crash,2018-06-28 12:21:59,https://en.prothomalo.com/bangladesh/3-killed-in-Gazipur-road-crash-5,mirerbazar vogra bypass road at pubail,gazipur,3,2,"auto-rickshaw, truck",collision,Bangladesh,event,road accident
3920,3 killed in Gazipur road crash,2018-06-28 12:21:59,https://en.prothomalo.com/bangladesh/3-killed-in-Gazipur-road-crash-3,mirerbazar vogra bypass road,gazipur,3,2,"auto-rickshaw, truck",collision,Bangladesh,event,road accident
3921,3 killed in Gazipur road crash,2018-06-28 12:21:59,https://en.prothomalo.com/bangladesh/3-killed-in-Gazipur-road-crash,mirerbazar vogra bypass road at pubail,gazipur,3,2,cng-run auto-rickshaw and truck,collision between auto-rickshaw and truck,Bangladesh,event,road accident
3924,"Now workers siege highway, attack students",2018-08-01 14:17:34,https://en.prothomalo.com/bangladesh/Now-workers-siege-highway-attack-students,dhaka-chattogram highway,dhaka,0,0,,demonstration affecting traffic movement,Bangladesh,event,road accident
3925,Cumilla road crashes kill 8,2019-01-20 17:39:57,https://en.prothomalo.com/bangladesh/Cumilla-road-crashes-kill-8,dhaka-chattogram highway in cumilla,cumilla,8,0,"bus, covered-van",collision from behind,Bangladesh,event,road accident
3929,50 injured as Bus plunges into ditch,2018-08-11 12:12:40,https://en.prothomalo.com/bangladesh/50-injured-as-Bus-plunges-into-ditch,ramrail bazar area,brahmanbaria,0,50,bus,plunged into a ditch,Bangladesh,event,road accident
3933,‘Coordinated efforts needed to build safe and sustainable cities’,2019-06-29 21:56:18,https://en.prothomalo.com/bangladesh/‘Coordinated-efforts-needed-to-build-safe-and,dhaka city,dhaka,0,0,"public transport, pedestrians","pedestrians at higher risk of road accidents, shrunk footpaths",Bangladesh,event,road accident
3936,"Dashed off moving bus, youth dies",2018-08-28 11:31:08,https://en.prothomalo.com/bangladesh/Dashed-off-moving-bus-youth-dies,chittagong city,chittagong,1,0,bus,pushed out from a moving bus,Bangladesh,event,road accident
3937,"Truck owners, workers withdraw strike",2018-10-09 22:45:13,,dhaka division,dhaka,0,0,truck,strike related to road transport bill-2018,Bangladesh,event,road accident
3939,Another school student killed in Dohar road crash,2018-08-04 13:26:19,,dohar,nawabganj,1,0,school student (pedestrian),road accident,Bangladesh,event,road accident
3940,Joypurhat road crash leaves female teacher dead,2018-06-30 10:15:25,,khanjanpur pdb area,joypurhat,1,0,"auto-rickshaw, bus",collision with a speeding bus,Bangladesh,event,road accident
3944,Families of road crash victims get financial assistance from PM,2018-08-02 16:53:01,,capital,dhaka,2,0,,,Bangladesh,event,road accident
3946,"6 indicted over death of Rajib, Diya in road crash",2018-10-25 15:09:59,https://en.prothomalo.com/bangladesh/6-indicted-over-death-of-Rajib-Diya-in-road-crash,airport road,dhaka,2,0,,,Bangladesh,event,road accident
3949,2 teenagers killed amid AL infighting,2018-11-10 15:28:35,https://en.prothomalo.com/bangladesh/2-teenagers-killed-in-road-crash-amid-AL,mohammadpur,dhaka,2,0,pick-up van,clash between two factions of ruling bangladesh awami league,Bangladesh,event,road accident
3953,2 killed as vans collide head-on,2018-07-27 10:27:28,https://en.prothomalo.com/bangladesh/2-killed-as-2-vans-collide-head-on,dhaka-sylhet highway,brahmanbaria,2,4,covered van and pick-up van,head-on collision,Bangladesh,event,road accident
3957,2 killed in road crash,2018-06-08 12:55:36,https://en.prothomalo.com/bangladesh/2-killed-in-road-crash-11,dhaka-aricha highway in annaypur,manikganj,2,12,"bus, pick-up van",bus rammed a pick-up van,Bangladesh,event,road accident
3958,2 killed in road crash,2018-06-08 12:55:36,https://en.prothomalo.com/bangladesh/2-killed-in-road-crash-13,dhaka-aricha highway,manikganj,2,12,"bus, pick-up van",bus rammed a pick-up van,Bangladesh,event,road accident
3959,2 killed in road crash,2018-06-08 12:55:36,https://en.prothomalo.com/bangladesh/2-killed-in-road-crash-10,dhaka-aricha highway in annaypur,manikganj,2,12,"bus, pick-up van",bus rammed a pick-up van,Bangladesh,event,road accident
3960,2 killed in road crash,2018-06-08 12:55:36,https://en.prothomalo.com/bangladesh/2-killed-in-road-crash-7,dhaka-aricha highway in annaypur,manikganj,2,12,bus and pick-up van,bus rammed a pick-up van,Bangladesh,event,road accident
3961,2 killed in road crash,2018-06-08 12:55:36,https://en.prothomalo.com/bangladesh/2-killed-in-road-crash-4,dhaka-aricha highway,manikganj,2,12,"bus, pick-up van",bus rammed a pick-up van,Bangladesh,event,road accident
3962,2 killed in road crash,2018-06-08 12:55:36,https://en.prothomalo.com/bangladesh/2-killed-in-road-crash-2,dhaka-aricha highway,manikganj,2,12,"bus, pick-up van",bus rammed a pick-up van,Bangladesh,event,road accident
3963,2 killed in road crash,2018-06-08 12:55:36,https://en.prothomalo.com/bangladesh/2-killed-in-road-crash,dhaka-aricha highway in annaypur,manikganj,2,12,bus and pick-up van,bus rammed a pick-up van,Bangladesh,event,road accident
3964,2 killed in Sylhet road crash,2018-08-16 10:36:12,https://en.prothomalo.com/bangladesh/2-killed-in-Sylhet-road-crash-4,dhaka-sylhet road in lalbar area of south surma upazila,sylhet district,2,0,pickup van,vehicle turned turtle after crossing a motorcycle coming from the opposite direction,Bangladesh,event,road accident
3965,2 killed in Sylhet road crash,2018-08-16 10:36:12,https://en.prothomalo.com/bangladesh/2-killed-in-Sylhet-road-crash-2,dhaka-sylhet road in lalbar area of south surma upazila,sylhet district,2,0,"pickup van, motorcycle",vehicle turned turtle after crossing a motorcycle coming from the opposite direction,Bangladesh,event,road accident
3966,2 killed in Sylhet road crash,2018-08-16 10:36:12,https://en.prothomalo.com/bangladesh/2-killed-in-Sylhet-road-crash,dhaka-sylhet road in lalbar area,"south surma upazila, sylhet district",2,0,"pickup van, motorcycle",pickup van turned turtle after avoiding a motorcycle coming from the opposite direction,Bangladesh,event,road accident
3967,2 killed in road cash,2018-06-07 09:51:40,https://en.prothomalo.com/bangladesh/2-killed-in-road-cash,"bathuli bus stand, dhamrai upazila",dhaka,2,2,private car,plunged into a ditch,Bangladesh,event,road accident
3971,Road crashes claim 6 lives in 3 districts,2018-11-23 14:21:53,https://en.prothomalo.com/bangladesh/Road-crashes-claim-6-lives-in-3-districts,"feni, khulna and lalmonirhat districts","feni, khulna, lalmonirhat",6,3,,separate road accidents,Bangladesh,event,road accident
3975,Charges against 6 over Rajib-Mim’s death this week,2018-09-04 11:55:31,https://en.prothomalo.com/bangladesh/Charges-against-6-over-Rajib-Mim’s-death-this-week,airport road,dhaka,2,0,,,Bangladesh,event,road accident
3979,Road crash claims life of pry school teacher,2018-06-16 18:13:10,https://en.prothomalo.com/bangladesh/Road-crash-claims-life-of-pry-school-teacher,uttarbazar,habiganj,1,0,bus,bus ran over him,Bangladesh,event,road accident
3980,2 killed in Sylhet road crash,2018-06-04 17:43:57,https://en.prothomalo.com/bangladesh/2-killed-in-Sylhet-road-crash-4,goala bazar,osmaninagar,2,0,"truck, motorcycle",truck hit motorcycle,Bangladesh,event,road accident
3981,2 killed in Sylhet road crash,2018-06-04 17:43:57,https://en.prothomalo.com/bangladesh/2-killed-in-Sylhet-road-crash-2,goala bazar,osmaninagar,2,0,"truck, motorcycle",truck hit motorcycle,Bangladesh,event,road accident
3982,2 killed in Sylhet road crash,2018-06-04 17:43:57,https://en.prothomalo.com/bangladesh/2-killed-in-Sylhet-road-crash,goala bazar,osmaninagar,2,0,"truck, motorcycle",truck hit motorcycle,Bangladesh,event,road accident
3983,Narsingdi road crash kills 5,2018-07-21 09:27:30,https://en.prothomalo.com/bangladesh/Narasindi-road-crash-kills-5,dhaka-sylhet highway in narsingdi's ghasiadia area of shibpur upazila,narsingdi,5,9,bus and human hauler,head-on collision,Bangladesh,event,road accident
3985,PM lays foundation stone of Ramiz Uddin College underpass,2018-08-12 11:05:35,https://en.prothomalo.com/bangladesh/PM-lays-foundation-stone-of-Ramiz-Uddin-College,shaheed ramiz uddin cantonment school and college,dhaka,2,0,,,Bangladesh,event,road accident
3986,Students vow to occupy streets until demands fulfilled,2019-03-20 15:18:14,https://en.prothomalo.com/bangladesh/Students-vow-to-occupy-streets-until-demands,street,dhaka,1,0,,,Bangladesh,event,road accident
3989,"1 dead, 4 missing in Chalan Beel boat capsize",2018-09-01 12:42:36,https://en.prothomalo.com/bangladesh/1-dead-4-missing-in-Chalan-Beel-boat-capsize,chalan beel,pabna,1,0,,boat sinking,Bangladesh,event,road accident
3991,"Driver, owner sued over Kushtia baby girl’s death",2018-08-31 15:15:42,https://en.prothomalo.com/bangladesh/Driver-owner-sued-over-Kushtia-baby-girl’s-death,kushtia district town,kushtia,1,1,bus,fell from mother's lap when bus hit mother,Bangladesh,event,road accident
3992,3 killed in Jamalpur road crash,2018-07-20 12:37:50,https://en.prothomalo.com/bangladesh/3-killed-in-Jamalpur-road-crash,bhuapur-sarishabari road,jamalpur,3,3,truck,plunged into a ditch,Bangladesh,event,road accident
3994,‘BRTA must be cleaned up before the roads’,2019-11-25 12:38:24,https://en.prothomalo.com/opinion/‘BRTA-must-be-cleaned-up-before-the-roads’,"various locations within bangladesh, specifically mentioning dhaka",dhaka,0,0,"covered vans, buses, trucks, cars, 'laguna' vehicles","implementation challenges of the new road transport act due to illegal vehicles, drivers, lack of terminals, illegal modifications, insufficient qualified drivers, and systemic flaws in brta.",Bangladesh,event,road accident
3995,Sylhet road crash leaves 3 dead,2018-07-18 10:05:58,https://en.prothomalo.com/bangladesh/Sylhet-road-crash-leaves-3-dead,lalabazar area,sylhet's dakkhin surma upazila,3,30,four vehicles,,Bangladesh,event,road accident
3999,Traffic accident kills one in Ctg,2014-11-01 17:25:33,,arabghat,chittagong,1,0,truck,hit by truck,Bangladesh,event,road accident
4000,6 of a family killed in road crash,2018-07-27 11:38:18,https://en.prothomalo.com/bangladesh/6-of-a-family-killed-in-road-crash,osmaninagar,sylhet,6,3,truck and microbus,head-on collision,Bangladesh,event,road accident
4001,"Cumilla road crash kills father, son",2018-08-28 11:10:52,https://en.prothomalo.com/bangladesh/Cumilla-road-crash-kills-father-son,palpara area,sadar upazila,2,2,cng-run auto-rickshaw,hit a roadside tree,Bangladesh,event,road accident
4002,Barguna road crash leaves 7 dead,2018-07-26 14:03:35,https://en.prothomalo.com/bangladesh/Barguna-road-crash-leaves-7-dead,manikjhuri in amtali upazila,barguna,7,3,"bus, human hauler",bus rammed a human hauler,Bangladesh,event,road accident
4006,Manikganj road crash kills 3,2018-05-15 18:12:00,https://en.prothomalo.com/bangladesh/accident/manikganj-road-crash-kills-3,cross-bridge area,manikganj,3,20,,,Bangladesh,event,road accident
4008,"Habignaj road crash kills 3, injures 4",2018-05-15 10:27:41,,dhaka-sylhet highway in haritola area,habiganj,3,4,"bus, truck",head on collision,Bangladesh,event,road accident
4009,Head-on collision kills truck driver,2018-05-02 14:46:21,,agran area of baraigram upazila,natore district,1,1,truck,head-on collision,Bangladesh,event,road accident
4011,Schoolboy killed in Jashore road crash,2018-04-19 13:11:53,,keshabpur-boga road,jashore,1,0,"truck, bicycle",speedy truck dashed his bicycle,Bangladesh,event,road accident
4013,Driver killed as bus overturns in Madaripur,2018-06-19 11:39:34,https://en.prothomalo.com/bangladesh/Driver-killed-as-bus-overturns-in-Madaripur,pantapara,madaripur,1,10,bus,hitting a tree and overturning,Bangladesh,event,road accident
4015,3 killed in road crash,2018-06-06 09:59:50,https://en.prothomalo.com/bangladesh/3-killed-in-road-crash-5,saratoil,tangail,3,1,truck,head-on collision,Bangladesh,event,road accident
4016,3 killed in road crash,2018-06-06 09:59:50,https://en.prothomalo.com/bangladesh/3-killed-in-road-crash-4,bangabandhu bridge link road at saratoil,tangail,3,1,truck,head-on collision,Bangladesh,event,road accident
4017,3 killed in road crash,2018-06-06 09:59:50,https://en.prothomalo.com/bangladesh/3-killed-in-road-crash-2,saratoil,tangail,3,1,truck,head-on collision,Bangladesh,event,road accident
4018,Case filed over 2 students’ death in city road crash,2018-07-30 18:14:13,https://en.prothomalo.com/bangladesh/Case-filed-over-2-students’-death-in-city-road,airport road in front of kurmitola general hospital,cantonment,2,0,bus,bus ploughed through students,Bangladesh,event,road accident
4020,Bus kills easy bike driver,2018-08-18 21:39:21,https://en.prothomalo.com/bangladesh/Bus-kills-easy-bike-driver,rajoir bus stop,bagerhat,1,0,bus and bike,speeding bus rammed into vehicle,Bangladesh,event,road accident
4022,3 more killed in road crash,2018-06-04 17:46:05,https://en.prothomalo.com/bangladesh/3-killed-in-road-crash-3,dhaka-bogra highway at sonka bazar,sherpur,3,0,covered van,hit them,Bangladesh,event,road accident
4023,City road crash kills 3,2018-07-18 09:50:36,https://en.prothomalo.com/bangladesh/City-road-crash-kills-3,"beribadh, rupnagar",dhaka,3,7,"bus, humanhauler",head-on collision,Bangladesh,event,road accident
4024,Probe body formed over Gaibandha road crash,2018-06-25 10:06:16,https://en.prothomalo.com/bangladesh/Probe-body-formed-over-Gaibandha-road-crash,palash upazila,gaibandha,18,0,,investigated,Bangladesh,event,road accident
4026,3 killed as bus ploughs thru bookshop,2018-08-15 16:03:57,https://en.prothomalo.com/bangladesh/3-killed-as-bus-ploughs-thru-bookshop,naudapara,rajshahi,3,4,"bus, motorbike",driver lost control over the steering after hitting a motorbike,Bangladesh,event,road accident
4029,6 killed as buses collide head-on,2018-09-02 18:45:10,https://en.prothomalo.com/bangladesh/4-killed-as-buses-collide-head-on,seo bazar,rangpur,6,50,two buses,head-on collision,Bangladesh,event,road accident
4035,City road crash kills woman,2018-06-09 13:11:46,https://en.prothomalo.com/bangladesh/City-road-crash-kills-woman,in front of the national press club,capital,1,0,bus,knocked her down,Bangladesh,event,road accident
4036,Drivers not roads to be blamed for Natore accident: minister,2014-10-21 18:48:27,https://en.prothomalo.com/bangladesh/Drivers-not-roads-to-be-blamed-for-Natore,natore,natore,33,0,bus,drivers' haughty attitude,Bangladesh,event,road accident
4038,12 Natore bus accident victims buried,2014-10-21 13:32:58,https://en.prothomalo.com/bangladesh/12-Natore-accident-victims-of-a-village-buried,baraigram upazila,gurudaspur upazila,12,21,road crash,,Bangladesh,event,road accident
4039,Bus accident kills 32,2014-10-21 12:24:42,https://en.prothomalo.com/bangladesh/Bus-accident-kills-32,banpara-hatikumrul road,natore,32,0,passenger buses,collision between two passenger buses,Bangladesh,event,road accident
4040,3 traders killed in road crash,2018-06-28 10:41:33,https://en.prothomalo.com/bangladesh/3-traders-killed-in-road-crash,jhenaidah-chuadanga highway,jhenaidah,3,9,"bus, human hauler",bus hit a human hauler,Bangladesh,event,road accident
4041,Ambulance-truck collision kills 2,2018-04-30 12:18:05,https://en.prothomalo.com/bangladesh/Ambulance-truck-collision-kills-two,dhaka-bogura highway in sherpur upazila,bogra,2,3,"ambulance, truck",head-on collision,Bangladesh,event,road accident
4042,Sylhet road crash kills man,2018-04-30 11:44:16,https://en.prothomalo.com/bangladesh/Sylhet-road-crash-kills-man,sylhet-jakiganj road at fulbari union,gopalganj,1,3,bus and auto-rickshaw,head-on collision,Bangladesh,event,road accident
4043,‘No more contractual bus service in capital’,2018-08-08 22:59:57,https://en.prothomalo.com/bangladesh/‘No-more-contractual-basis-bus-service-in-capital’,dhaka,dhaka,0,0,bus,"contractual basis, rash driving",Bangladesh,event,road accident
4045,4 killed in road accidents in several districts,2014-10-18 23:56:46,https://en.prothomalo.com/bangladesh/4-killed-in-road-accidents-in-4-dists,"chittagong, pabna, laxmipur and panchagarh districts","chittagong, pabna, laxmipur, panchagarh",4,11,,,Bangladesh,event,road accident
4047,Satkhira road crash kills 6,2018-03-21 13:21:19,https://en.prothomalo.com/bangladesh/Satkhira-road-crash-kills-6,tala upazila of satkhira,satkhira,6,0,bus and pickup van,collision,Bangladesh,event,road accident
4050,University of Asia Pacific students attacked at Farmgate,2018-08-06 13:59:16,https://en.prothomalo.com/bangladesh/Asia-Pacific-University-students-attacked-at,farmgate intersection,dhaka,0,0,,attack on students,Bangladesh,event,road accident
4052,One killed in Dhaka road accident,2014-10-17 12:39:57,https://en.prothomalo.com/bangladesh/One-killed-in-Dhaka-road-accident,badda,dhaka,1,0,bus,fell from a moving bus,Bangladesh,event,road accident
4056,"Student killed in Gazipur road crash, van torched",2018-08-04 17:29:35,https://en.prothomalo.com/bangladesh/Student-killed-in-Gazipur-road-crash-van-torched,barabari,dhaka,1,0,covered van,hit by a covered van,Bangladesh,event,road accident
4057,"Police, youths attack protesting students",2018-08-04 13:16:57,https://en.prothomalo.com/bangladesh/Police-youths-attack-protesting-students,mirpur-14,dhaka,0,0,,,Bangladesh,event,road accident
4058,Jabal-e-Noor Paribahan owner detained,2018-08-04 13:04:41,https://en.prothomalo.com/bangladesh/Jabal-e-Noor-Paribahan-owner-detained,airport road in front of kurmitola general hospital,dhaka,2,0,bus,ploughed through students,Bangladesh,event,road accident
4060,Road accident kills 4 in Munshiganj,2014-10-22 14:25:50,https://en.prothomalo.com/bangladesh/Road-accident-kills-4-in-Munshiganj,dhaka-chittagong highway,gazaria,4,2,,,Bangladesh,event,road accident
4061,Reckless speeding responsible for 91% road accidents,2014-10-22 11:37:46,https://en.prothomalo.com/bangladesh/Reckless-speeding-responsible-for-91%-road,dhaka city highway,dhaka,0,0,"pedestrians, cars","reckless speeding, head-on collisions, pedestrians being run over",Bangladesh,event,road accident
4062,Road crashes claim 5 lives,2018-06-08 14:59:58,https://en.prothomalo.com/bangladesh/Road-crashes-claim-5-lives,bakolia and ak khan areas,chattogram,5,0,,,Bangladesh,event,road accident
4063,Road crash kills 1,2018-03-24 14:18:52,https://en.prothomalo.com/bangladesh/Road-crash-kills-1,domar-dimla road at tinbat village,nilphamari,1,0,"truck, human hauler",truck hit his vehicle,Bangladesh,event,road accident
4064,Road crash kills 1,2018-03-24 14:18:52,https://en.prothomalo.com/bangladesh/Road-crash-kills-1-2,domar-dimla road at tinbat village,nilphamari,1,0,"truck, human hauler",truck hit his vehicle,Bangladesh,event,road accident
4066,Bridge collapse kills minor among 2,2018-06-06 10:57:57,https://en.prothomalo.com/bangladesh/Bridge-collapse-kills-minor-among-2,paikura village,netrakona,2,0,,under-construction bridge collapsed,Bangladesh,event,road accident