id,title,date,article_url,place_of_accident,district,number_of_deaths,number_of_injured,vehicle_type,cause_of_accident,country,report_type,type_of_accident
4067,Moulvibazar road crash kills six,2018-07-07 22:50:19,https://en.prothomalo.com/bangladesh/Moulvibazar-road-crash-kills-six,moulvibazar-sylhet highway in nadampur,moulvibazar,6,3,car and auto-rickshaw,head-on collision,Bangladesh,event,road accident
4070,Wall collapse kills construction worker,2018-05-03 09:55:01,https://en.prothomalo.com/bangladesh/Wall-collapse-kills-construction-worker,uttar jalirpar,gopalganj,1,0,construction,wall collapse,Bangladesh,event,road accident
4071,DCs remain too much busy giving protocols to VIPs: Quader,2018-07-27 11:31:45,https://en.prothomalo.com/bangladesh/DCs-remain-too-much-busy-giving-protocols-to-VIPs,,,0,0,,,Bangladesh,event,road accident
4072,Road crash kills 1,2018-04-20 14:00:16,https://en.prothomalo.com/bangladesh/Road-crash-kills-1,ranihati,chapainawabganj,1,0,"truck, motorbike",truck hit a motorbike,Bangladesh,event,road accident
4073,Road crash kills 1,2018-04-20 14:00:16,https://en.prothomalo.com/bangladesh/Road-crash-kills-1-2,ranihati,chapainawabganj,1,0,"truck, motorbike",truck hit a motorbike,Bangladesh,event,road accident
4074,"Vehicles torched, vandalised as 2 killed in city road crash",2019-01-01 20:12:50,https://en.prothomalo.com/bangladesh/2-girls-killed-in-city-road-crash,malibagh chowdhurypara area,dhaka,2,0,"bus, around 35-40 vehicles",protest following the death of two female rmg workers,Bangladesh,event,road accident
4076,Cop among 2 killed in road crash,2018-06-13 13:27:47,https://en.prothomalo.com/bangladesh/Cop-among-2-killed-in-road-crash,shikarikanada bypass area on dhaka-mymensingh highway,mymensingh,2,0,truck,truck ran over pedestrians,Bangladesh,event,road accident
4080,College student killed in road crash,2018-05-31 16:56:28,https://en.prothomalo.com/bangladesh/College-student-killed-in-road-crash-5,chattogram-khagrachhari highway in farhadabad of hathazari upazila,chattogram,1,2,"truck, motorcycle",truck rammed a motorcycle,Bangladesh,event,road accident
4081,College student killed in road crash,2018-05-31 16:56:28,https://en.prothomalo.com/bangladesh/College-student-killed-in-road-crash-4,chattogram-khagrachhari highway in farhadabad of hathazari upazila,chattogram,1,2,truck and motorcycle,truck rammed a motorcycle,Bangladesh,event,road accident
4082,College student killed in road crash,2018-05-31 16:56:28,https://en.prothomalo.com/bangladesh/College-student-killed-in-road-crash-3,chattogram-khagrachhari highway in farhadabad of hathazari upazila,chattogram district,1,2,truck and motorcycle,truck rammed a motorcycle,Bangladesh,event,road accident
4083,College student killed in road crash,2018-05-31 16:56:28,https://en.prothomalo.com/bangladesh/College-student-killed-in-road-crash-2,chattogram-khagrachhari highway in farhadabad of hathazari upazila,chattogram district,1,2,"truck, motorcycle",truck rammed a motorcycle,Bangladesh,event,road accident
4084,College student killed in road crash,2018-05-31 16:56:28,https://en.prothomalo.com/bangladesh/College-student-killed-in-road-crash,chattogram-khagrachhari highway in farhadabad of hathazari upazila,chattogram,1,2,"truck, motorcycle",truck rammed a motorcycle,Bangladesh,event,road accident
4086,Someone to shoulder responsibility of Chawkbazar fire: HC,2019-02-25 21:30:55,https://en.prothomalo.com/bangladesh/Someone-to-shoulder-responsibility-of-Chawkbazar,chawkbazar,,67,0,,inferno,Bangladesh,event,road accident
4087,9 killed in Nilphamari road crash,2018-06-21 09:31:49,https://en.prothomalo.com/bangladesh/9-killed-in-Nilphamari-road-crash,syedpur bypass area,nilphamari,9,20,"bus, pick-up van",bus hit a pick-up van,Bangladesh,event,road accident
4088,Schoolboy who lost limb in road crash dies,2018-05-06 15:33:12,,bypass bridge,naogaon,1,0,"motorcycle, human hauler",collision between human hauler and motorcycle,Bangladesh,event,road accident
4093,Man killed in city road crash,2018-05-17 16:39:06,https://en.prothomalo.com/bangladesh/Man-killed-in-city-road-accident,mayor hanif flyover in jatrabari area,jatrabari,1,0,"motorcycle, bus",bus overtaking another bus and hitting the motorcycle,Bangladesh,event,road accident
4094,Man killed in city road crash,2018-05-17 16:39:06,https://en.prothomalo.com/bangladesh/Man-killed-in-city-road-crash-7,mayor hanif flyover in jatrabari area,jatrabari,1,0,"motorcycle, bus",bus overtaking another bus,Bangladesh,event,road accident
4095,Man killed in city road crash,2018-05-17 16:39:06,https://en.prothomalo.com/bangladesh/Man-killed-in-city-road-crash-9,mayor hanif flyover in jatrabari area,dhaka,1,0,"motorcycle, bus",the bus was overtaking another bus and hit the motorcycle,Bangladesh,event,road accident
4097,Man killed in city road crash,2018-05-17 16:39:06,https://en.prothomalo.com/bangladesh/Man-killed-in-city-road-crash-3,mayor hanif flyover in jatrabari area,jatrabari,1,0,bus and motorcycle,bus overtaking another bus,Bangladesh,event,road accident
4098,Man killed in city road crash,2018-05-17 16:39:06,https://en.prothomalo.com/bangladesh/Man-killed-in-city-road-crash,mayor hanif flyover in jatrabari area,dhaka,1,0,"motorcycle, bus","bus overtaking another bus, hitting motorcycle",Bangladesh,event,road accident
4099,2 killed in Mirzapur road accident,2014-10-07 12:17:57,,dhaka-tangail highway at gorai of mirzapur upazila,tangail,2,4,,,Bangladesh,event,road accident
4100,Bus driver dies in city road crash,2018-04-23 13:54:53,https://en.prothomalo.com/bangladesh/Bus-driver-dies-in-city-road-crash-2,paltan intersection,dhaka,1,8,bus,head-on collision,Bangladesh,event,road accident
4101,Rajshahi road crash kills HSC examinee,2018-04-23 13:54:12,https://en.prothomalo.com/bangladesh/Rajshahi-road-crash-kills-HSC-examinee,damkura,paba,1,0,"motorcycle, truck","speeding motorcycle hit pedestrian, then truck ran pedestrian over",Bangladesh,event,road accident
4104,4 students hurt in school wall collapse,2018-04-22 17:57:13,https://en.prothomalo.com/bangladesh/4-students-hurt-in-school-wall-collapse,shibrampur,pabna,0,4,not applicable,under-construction wall collapse,Bangladesh,event,road accident
4106,Bus driver arrested for Natore road crash,2018-08-28 20:55:53,https://en.prothomalo.com/bangladesh/Bus-driver-arrested-for-Natore-road-crash,lalpur upazila,natore,15,0,bus,driver of 'challenger paribahan' bus was responsible,Bangladesh,event,road accident
4107,Road crash claims 3 lives,2018-06-17 13:56:55,https://en.prothomalo.com/bangladesh/Road-crash-claims-3-lives-3,laksam-sonaimuri road in rampur,noakhali district,3,1,bus and a cng-run auto-rickshaw,head-on collision,Bangladesh,event,road accident
4108,Road crash claims 3 lives,2018-06-17 13:56:55,https://en.prothomalo.com/bangladesh/Road-crash-claims-3-lives-2,laksam-sonaimuri road in rampur,noakhali,3,1,bus and auto-rickshaw,head-on collision,Bangladesh,event,road accident
4109,Road crash claims 3 lives,2018-06-17 13:56:55,https://en.prothomalo.com/bangladesh/Road-crash-claims-3-lives,laksam-sonaimuri road in rampur,noakhali,3,1,bus and auto-rickshaw,head-on collision,Bangladesh,event,road accident
4114,SUST indigenous students demonstrate for safe road,2018-08-05 19:46:02,https://en.prothomalo.com/bangladesh/SUST-indigenous-students-demonstrate-for-safe-road,chittagong hill tracts,chittagong hill tracts,0,0,,,Bangladesh,event,road accident
4117,Civil society demands safe road,2018-08-04 13:38:01,https://en.prothomalo.com/bangladesh/Civil-society-demands-safe-road,airport road area,dhaka,2,0,,,Bangladesh,event,road accident
4118,2 killed in Sirajganj traffic accident,2014-10-03 14:40:08,https://en.prothomalo.com/bangladesh/2-killed-in-Sirajganj-traffic-accident-2,mulibari area,sirajganj,2,1,"motorcycle, bus",bus hit them,Bangladesh,event,road accident
4120,Road crash kills 2 on way to attend wedding party,2018-06-01 12:44:35,https://en.prothomalo.com/bangladesh/Road-crash-kills-2-on-way-to-attend-wedding-party,lalmonirhat-burimari highway in kamarer haat,lalmonirhat,2,5,tractor and auto-rickshaw,tractor hit a cng-run auto-rickshaw,Bangladesh,event,road accident
4123,Chattogram road crashes kill 2,2018-04-19 12:56:56,,mirsharai,chattogram,2,0,,,Bangladesh,event,road accident
4124,Khulna traffic accident kills 4,2014-10-10 17:18:04,,khulna-jessore highway,khulna,4,0,brtc bus and battery-run auto-rickshaw,collision,Bangladesh,event,road accident
4125,Foreigner among 3 die in city road accidents,2014-10-09 13:54:58,,"uttara, khilkhet and asad gate",dhaka,3,0,,,Bangladesh,event,road accident
4126,Reckless buses at Mahakhali,2018-06-20 21:28:31,https://en.prothomalo.com/bangladesh/Reckless-buses-at-Mahakhali,dhaka,dhaka,0,0,bus,"reckless driving, violating traffic rules, dangerous overtaking, indiscriminate passenger drop-off, illegal u-turns",Bangladesh,event,road accident
4130,Road crashes kill 4 in Chattogram,2018-05-25 19:50:18,https://en.prothomalo.com/bangladesh/Road-crashes-kill-4-in-Chattogram,dhaka-chattogram highway,sitakunda and mirsarai upazilas,4,0,,,Bangladesh,event,road accident
4133,"Mother, daughter among 3 killed in Mymensingh road crash",2018-04-11 10:14:54,https://en.prothomalo.com/bangladesh/Mother-daughter-among-3-killed-in-Mymensingh-road,madhupur village on mymensingh-haluaghat road,tarakanda,3,10,bus and lorry,head-on collision,Bangladesh,event,road accident
4134,2 labourers die from electrocution,2018-05-03 10:46:34,https://en.prothomalo.com/bangladesh/2-labourers-die-from-electrocution,ahmedpur,habiganj,2,0,,electrocution,Bangladesh,event,road accident
4139,Bus-human hauler collision kills 3,2018-05-13 16:15:25,https://en.prothomalo.com/bangladesh/Bus-human-hauler-collision-kills-3-in-city,golan chatbari area of mirpur embankment,mirpur,3,6,passenger bus and human hauler,collision,Bangladesh,event,road accident
4140,Chittagong road crash kills 3,2018-03-27 10:58:56,https://en.prothomalo.com/bangladesh/Chittagong-road-crash-kills-3,baluchora area,chittagong city,3,2,truck and cng-run auto-rickshaw,head-on collision,Bangladesh,event,road accident
4142,Youth killed in Kalyanpur road crash,2018-02-28 16:20:05,https://en.prothomalo.com/bangladesh/Youth-killed-in-Kalyanpur-road-crash,kalyanpur area,dhaka,1,0,,,Bangladesh,event,road accident
4143,Rangpur road crash kills 2,2018-03-11 14:28:51,https://en.prothomalo.com/bangladesh/Rangpur-road-crash-kills-2-4,damdama area,mithapukur,2,10,bus and truck,collision,Bangladesh,event,road accident
4144,Rangpur road crash kills 2,2018-03-11 14:28:51,https://en.prothomalo.com/bangladesh/Rangpur-road-crash-kills-2-3,damdama area,mithapukur upazila of rangpur,2,10,bus and truck,collision,Bangladesh,event,road accident
4145,Rangpur road crash kills 2,2018-03-11 14:28:51,https://en.prothomalo.com/bangladesh/Rangpur-road-crash-kills-2-2,damdama area of mithapukur upazila,rangpur,2,10,bus and truck,head on collision,Bangladesh,event,road accident
4154,Jabal-e-Noor bus owner on 7-day remand,2018-08-04 13:15:40,,airport road,dhaka,2,0,bus,,Bangladesh,event,road accident
4155,BOU student killed in Dhaka traffic accident,2014-09-20 17:23:33,https://en.prothomalo.com/bangladesh/BOU-student-killed-in-Dhaka-traffic-accident,dhanmondi area,dhaka,1,0,,,Bangladesh,event,road accident
4157,Magura road crash kills school teacher,2018-03-05 14:51:08,https://en.prothomalo.com/bangladesh/Magura-road-crash-kills-school-teacher,ketapur,magura sadar,1,0,,,Bangladesh,event,road accident
4165,Panchagarh road crash toll rises to 10,2018-10-27 11:21:17,,"dashmile, panchagarh sadar upazila",panchagarh,10,25,bus and truck,truck collided head-on with a bus while giving passage to another stationary bus,Bangladesh,event,road accident
4169,On-duty constable killed in road crash,2018-03-06 16:52:12,https://en.prothomalo.com/bangladesh/DMC-Correspondent,technical intersection near gabtali bus terminal,dhaka,1,0,,,Bangladesh,event,road accident
4173,5 killed in separate road crashes,2018-07-28 18:37:01,https://en.prothomalo.com/bangladesh/accident/5-killed-in-separate-road-crashes-3,sylhet and cumilla,sylhet and cumilla,5,0,,,Bangladesh,event,road accident
4175,5 killed in separate road crashes,2018-07-28 18:37:01,https://en.prothomalo.com/bangladesh/5-killed-in-separate-road-crashes-2,sylhet and cumilla,"sylhet, cumilla",5,-1,,,Bangladesh,event,road accident
4177,Jessore road crash kills 3,2018-03-27 11:13:33,https://en.prothomalo.com/bangladesh/Jessore-road-crash-kills-3,harikhali,jessore,3,7,"truck, human hauler",,Bangladesh,event,road accident
4178,Bus driver put on remand over Akifa’s death,2018-09-19 14:55:36,https://en.prothomalo.com/bangladesh/Bus-driver-put-on-remand-over-Akifa’s-death,kushtia district town,kushtia,1,0,bus,,Bangladesh,event,road accident
4179,Bhola road crash kills 2,2018-03-15 11:57:47,https://en.prothomalo.com/bangladesh/Bhola-road-crash-kills-2,bhola,bhola,2,2,"truck, human hauler",truck rammed human hauler,Bangladesh,event,road accident
4180,3 youths killed in Brahmanbaria road crash,2018-05-19 14:03:53,https://en.prothomalo.com/bangladesh/3-youths-killed-in-Brahmanbaria-road-crash,malihata area in sarail upazila,sarail,3,0,bus and auto rickshaw,bus ramming auto rickshaw,Bangladesh,event,road accident
4184,Nilphamari road crash kills 2,2018-04-05 09:37:07,https://en.prothomalo.com/bangladesh/Nilphamari-road-crash-kills-2,syedpur road in fultala area of nilphamari sadar upazila,nilphamari,2,0,two vehicles,head-on collision,Bangladesh,event,road accident
4189,Elephant attack kills teenager,2018-05-05 09:53:30,https://en.prothomalo.com/bangladesh/Elephant-attack-kills-teenager,uttar shilkhali village,cox's bazar,1,2,elephant,elephant attack,Bangladesh,event,road accident
4190,Chandina road crash kills 2 women,2018-06-15 00:12:14,https://en.prothomalo.com/bangladesh/Chandina-road-crash-kills-2-women-2,chandina upazila,dhaka,2,0,"pick-up van, auto-rickshaw",collision between vehicles,Bangladesh,event,road accident
4191,Chandina road crash kills 2 women,2018-06-15 00:12:14,https://en.prothomalo.com/bangladesh/Chandina-road-crash-kills-2-women,chandina upazila,comilla,2,0,"pick-up van, auto-rickshaw",hit,Bangladesh,event,road accident
4193,7 RAB men injured in traffic accident,2014-09-21 15:01:07,https://en.prothomalo.com/bangladesh/7-RAB-men-injured-in-traffic-accident,mohonpur upazila,rajshahi,0,17,,,Bangladesh,event,road accident
4195,3 killed in Sylhet road crashes,2018-08-08 16:25:16,,hetimganj,golapganj,2,2,truck and auto-rickshaw,head-on collision,Bangladesh,event,road accident
4196,3 of a family killed in road crash,2018-05-23 20:30:36,https://en.prothomalo.com/bangladesh/3-of-a-family-killed-in-road-crash-2,dhaka-khulna highway at majhigati in kashiani upazila,gopalganj,3,2,truck and human hauler,collision,Bangladesh,event,road accident
4197,3 of a family killed in road crash,2018-05-23 20:30:36,https://en.prothomalo.com/bangladesh/3-of-a-family-killed-in-road-crash,dhaka-khulna highway at majhigati in kashiani upazila,gopalganj,3,2,truck and human hauler,collision between truck and human hauler,Bangladesh,event,road accident
4200,Road crash claims 5 lives,2018-05-23 13:51:16,,partekur on bogura-natore road,bogura,5,7,"truck, human hauler",truck hit a human hauler,Bangladesh,event,road accident
4201,"Oil tanker overturns spilling 9,000 litres petroleum on road",2018-03-05 17:40:19,,dhaka international airport intersection,dhaka,0,0,oil tanker,overturned,Bangladesh,event,road accident
4206,Prothom Alo journalist harassed,2018-08-07 09:00:29,https://en.prothomalo.com/bangladesh/Prothom-Alo-journalist-harassed,"rampura area, east west university",dhaka,0,0,,violence between law enforcement and students,Bangladesh,event,road accident
4207,30 injured in Tangail bus plunge,2018-01-30 12:10:12,https://en.prothomalo.com/bangladesh/30-injured-in-Tangail-bus-plunge,madhupur upazila,tangail,0,30,bus,plunged into the river,Bangladesh,event,road accident
4208,University students block Shahbagh,2018-08-05 15:14:39,https://en.prothomalo.com/bangladesh/University-students-block-Shahbagh,jhigatola,dhaka,0,0,,road safety protests escalated into attacks,Bangladesh,event,road accident
4210,"4 killed in Sitakunda, Pabna road accidents",2014-09-18 15:31:43,https://en.prothomalo.com/bangladesh/4-killed-in-Sitakunda-Pabna-road-accident,sitakunda and pabna sadar upazila,sitakunda and pabna,4,0,,,Bangladesh,event,road accident
4211,JU students protest against attacks on students,2018-08-05 10:44:21,https://en.prothomalo.com/youth/JU-students-protest-against-attacks-on-students,jahangirnagar university,dhaka,0,0,,protest against attack on students demonstrating for safe roads,Bangladesh,event,road accident
4212,2 women killed in Shahbagh traffic accident,2014-09-18 09:15:44,,shahbagh,dhaka,2,3,"bus, cng-run auto-rickshaw",collision,Bangladesh,event,road accident
4214,BJKS secy gen Mozzamel release demanded,2018-09-08 23:17:45,https://en.prothomalo.com/bangladesh/JKS-secy-gen-Mozzamel-release-demanded,,,0,0,,,Bangladesh,event,road accident
4215,DMP to observe Traffic Week from Sunday,2018-08-04 18:33:17,https://en.prothomalo.com/bangladesh/DMP-to-observe-Traffic-Week-from-Sunday,dhaka,dhaka,0,0,,,Bangladesh,event,road accident
4217,Road crash claims 3 lives,2018-05-06 15:27:39,https://en.prothomalo.com/bangladesh/Road-crash-claims-3-lives-3,shahpur area of kasba upazila,brahmanbaria district,3,0,motorcycle,road accident,Bangladesh,event,road accident
4218,Road crash claims 3 lives,2018-05-06 15:27:39,https://en.prothomalo.com/bangladesh/Road-crash-claims-3-lives-2,shahpur area,brahmanbaria district,3,0,motorcycle,,Bangladesh,event,road accident
4219,Road crash claims 3 lives,2018-05-06 15:27:39,https://en.prothomalo.com/bangladesh/Road-crash-claims-3-lives,shahpur area,brahmanbaria,3,0,motorcycle,,Bangladesh,event,road accident
4221,Students take to the streets for 6th day,2018-08-04 13:38:48,https://en.prothomalo.com/bangladesh/Students-take-to-the-streets-for-6th-day,dhaka,dhaka,2,0,,road accident,Bangladesh,event,road accident
4222,2 hurt in Malibagh traffic accident,2014-09-07 13:01:23,https://en.prothomalo.com/bangladesh/2-hurt-in-Malibagh-traffic-accident,chowdhurypara area of malibagh,dhaka,0,2,,,Bangladesh,event,road accident
4223,Narayanganj road crash kills 8,2018-02-26 17:24:59,https://en.prothomalo.com/bangladesh/Narayanganj-road-crash-kills-nine,tribardi,sonargaon,8,0,bus and covered van,head-on collision,Bangladesh,event,road accident
4226,Habiganj road crash kills 2,2018-03-21 13:03:27,https://en.prothomalo.com/bangladesh/Habiganj-road-crash-kills-2-2,dhaka-sylhet highway at daulatpur,bahubal upazila,2,0,"bus, cng-run auto-rickshaw",bus rammed a cng-run auto-rickshaw,Bangladesh,event,road accident
4227,Home minister asks students to return home to avoid sabotage,2018-08-02 21:35:57,,streets,,0,0,,acts of sabotage,Bangladesh,event,road accident
4229,6 indicted over death of 2 students,2018-09-06 17:55:02,,airport road,dhaka,2,0,,,Bangladesh,event,road accident
4230,Ctg road crash kills 2,2018-02-12 09:47:56,https://en.prothomalo.com/bangladesh/Ctg-road-crash-kills-2-2,chittagong-cox's bazar road of patia,chittagong,2,3,"truck, auto rickshaw",truck hit auto rickshaw from behind,Bangladesh,event,road accident
4231,Ctg road crash kills 2,2018-02-12 09:47:56,https://en.prothomalo.com/bangladesh/Ctg-road-crash-kills-2-3,chittagong-cox's bazar road of patia,chittagong,2,3,"truck, auto rickshaw",truck hit auto rickshaw from behind,Bangladesh,event,road accident
4239,Gopalganj road crash kills 2,2018-04-08 13:21:17,https://en.prothomalo.com/bangladesh/Gopalganj-road-crash-kills-2,sadar upazila,gopalganj,2,20,passenger bus,fell into a roadside ditch,Bangladesh,event,road accident
4242,Road crashes kill 5,2018-06-17 17:58:22,https://en.prothomalo.com/bangladesh/Road-crashes-kill-4,noakhali and thakurgaon districts,"noakhali, thakurgaon",5,0,,,Bangladesh,event,road accident
4244,Youth loses arm in Rajshahi road crash,2018-05-28 17:38:32,https://en.prothomalo.com/bangladesh/Youth-loses-right-arm-in-Rajshahi-road-crash,rajshahi's putia upazila,rajshahi,0,1,"bus, truck","truck rammed into the bus, severing the victim's arm",Bangladesh,event,road accident
4245,Road crashes claim 6 lives,2018-04-16 12:22:06,https://en.prothomalo.com/bangladesh/Road-crashes-claim-6-lives,porsha and potnitala upazilas,naogaon,6,0,,,Bangladesh,event,road accident
4248,5 missing in boat capsize,2018-03-24 11:26:21,,shitalakkhya river,rupganj upazila of narayanganj district,5,0,"boat, cargo vessel",hit by a cargo vessel,Bangladesh,event,road accident
4253,App-based ride sharing services getting popular,2019-05-08 13:56:33,https://en.prothomalo.com/bangladesh/App-based-ride-sharing-services-getting-popular,dhaka,dhaka,0,0,"motorbikes, cars",lack of formal legal recognition and policy implementation,Bangladesh,event,road accident
4259,2 killed in Gaibandha road crash,2018-01-26 12:06:02,,jundoho bazar,gaibandha,2,0,"motorcycle, truck",truck knocked down motorcycle,Bangladesh,event,road accident
4261,Minor girl killed in Jashore road crash,2018-04-22 17:51:48,https://en.prothomalo.com/bangladesh/Minor-girl-killed-in-Jashore-road-crash,hogladanga village on manirampur-noapara road,manirampur,1,0,motorcycle,motorcycle hitting a girl,Bangladesh,event,road accident
4265,SC stays order on compensation to Rajib’s family,2018-05-22 12:03:57,https://en.prothomalo.com/bangladesh/SC-stays-order-on-compensation-to-Rajib’s-family,dhaka,dhaka,1,0,bus,,Bangladesh,event,road accident
4267,Youth loses leg in road crash,2018-04-30 11:59:05,https://en.prothomalo.com/bangladesh/Yet-another-youth-loses-a-leg-in-Dhaka,jatrabari,dhaka,0,1,bus,speeding,Bangladesh,event,road accident
4268,3 killed as 2 motorbikes collide head-on,2018-04-30 11:55:17,https://en.prothomalo.com/bangladesh/3-killed-as-2-motorbikes-collide-head-on,dinajpur-gobindaganj highway at jaliapara in sadar upazila,sadar upazila,3,1,motorcycles,head-on collision,Bangladesh,event,road accident
4269,'Ensure security to children',2018-08-04 13:37:04,https://en.prothomalo.com/bangladesh/Ensure-security-to-children,airport road,dhaka,2,0,,reckless driving and lack of road safety measures,Bangladesh,event,road accident
4271,"Natore road crash kills father, daughter",2017-12-28 21:12:46,,bypass road,natore,2,0,"bus, motorcycle",bus rammed motorcycle,Bangladesh,event,road accident
4273,Ctg minor girl crushed under wardrobe,2018-03-04 16:50:51,,sanoara residential area,chittagong,1,0,falling wardrobe/almirah,crushed under falling wardrobe/almirah,Bangladesh,event,road accident
4275,"Transport act to serve owners, workers: Mozammel",2018-09-23 13:05:26,https://en.prothomalo.com/bangladesh/Transport-act-to-serve-owners-workers-Mozammel,bangladesh,,0,0,,,Bangladesh,event,road accident
4278,Students block Airport Road protesting at 2 fellows’ death,2018-08-01 15:30:56,https://en.prothomalo.com/bangladesh/Students-block-Airport-Road-protesting-at-2,dhaka airport road,dhaka,2,0,,road crash,Bangladesh,event,road accident
4279,"Bus runs over students waiting beside city road, 2 dead",2018-08-01 13:19:37,https://en.prothomalo.com/bangladesh/2-school-students-killed-as-city-bus-hit-a-dozen,"airport road, kurmitola",dhaka,2,13,bus,speedy bus ran over them,Bangladesh,event,road accident
4286,Human hauler ride takes 2 lives,2018-06-22 12:19:10,https://en.prothomalo.com/bangladesh/Human-hauler-ride-takes-2-lives,helipad area of charfassion upazila,bhola,2,6,human hauler and a trolley,collision,Bangladesh,event,road accident
4287,Satkhira road crash kills 2,2018-02-04 11:46:35,https://en.prothomalo.com/bangladesh/Satkhira-road-crash-kills-2-2,satkhira-khulna road at chuknagar,satkhira,2,0,"bus, motorcycle",bus crashed into their bike,Bangladesh,event,road accident
4289,Univ student killed in Dhaka road accident,2014-08-22 22:25:45,https://en.prothomalo.com/bangladesh/Univ-student-killed-in-Dhaka-road-accident,begum rokeya sarani at taltola,dhaka,1,0,,,Bangladesh,event,road accident
4290,3 workers killed in Panchagarh roof collapse,2018-03-10 12:47:52,https://en.prothomalo.com/bangladesh/3-workers-killed-in-Panchagarh-roof-collapse,khanpukur area,panchagarh,3,3,refueling station roof,roof collapse,Bangladesh,event,road accident
4292,2 killed in traffic accidents,2014-08-22 15:32:07,https://en.prothomalo.com/bangladesh/2-killed-in-traffic-accident-in-Kalihati,eastern intersection approaching bangabandhu bridge,tangail,2,3,,separate traffic accidents,Bangladesh,event,road accident
4298,Gopalganj bus owners call off strike,2018-04-11 10:16:46,https://en.prothomalo.com/bangladesh/Gopalganj-bus-owners-call-off-strike,gopalganj,gopalganj,0,0,bus,strike,Bangladesh,event,road accident
4300,Rajib's condition unstable,2018-04-11 10:03:33,https://en.prothomalo.com/bangladesh/Rajib-s-condition-unstable,karwan bazar,dhaka,0,1,bus,collision between two buses,Bangladesh,event,road accident
4305,Road crash claims lives of 2 fish traders,2018-04-08 23:27:52,https://en.prothomalo.com/bangladesh/Road-crash-claims-lives-of-2-fish-traders,natore-bogura road at boiradighi,shahjahanpur,2,2,"cng-run auto-rickshaw, truck",truck hit auto-rickshaw,Bangladesh,event,road accident
4309,2 killed in Panchagarh road crash,2018-02-24 16:33:04,https://en.prothomalo.com/bangladesh/2-killed-in-Panchagarh-road-crash-2,barister bazar area on panchagarh-tetulia highway,panchagarh,2,0,"truck, motorcycle",truck crashed a motorcycle,Bangladesh,event,road accident
4310,2 killed in Panchagarh road crash,2018-02-24 16:33:04,https://en.prothomalo.com/bangladesh/2-killed-in-Panchagarh-road-crash,barister bazar area on panchagarh-tetulia highway,panchagarh,2,0,"truck, motorcycle",truck crashed a motorcycle,Bangladesh,event,road accident
4311,Vessel capsized near Sundarbans yet to be salvaged,2018-04-17 22:32:52,https://en.prothomalo.com/business/Vessel-capsized-near-Sundarbans-yet-to-be-salvaged,pashur river,mongla upazila,0,0,vessel,capsized,Bangladesh,event,road accident
4312,Collision of two trucks kills 1,2018-02-12 18:26:28,https://en.prothomalo.com/bangladesh/Collision-of-two-trucks-kills-1,chandipasha area of mymensingh-kishoreganj road,mymensingh,1,4,truck,road accident,Bangladesh,event,road accident
4315,Woman killed while crossing capital road,2018-01-20 15:35:55,https://en.prothomalo.com/bangladesh/Woman-killed-while-crossing-capital-road,malibagh bazar,dhaka,1,0,,,Bangladesh,event,road accident
4316,Shaheed Ramiz Uddin Cantonment College gets 5 buses,2018-08-04 13:47:11,https://en.prothomalo.com/bangladesh/Shaheed-Ramiz-Uddin-Cantonment-College-gets-5,shaheed ramiz uddin cantonment college,dhaka,0,0,bus,,Bangladesh,event,road accident
4318,Gazipur road crash kills 3,2018-01-31 12:16:44,https://en.prothomalo.com/bangladesh/Gazipur-road-crash-kills-3-2,mc bazar on dhaka-mymensingh highway,gazipur,3,2,pick-up van,driver lost control over the steering,Bangladesh,event,road accident
4319,Gazipur road crash kills 3,2018-01-31 12:16:44,https://en.prothomalo.com/bangladesh/Gazipur-road-crash-kills-3,mc bazar on dhaka-mymensingh highway,gazipur,3,2,pick-up van,driver lost control over the steering,Bangladesh,event,road accident
4322,Cargo vessel sinks near Sundarbans,2018-04-15 17:46:36,https://en.prothomalo.com/bangladesh/Cargo-vessel-sinks-near-Sundarbans,pashur river in mongla upazila near sundarbans,bagerhat,0,0,cargo vessel,capsized in the river after loading coal from mother vessel and stuck in a hidden shoal.,Bangladesh,event,road accident
4325,Pabna road crash kills 2,2018-01-19 16:05:48,https://en.prothomalo.com/bangladesh/Pabna-road-crash-kills-2,pabna-ishwardi highway in tentultola area,ishwardi,2,5,"auto rickshaw, bus",bus hit the auto rickshaw,Bangladesh,event,road accident
4327,Newlywed couple killed in road crash,2018-04-04 15:16:04,https://en.prothomalo.com/bangladesh/Newlywed-couple-killed-in-road-crash,digharkanda bypass intersection on dhaka-mymensingh highway,mymensingh,2,3,"private car, oil tanker",private car crashed into a stationary oil tanker,Bangladesh,event,road accident
4329,Rajshahi road crash kills 2,2018-02-20 13:30:22,https://en.prothomalo.com/bangladesh/Rajshahi-road-crash-kills-2-2,rajshahi-chapainawabganj highway in kamarpara area of godagari upazila,rajshahi,2,20,bus,head-on collision,Bangladesh,event,road accident
4332,Schoolboy killed in Joypurhat brick kiln,2018-02-19 14:11:35,,brick kiln,akkelpur,1,0,,mudslide,Bangladesh,event,road accident
4335,Woman’s leg crushed under city bus,2018-04-12 11:30:18,https://en.prothomalo.com/bangladesh/Woman’s-leg-crushed-under-city-bus,farmgate area,dhaka,0,1,bus,caught between a road divider and a bus,Bangladesh,event,road accident
4337,2 motorcyclists killed in Faridpur road crash,2018-03-12 12:52:18,https://en.prothomalo.com/bangladesh/2-motorcyclists-killed-in-Faridpur-road-crash,lohartek village,charbhadrasan,2,1,motorcycle,hit a roadside tree,Bangladesh,event,road accident