id,title,date,article_url,place_of_accident,district,number_of_deaths,number_of_injured,vehicle_type,cause_of_accident,country,report_type,type_of_accident
4340,Ctg road crash kills 2 motorcyclists,2018-01-27 13:59:32,,"kagojipara, patia upazila, chittagong-cox's bazar highway",chittagong,2,0,"motorcycle, bus",bus knocked down motorcycle,Bangladesh,event,road accident
4344,Comilla road crash kills minor,2018-02-03 11:34:56,https://en.prothomalo.com/bangladesh/Comilla-road-crash-kills-minor,comilla-noakhali road in natherpetua area,comilla,1,0,,crossing road,Bangladesh,event,road accident
4347,College student goes missing in Padma river,2018-03-19 11:52:20,https://en.prothomalo.com/bangladesh/College-student-goes-missing-in-Padma-river,padma river,rajshahi,0,0,,missing while returning,Bangladesh,event,road accident
4350,'66pc buildings in RAJUK areas unplanned',2019-03-30 19:40:47,https://en.prothomalo.com/bangladesh/66pc-buildings-in-RAJUK-areas-unplanned,dhaka,dhaka,0,0,,unplanned construction,Bangladesh,event,road accident
4352,Manikganj road crash injures 30,2017-12-27 16:43:49,https://en.prothomalo.com/bangladesh/Manikganj-road-crash-injures-30,second golra area on the dhaka-aricha highway in saturia upazila,manikganj,0,30,buses,head-on collision,Bangladesh,event,road accident
4353,Transport workers issue 21-day ultimatum,2018-10-29 20:26:26,https://en.prothomalo.com/bangladesh/Transport-workers-issue-21-day-ultimatum,bangladesh,,0,0,,transport strike,Bangladesh,event,road accident
4356,3 killed in Kishoreganj traffic accident,2014-08-21 15:25:16,https://en.prothomalo.com/bangladesh/3-killed-in-Kishoreganj-traffic-accident,pakundia upazila,kishoreganj,3,7,bus and electric auto-rickshaw,head-on collision,Bangladesh,event,road accident
4359,Rajshahi bus collision kills 1,2018-02-11 17:15:34,https://en.prothomalo.com/bangladesh/Rajshahi-bus-collision-kills-1,dhaka-chapainawabganj highway,rajshahi,1,1,bus,,Bangladesh,event,road accident
4360,Bus-bike collision kills 7 in Feni,2018-01-07 10:10:44,https://en.prothomalo.com/bangladesh/Bus-bike-collision-kills-seven-in-Feni,feni daganbhuiyan upazila,feni,7,20,bus and motorbike,head-on collision,Bangladesh,event,road accident
4362,Transformer blast burn 6 students in city,2018-02-10 16:12:50,https://en.prothomalo.com/bangladesh/Transformer-blast-burn-6-students-in-city,bangshal area,old dhaka,0,6,transformer,transformer blasted,Bangladesh,event,road accident
4364,"Pickup van driver, helper killed in Habiganj road crash",2017-12-12 12:39:35,https://en.prothomalo.com/bangladesh/Pickup-van-driver-helper-killed-in-Habiganj-road,ratanpur area,habiganj,2,0,"pickup van, truck",collision,Bangladesh,event,road accident
4365,Feni road crash kills 2,2018-02-24 16:38:38,https://en.prothomalo.com/bangladesh/Feni-road-crash-kills-2,dhaka-chittagong highway in chhnua area of feni sadar upazila,feni,2,1,"pick-up van, covered van",covered van hit a stationary pick-up van,Bangladesh,event,road accident
4366,9 more protesting students walk out of jail,2018-08-25 12:18:59,https://en.prothomalo.com/bangladesh/9-more-protesting-students-walk-out-of-jail,dhaka central jail in keraniganj,dhaka,0,0,,demonstrations in demand of safe roads,Bangladesh,event,road accident
4367,Grameen Bank official killed in Pabna road crash,2018-01-20 13:12:42,https://en.prothomalo.com/bangladesh/Grameen-Bank-official-killed-in-Pabna-road-crash,pabna-dhaka highway in dakkhhin raghabpur area,pabna,1,0,"bus, motorcycle",,Bangladesh,event,road accident
4369,Savar road crashes kill 4,2018-04-04 13:42:47,https://en.prothomalo.com/bangladesh/Savar-road-crashes-kill-4,dhaka-aricha highway in savar,savar,4,1,"motorcycle, truck, fire service vehicle",collision between motorcycle and truck/fire service vehicle,Bangladesh,event,road accident
4370,7-yr-old girl loses arm,2018-04-23 14:45:22,https://en.prothomalo.com/bangladesh/7-yr-old-girl-loses-arm,sherua battala,bogura,0,1,truck,truck hit the girl while she was crossing the road,Bangladesh,event,road accident
4372,"Furniture showroom, car gutted in Ctg fire",2018-02-19 14:13:08,,"ak khan gate area, chittagong city",chittagong,0,0,car,fire,Bangladesh,event,road accident
4374,2 devotees die at Moulvibazar ijtema,2018-01-27 13:36:28,,ijtema ground,moulvibazar,2,0,,,Bangladesh,event,road accident
4378,Sylhet landslide death toll rises to 3,2018-03-01 18:37:06,https://en.prothomalo.com/bangladesh/2-workers-killed-in-Sylhet-stone-quarry,sylhet,sylhet,3,0,,landslide,Bangladesh,event,road accident
4383,4 killed in Sitakunda traffic accident,2014-08-08 12:36:53,https://en.prothomalo.com/bangladesh/3-killed-in-Sitakunda-traffic-accident,hatilota crossing on dhaka-chittagong highway,sitakunda,4,30,"bus, truck",head on collision,Bangladesh,event,road accident
4384,US road crash kills Bangladeshi woman,2018-02-17 13:11:50,https://en.prothomalo.com/bangladesh/US-road-crash-kills-Bangladeshi-woman,chicago,chicago,1,0,car,hit by a car while crossing a street,Bangladesh,event,road accident
4385,BRTC seeks stay on Rajib’s compensation order,2018-05-11 09:46:02,https://en.prothomalo.com/bangladesh/BRTC-seeks-stay-on-Rajib’s-compensation-order,,,1,0,,,Bangladesh,event,road accident
4386,"Bus-covered van collision kills 5, injures 20 in Bogra",2018-01-01 18:08:47,https://en.prothomalo.com/bangladesh/Bus-covered-van-collision-kills-5-injures-20-in,"noymile, bogra-dhaka highway",bogra,5,20,,,Bangladesh,event,road accident
4387,Satkhira road crash kills 1,2017-12-20 10:37:30,https://en.prothomalo.com/bangladesh/Satkhira-road-crash-kills-1-3,bhomra land port,satkhira,1,4,,,Bangladesh,event,road accident
4388,Satkhira road crash kills 1,2017-12-20 10:37:30,https://en.prothomalo.com/bangladesh/Satkhira-road-crash-kills-1-2,bhomra land port,satkhira,1,4,,,Bangladesh,event,road accident
4389,Satkhira road crash kills 1,2017-12-20 10:37:30,https://en.prothomalo.com/bangladesh/Satkhira-road-crash-kills-1,bhomra land port,satkhira,1,4,,,Bangladesh,event,road accident
4390,2 SSC examinees killed in Rajshahi road crash,2018-02-05 13:16:42,https://en.prothomalo.com/bangladesh/2-SSC-examinees-killed-in-Rajshahi-road-crash,tarapur,puthia,3,0,"motorbike, truck",truck hit motorbike,Bangladesh,event,road accident
4391,4 of a family burned in city fire,2018-03-10 12:28:54,https://en.prothomalo.com/bangladesh/4-of-a-family-burned-in-city-fire,dhaka’s kalyanpur area,dhaka,0,4,house,fire originated from the kitchen,Bangladesh,event,road accident
4393,2 killed in Gopalganj road crash,2018-02-16 10:43:50,https://en.prothomalo.com/bangladesh/accident/2-killed-in-gopalganj-road-crash,dhaka-khulna highway near ratoil horticulture centre,gopalganj,2,0,,,Bangladesh,event,road accident
4394,2 killed in Gopalganj road crash,2018-02-16 10:43:50,https://en.prothomalo.com/bangladesh/2-killed-in-Gopalganj-road-crash-2,dhaka-khulna highway near ratoil horticulture centre,gopalganj,2,0,,,Bangladesh,event,road accident
4395,2 killed in Gopalganj road crash,2018-02-16 10:43:50,https://en.prothomalo.com/bangladesh/2-killed-in-Gopalganj-road-crash,dhaka-khulna highway near ratoil horticulture centre,gopalganj,2,0,,,Bangladesh,event,road accident
4399,"Husband, wife killed in C’nawabganj road crash",2018-01-20 15:33:38,https://en.prothomalo.com/bangladesh/Husband-wife-killed-in-C’nawabganj-road-crash,ranihati,chapainawabganj,2,0,car,,Bangladesh,event,road accident
4401,Gopalganj road crash kills 3,2018-02-22 20:31:46,https://en.prothomalo.com/bangladesh/Gopalganj-road-crash-kills-3-2,dhaka-khulna highway,gopalganj,3,0,bus and microbus,head-on collision,Bangladesh,event,road accident
4404,Two killed in city road crash,2018-01-19 15:56:37,https://en.prothomalo.com/bangladesh/accident/two-killed-in-city-road-crash,shamibag area,sutrapur,2,1,motorcycle and covered van,collision between a motorcycle and a covered van,Bangladesh,event,road accident
4406,4 burnt people die in Rangpur hospital,2018-01-19 14:32:54,https://en.prothomalo.com/bangladesh/4-burnt-people-die-in-Rangpur-hospital,rangpur medical college hospital,rangpur,4,0,,burns,Bangladesh,event,road accident
4408,KUET student killed in Mymensingh blast,2018-03-25 15:01:08,https://en.prothomalo.com/bangladesh/KUET-student-killed-in-Mymensingh-blast,masterbari,bhaluka,1,3,,blast,Bangladesh,event,road accident
4409,2 of a family killed in road accident,2014-08-03 11:41:54,,dhaka-mymensingh highway in master bari area,mymensingh,2,0,bus,bus hit pedestrians,Bangladesh,event,road accident
4410,School teacher killed in road crash,2018-01-18 00:04:20,https://en.prothomalo.com/bangladesh/School-teacher-killed-in-road-crash,near bhalaipur-ramnagar bridge,damurhuda,1,0,,,Bangladesh,event,road accident
4413,3 killed in Sirajganj road crash,2015-04-18 12:12:23,https://en.prothomalo.com/bangladesh/3-killed-in-Sirajganj-road-crash-4,"baniagati, western approach road to bangabandhu bridge",sirajganj,3,27,truck and bus,head-on collision,Bangladesh,event,road accident
4414,3 killed in Sirajganj road crash,2015-04-18 12:12:23,https://en.prothomalo.com/bangladesh/3-killed-in-Sirajganj-traffic-accident,baniagati,sirajganj,3,27,truck and bus,head-on collision,Bangladesh,event,road accident
4415,3 killed in Sirajganj road crash,2015-04-18 12:12:23,https://en.prothomalo.com/bangladesh/3-killed-in-Sirajganj-road-crash-2,baniagati,sirajganj,3,27,truck and bus,head-on collision,Bangladesh,event,road accident
4416,3 killed in Sirajganj road crash,2015-04-18 12:12:23,https://en.prothomalo.com/bangladesh/3-killed-in-Sirajganj-road-crash,"baniagati, western approach road to bangabandhu bridge",sirajganj,3,27,truck and bus,head-on collision,Bangladesh,event,road accident
4418,Man killed in Magura road crash,2017-12-24 10:57:31,https://en.prothomalo.com/bangladesh/Man-killed-in-Magura-road-crash,hajamtola area of shalikha upazila on magura-jessore road,magura,1,0,,,Bangladesh,event,road accident
4419,SC order on compensation to Rajib’s family tomorrow,2018-05-21 12:45:22,,titumir college,dhaka,1,0,brtc bus,,Bangladesh,event,road accident
4420,Bus kills easy-bike driver in Magura,2018-01-04 14:41:22,https://en.prothomalo.com/bangladesh/Bus-kills-easy-bike-driver-in-Magura,magura-jessore road,magura,1,0,easy-bike,,Bangladesh,event,road accident
4421,"Mother, son killed in Moulvibazar road crash",2018-01-27 11:31:40,https://en.prothomalo.com/bangladesh/Mother-son-killed-in-Moulvibazar-road-crash,arjuna,moulvibazar,2,0,"tractor, auto-rickshaw",tractor hitting auto-rickshaw,Bangladesh,event,road accident
4423,Covered van takes elderly woman's life,2018-02-17 18:54:33,https://en.prothomalo.com/bangladesh/Woman-killed-by-van-in-Badda,"badda, in front of fuji tower",dhaka,1,0,covered van,hit while crossing the road,Bangladesh,event,road accident
4424,Teen burnt in Lakshimpur fire caused by gas leak,2018-01-03 12:10:32,https://en.prothomalo.com/bangladesh/Teen-burnt-in-Lakshimpur-fire-caused-by-gas-leak,ramganj town,lakshimpur,1,0,tea stall,cooking gas cylinder leak,Bangladesh,event,road accident
4425,7 killed in Barisal road crash,2015-04-16 14:06:23,,dhaka-barisal highway near kashipur,barisal,7,0,"truck, human hauler",truck hit human hauler coming from opposite direction,Bangladesh,event,road accident
4427,"Over 300,000 unfit vehicles in country!",2018-06-06 18:19:41,https://en.prothomalo.com/bangladesh/Over-300-000-unfit-vehicles-in-country,roads and highways,,0,0,unfit vehicles,unfit vehicles,Bangladesh,,road accident
4428,"Policeman, wife, daughter die in accident",2014-07-31 11:54:42,,dhaka-chittagong highway at batisha in chouddagram upazila,comilla,3,0,private car,"tyre burst, crashed into railing",Bangladesh,event,road accident
4430,2 bikers killed in Comilla road crash,2017-12-15 12:30:39,https://en.prothomalo.com/bangladesh/2-bikers-killed-in-Comilla-road-crash,chiora on dhaka-chittagong highway,comilla,2,1,motorcycle,,Bangladesh,event,road accident
4434,Road safety awareness missing despite recent movement: PM Hasina,2018-09-12 21:28:50,https://en.prothomalo.com/bangladesh/Road-safety-awareness-missing-despite-recent,roads,,0,0,speedy vehicles,people crossing roads full of speedy vehicles,Bangladesh,event,road accident
4435,Comilla road crash kills minor boy,2017-12-31 12:59:05,https://en.prothomalo.com/bangladesh/Comilla-road-crash-kills-minor-boy,nurpur,comilla,1,0,,,Bangladesh,event,road accident
4436,Maheshkhali gas cylinder blast kills 2,2018-02-14 17:08:46,https://en.prothomalo.com/bangladesh/Maheshkhali-gas-cylinder-blast-kills-2,adinath temple fair,"maheshkhali, cox’s bazar",2,3,balloon selling cart,gas cylinder explosion,Bangladesh,event,road accident
4437,Jessore road crash kills van driver,2017-12-31 11:31:03,https://en.prothomalo.com/bangladesh/Jessore-road-crash-kills-van-driver,jessore-khulna highway in front of singa adarsha degree college,jessore,1,2,rickshaw van,road accident,Bangladesh,event,road accident
4438,"Bus hits home minister’s car, this time",2018-08-11 13:33:58,https://en.prothomalo.com/bangladesh/Bus-hits-home-minister’s-car-now,sher-e-bangla nagar area,dhaka,0,0,"car, bus",bus hit car,Bangladesh,event,road accident
4439,20 killed in separate traffic accidents,2014-07-29 18:16:55,,"noakhali, narayanganj, bhola, faridpur and chittagong","noakhali, narayanganj, bhola, faridpur and chittagong",20,0,,,Bangladesh,event,road accident
4440,7 photojournalists injured in 'BCL attacks',2018-08-05 19:27:06,https://en.prothomalo.com/bangladesh/6-photojournalists-injured-in-attacks-by-‘BCL’,jhigatala and science laboratory areas,dhaka,0,7,,attacks by unruly youths,Bangladesh,event,road accident
4442,Nawshaba on 4-day remand,2018-08-05 18:20:27,https://en.prothomalo.com/bangladesh/Actress-Nawshaba-on-4-day-remand,dhaka,dhaka,0,0,,,Bangladesh,event,road accident
4447,"Transport workers occupy Dhaka streets, halt bus services",2018-08-04 13:41:23,https://en.prothomalo.com/bangladesh/Transport-workers-occupy-Dhaka-streets-halt-bus,,,0,0,bus,,Bangladesh,event,road accident
4450,Housewife killed in Chapainawabganj road crash,2018-01-10 20:29:36,https://en.prothomalo.com/bangladesh/Housewife-killed-in-Chapainawabganj-road-crash,lalapara area,chapainawabganj sadar upazila,1,0,,,Bangladesh,event,road accident
4451,"‘Sir, please take the right side’, protestors to Tofail",2018-08-01 20:23:45,https://en.prothomalo.com/bangladesh/‘Sir-please-take-the-right-side’-protestors-to,near shahbagh,dhaka,0,0,car,student protests blocking road,Bangladesh,event,road accident
4455,3 killed in Cox’s Bazar road crash,2018-02-19 17:55:50,https://en.prothomalo.com/bangladesh/accident/3-killed-in-coxs-bazar-road-crash,,,0,0,car,hit or crash,Bangladesh,event,road accident
4457,Narayanganj bus plunge kills 2,2018-03-10 12:29:14,https://en.prothomalo.com/bangladesh/Narayanganj-bus-plunge-kills-2,dhaka-chittagong highway,narayanganj,2,20,bus,bus drove into a ditch,Bangladesh,event,road accident
4458,BGB man killed in city road crash,2018-01-06 12:31:05,,near bijoy sarani,tejgaon,1,0,motorcycle and bus,bus knocked down ropon's motorcycle,Bangladesh,event,road accident
4462,3 workers killed in Sylhet stone quarries,2018-03-28 08:34:55,https://en.prothomalo.com/bangladesh/3-workers-killed-in-Sylhet-stone-quarries,lampapani area of jaflong and companiganj upazila,sylhet,3,0,quarry extraction equipment,stone extraction,Bangladesh,event,road accident
4463,"Picnic bus plunge hurts 20 students, teachers",2018-02-26 16:02:51,https://en.prothomalo.com/bangladesh/Picnic-bus-plunge-hurts-20-students-teachers,"masjidpara, akhaura",brahmanbaria,0,20,bus,plunged into a roadside ditch,Bangladesh,event,road accident
4464,4 killed  in Sylhet stone quarry,2018-02-26 13:35:48,https://en.prothomalo.com/bangladesh/4-killed-in-Sylhet-stone-quarry,bholaganj area,sylhet,4,3,quarry extraction equipment,landslide,Bangladesh,event,road accident
4465,2 killed in Bogra road crash,2018-01-04 09:54:51,https://en.prothomalo.com/bangladesh/2-killed-in-Bogra-road-crash,bablatala on bogra-shantahar road,bogra,2,5,truck,road accident,Bangladesh,event,road accident
4468,3 killed in road crash,2018-02-24 16:46:08,https://en.prothomalo.com/bangladesh/3-killed-in-road-crash-5,south keraniganj,south keraniganj,3,1,"auto-rickshaw, truck",truck hit auto-rickshaw,Bangladesh,event,road accident
4469,3 killed in road crash,2018-02-24 16:46:08,https://en.prothomalo.com/bangladesh/3-killed-in-road-crash-4,south keraniganj,dhaka,3,1,"auto-rickshaw, truck",truck hit auto-rickshaw,Bangladesh,event,road accident
4470,3 killed in road crash,2018-02-24 16:46:08,https://en.prothomalo.com/bangladesh/3-killed-in-road-crash-2,"south keraniganj, on the outskirts of the capital",south keraniganj,3,1,"auto-rickshaw, goods-laden truck",goods-laden truck hit the auto-rickshaw,Bangladesh,event,road accident
4472,JCD leader killed as bus hits BNP leader's motorcade,2018-06-21 09:59:40,,amirabad area on the dhaka-chattogram highway,chittagong,1,0,"bus, smaller vehicles",shyamoli paribahan bus hit four smaller vehicles,Bangladesh,event,road accident
4474,4 Ijtema devotees killed in bus-truck collision,2018-01-22 11:09:51,https://en.prothomalo.com/bangladesh/Bus-Truck-collision-kills-4-Ijtema-devotees-in,"lalabazar, dakkhin surma upazila",sylhet,4,10,"bus, truck",head-on collision,Bangladesh,event,road accident
4475,Child among 3 killed in Rangunia landslide,2017-12-30 20:35:20,https://en.prothomalo.com/bangladesh/3-including-child-die-in-Rangunia,rangunia,chittagong,3,0,,landslide during hill cutting,Bangladesh,event,road accident
4476,Dhamrai road accident kills 3,2014-07-21 11:24:50,https://en.prothomalo.com/bangladesh/Dhamrai-road-accident-kills-3,dhaka-aricha highway in srirampur area,dhaka,3,20,bus and a truck,head-on collision,Bangladesh,event,road accident
4477,Rangpur road crash kills 2,2018-01-09 20:32:54,https://en.prothomalo.com/bangladesh/Rangpur-road-crash-kills-2-4,bairagiganj on rangpur-bogra highway,mithapukur upazila in rangpur,2,5,bus,head-on collision,Bangladesh,event,road accident
4479,Rangpur road crash kills 2,2018-01-09 20:32:54,https://en.prothomalo.com/bangladesh/Rangpur-road-crash-kills-2-2,bairagiganj on rangpur-bogra highway,mithapukur upazila in rangpur,2,5,two buses,head-on collision,Bangladesh,event,road accident
4481,One killed in Rajshahi road crash,2017-11-17 12:43:35,https://en.prothomalo.com/bangladesh/One-killed-in-Rajshahi-road-crash,rajshahi-chapainawabganj highway at gopalpur,rajshahi,1,1,,,Bangladesh,event,road accident
4483,Rajshahi bus plunge injures 15 labourers,2017-12-27 16:47:18,https://en.prothomalo.com/bangladesh/Rajshahi-bus-plunge-injures-15-labourers,hargram natunpara,rajshahi,0,15,,,Bangladesh,event,road accident
4485,Couple killed in Faridpur road crash,2018-01-07 22:52:17,https://en.prothomalo.com/bangladesh/Couple-killed-in-Faridpur-road-crash,"parikkhatapur, dhaka-khulna highway",faridpur,2,0,"motorcycle, truck",truck hit motorcycle,Bangladesh,event,road accident
4488,Worker killed in Magura road crash,2017-12-14 13:03:02,https://en.prothomalo.com/bangladesh/Worker-killed-in-Magura-road-crash,belnagar on magura-kamarkhali road,magura,1,2,,,Bangladesh,event,road accident
4489,Bagerhat road crash kills 1,2018-01-28 10:34:14,https://en.prothomalo.com/bangladesh/Bagerhat-road-crash-kills-1-2,dhaka-mawa highway,bagerhat,1,4,,,Bangladesh,event,road accident
4490,Faridpur road crash kills 5,2018-02-07 16:55:02,https://en.prothomalo.com/bangladesh/Faridpur-road-crash-kills-5,near municipality brac office on dhaka-khulna highway,faridpur,5,2,bus and easy-bike,collision between bus and easy-bike,Bangladesh,event,road accident
4492,Gopalganj road crash kills 4,2018-02-27 19:02:00,https://en.prothomalo.com/bangladesh/Gopalganj-road-crash-kills-3,dhaka-khulna highway at pona in kashiani upazila,kashiani,4,20,"bus, truck",head-on collision,Bangladesh,event,road accident
4496,Barisal road crash kills 2,2018-03-18 13:13:37,https://en.prothomalo.com/bangladesh/Barisal-road-crash-kills-2-2,dhaka-barisal highway in front of divisional commissioner's office,barisal,2,1,bus and motorcycle,head-on collision,Bangladesh,event,road accident
4498,3 JCD leaders killed in road accident,2014-07-22 22:28:20,https://en.prothomalo.com/bangladesh/3-JCD-leaders-killed-in-road-accident,dulhapur,rangpur,3,0,,road accident,Bangladesh,event,road accident
4501,Dhaka struggles to restore order on the streets,2019-03-20 10:12:31,,dhaka,dhaka,0,0,,lack of discipline on streets,Bangladesh,event,road accident
4504,Deadly ship graveyards of Bangladesh,2020-01-31 20:20:31,,sitakunda,chattogram,0,0,bus,,Bangladesh,event,road accident
4509,"Road crash kills trucker, helper",2017-12-08 12:51:24,https://en.prothomalo.com/bangladesh/Road-crash-kills-trucker-helper,dhaka-sylhet highway,narsingdi,2,5,truck,,Bangladesh,event,road accident
4513,Bagerhat road crash kills one,2017-11-19 13:30:19,https://en.prothomalo.com/bangladesh/Bagerhat-road-crash-kills-1,bagerhat-khulna road in fulbari area,bagerhat,1,0,bus and human hauler,bus hit a human hauler,Bangladesh,event,road accident
4515,Policeman killed in Ctg road crash,2018-02-06 11:24:10,https://en.prothomalo.com/bangladesh/Policeman-killed-in-Ctg-road-crash,chittagong-cox's bazar road,chittagong,1,2,road vehicle,road accident,Bangladesh,event,road accident
4517,Motorcyclist killed in head on collision with truck,2017-12-01 00:39:42,https://en.prothomalo.com/bangladesh/Motorcyclist-killed-in-head-on-collision-with,uthali bazar area,jibannagar,1,0,motorcycle and truck,head on collision,Bangladesh,event,road accident
4518,Dhaka-Ctg rail link restored after 6 hrs,2018-01-13 16:54:43,,banasua,comilla sadar upazila,0,0,demu train and a truck,collision,Bangladesh,event,road accident
4520,Rozina also dies,2018-04-30 11:52:31,https://en.prothomalo.com/bangladesh/Rozina-also-dies,dhaka medical college hospital,dhaka,1,0,,road crash,Bangladesh,event,road accident
4522,Khaleda criticises govt over road safety,2015-04-09 21:01:32,,faridpur-,faridpur,25,21,bus,crashing into roadside trees,Bangladesh,event,road accident
4525,Students continue protest for fifth day,2018-08-02 17:54:09,,city,dhaka,2,0,,,Bangladesh,event,road accident
4533,Bus-truck collision kills 2 in Gopalganj,2018-01-08 09:39:51,,dhaka-khulna highway,gopalganj's sadar upazila,2,10,bus and a truck,head-on collision,Bangladesh,event,road accident
4536,20 BL college teachers injured in road crash,2017-11-24 14:01:52,,rupsha bridge,khulna,0,20,,road accident,Bangladesh,event,road accident
4538,Man killed in city road crash,2017-11-12 11:10:07,https://en.prothomalo.com/bangladesh/Man-killed-in-city-road-accident,badda link road,dhaka,1,0,vehicle,,Bangladesh,event,road accident
4540,Man killed in city road crash,2017-11-12 11:10:07,https://en.prothomalo.com/bangladesh/Man-killed-in-city-road-crash-9,badda link road,dhaka,1,0,,,Bangladesh,event,road accident
4541,Man killed in city road crash,2017-11-12 11:10:07,https://en.prothomalo.com/bangladesh/Man-killed-in-city-road-crash-5,badda link road,dhaka,1,0,,,Bangladesh,event,road accident
4545,3 killed in Jatrabari road accident,2014-07-03 12:46:28,https://en.prothomalo.com/bangladesh/3-killed-in-Jatrabari-road-accident,dhaka-chittagong highway near south jatrabari toll plaza,dhaka,3,0,,,Bangladesh,event,road accident
4548,‘Civil society betraying people by remaining silent’,2019-07-28 17:03:23,https://en.prothomalo.com/opinion/‘Civil-society-betraying-people-by-remaining,various,various,0,0,"cars, motorcycles, trains","general lawlessness, lack of security, mob violence, road accidents, train accidents",Bangladesh,event,road accident
4550,Barisal road crash kills 2 college students,2018-01-26 22:43:26,https://en.prothomalo.com/bangladesh/Barisal-road-crash-kills-2-college-students,khoirabad bridge on barisal-patuakhali road,barisal,2,1,pickup van and motorcycle,head-on collision,Bangladesh,event,road accident
4551,Girl loses leg in city road crash,2018-04-22 17:52:24,https://en.prothomalo.com/bangladesh/Girl-loses-leg-in-city-road-crash,airport road,banani,0,1,brtc bus,bus ran over girl,Bangladesh,event,road accident
4553,5 killed in Brahmanbaria road accident,2014-07-01 19:43:56,https://en.prothomalo.com/bangladesh/5-killed-in-Brahmanbaria-road-accident,sarail,brahmanbaria,5,0,truck and auto-rickshaw,head-on collision,Bangladesh,event,road accident
4554,Jessore bus accident death toll hits 10,2014-07-01 16:41:38,https://en.prothomalo.com/bangladesh/Jessore-bus-accident-death-toll-hits-10,jessore,jessore,10,0,,,Bangladesh,event,road accident
4561,Magura road crash kills 2,2017-12-11 09:48:21,https://en.prothomalo.com/bangladesh/Magura-road-crash-kills-2-3,jagla,magura,2,0,truck,hit a roadside tree and plunged into a ditch,Bangladesh,event,road accident
4562,Gopalganj road crash death toll rises to 8,2018-04-01 14:41:38,https://en.prothomalo.com/bangladesh/Gopalganj-bus-plunge-kills-6,biswambordi,muksudpur upazila in gopalganj,8,23,bus,driver lost control over the steering,Bangladesh,event,road accident
4563,Ridoy crying in pain at DMCH,2018-04-19 13:13:49,,dhaka medical college hospital,dhaka,1,1,bus,collision,Bangladesh,event,road accident
4568,"Driver, helper killed as bus falls into Kushtia ditch",2018-01-11 09:10:44,,kumarkhali upazila,kushtia,2,20,bus,plunged into a roadside ditch,Bangladesh,event,road accident
4569,Wife makes tearful plea for husband's release,2018-09-11 15:12:23,https://en.prothomalo.com/bangladesh/Wife-makes-tearful-plea-for-husband-s-release,,,0,0,,,Bangladesh,event,road accident
4576,Kushtia road crash injures 35 cops,2018-01-07 18:22:01,https://en.prothomalo.com/bangladesh/Kushtia-road-crash-injures-35-cops,central bus terminal area in kushtia town,kushtia,0,35,bus,plunged into a roadside ditch,Bangladesh,event,road accident
4578,Returning to the roots,2018-06-13 11:52:33,https://en.prothomalo.com/opinion/Returning-to-the-roots,,,0,0,,,Bangladesh,event,road accident
4579,‘Development work will not resolve road communication problems’,2019-08-29 12:51:09,,,,0,0,,,Bangladesh,,road accident
4581,Madaripur road crash kills 2,2017-11-24 15:50:55,https://en.prothomalo.com/bangladesh/Madaripur-road-crash-kills-2,kadirpur village,madaripur,2,1,motorcycle,road accident,Bangladesh,event,road accident
4583,Narsingdi road crashes kill 9,2018-04-06 20:10:16,https://en.prothomalo.com/bangladesh/Narsingdi-road-crashes-kill-9,dhaka-sylhet highway at charabagh and dhaka-habiganj highway in front of birampur palli bidyut office,narsingdi,7,0,"bus, motorbike, rickshaw, pedestrian","bus hitting motorbike, bus losing control and pushing rickshaw",Bangladesh,event,road accident
4584,2 drivers remanded over Rajib injury,2018-04-06 11:31:16,https://en.prothomalo.com/bangladesh/2-drivers-remanded-over-Rajib-injury,dhaka,dhaka,0,1,bus,vehicle collision (buses),Bangladesh,event,road accident
4585,DMCH bears Rajib treatment cost,2018-04-06 11:27:30,https://en.prothomalo.com/bangladesh/DMCH-bears-Rajib-treatment-cost,dhaka,dhaka,0,1,bus,collision between two buses,Bangladesh,event,road accident
4586,"Manikganj road crash kills 2, injures 17",2018-02-08 22:48:53,https://en.prothomalo.com/bangladesh/Manikganj-road-crash-kills-2-injures-17,zoka area,manikganj,2,15,bus,drove into a ditch,Bangladesh,event,road accident
4592,3 killed in Dinajpur bus-car collision,2017-10-20 18:19:33,https://en.prothomalo.com/bangladesh/3-killed-in-Dinajpur-bus-private-car-collision,egaro mile area,dinajpur,3,1,private car and a bus,head-on collision,Bangladesh,event,road accident
4594,"Father, daughter killed in Pirojpur road crash",2017-12-04 14:13:50,https://en.prothomalo.com/bangladesh/Pirojpur-road-crash-kills-2-of-a-family,pirojpur bridge,pirojpur,2,3,,,Bangladesh,event,road accident
4595,Ctg road crash kills 2,2017-12-04 14:04:34,https://en.prothomalo.com/bangladesh/Ctg-road-crash-kills-2-2,sitakunda,chittagong,2,2,,,Bangladesh,event,road accident
4602,Police officer killed in traffic accident,2014-06-24 11:07:31,https://en.prothomalo.com/bangladesh/Police-officer-killed-in-traffic-accident,ashuganj,brahmanbaria,1,0,,traffic accident,Bangladesh,event,road accident
4605,Khulna youth dev official killed in road crash,2017-11-22 18:46:08,https://en.prothomalo.com/bangladesh/Khulna-youth-dev-official-killed-in-road-crash,phultala upazila,phultala,1,1,car,road accident,Bangladesh,event,road accident
4617,Sunamganj car plunge kills 4,2017-12-15 20:41:52,https://en.prothomalo.com/bangladesh/Sunamganj-car-plunge-kills-4,roadside ditch,sunamganj,4,0,car,plunged into a roadside ditch,Bangladesh,event,road accident
4622,Road crash kills 4,2017-11-04 13:10:21,https://en.prothomalo.com/bangladesh/Road-crash-kills-4,shalbagan,birganj,4,0,pickup van and auto-rickshaw,collision between pickup van and auto-rickshaw,Bangladesh,event,road accident
4623,Dinajpur road crash kills 2,2017-10-02 11:51:26,https://en.prothomalo.com/bangladesh/Dinajpur-road-crash-kills-2,in front of sadar upazila office,district town,2,0,bus and auto-rickshaw,bus hitting auto-rickshaw from behind,Bangladesh,event,road accident