id,title,date,article_url,place_of_accident,district,number_of_deaths,number_of_injured,vehicle_type,cause_of_accident,country,report_type,type_of_accident
4632,Series of sabotages led to 21 August grenade attack,2019-08-20 15:18:34,,bangabandhu avenue,dhaka,24,200,,grenade attack by militant group,Bangladesh,event,road accident
4634,2 killed in Sirajganj traffic accident,2014-06-13 13:04:34,https://en.prothomalo.com/bangladesh/2-killed-in-Sirajganj-traffic-accident-2,dhaka-bogra highway at ghurka beltala,sirajganj,2,0,truck,truck ran over pedestrians,Bangladesh,event,road accident
4636,3 killed in Netrakona traffic accident,2014-06-13 09:15:55,,netrakona-dhaka highway near brtc bus stand,sadar upazila,3,0,"motorcycle, truck",truck hit motorcycle,Bangladesh,event,road accident
4638,"Vested quarter tried to cash in on schoolchildren’s anger, says PM Hasina",2018-08-31 23:12:36,,,,2,0,,,Bangladesh,event,road accident
4643,Rajshahi bike crash kills two teens,2017-11-26 11:22:50,https://en.prothomalo.com/bangladesh/Rajshahi-bike-crash-kills-two-teens,durgaspur-katakhali road,rajshahi,2,0,motorcycle,,Bangladesh,event,road accident
4645,2 Biswa Ijtema devotees die,2018-01-12 15:47:04,https://en.prothomalo.com/bangladesh/2-Biswa-Ijtema-devotees-die,tongi,gazipur,2,0,,on their way to join the 53rd biswa ijtema,Bangladesh,event,road accident
4647,40-km human chain for addressing ‘death trap’,2018-04-08 13:10:10,https://en.prothomalo.com/bangladesh/40-km-human-chain-for-addressing-‘death-trap’,sitakunda,chittagong,0,0,,recurring road accidents,Bangladesh,event,road accident
4649,"Agitating students take to streets, buses torched",2018-08-01 16:03:31,https://en.prothomalo.com/bangladesh/Agitating-students-torch-two-buses-in-capital,"airport road, dhaka",dhaka,2,0,,road crash,Bangladesh,event,road accident
4651,2 killed in Pabna road crash,2017-12-02 20:12:13,https://en.prothomalo.com/bangladesh/accident/2-killed-in-pabna-road-crash,nurpur area on pabna-gachhpara road,pabna,2,4,"truck, auto-rickshaw",truck hitting auto-rickshaw,Bangladesh,event,road accident
4652,2 killed in Pabna road crash,2017-12-02 20:12:13,https://en.prothomalo.com/bangladesh/2-killed-in-Pabna-road-crash-2,nurpur area on pabna-gachhpara road,pabna,2,4,"truck, auto-rickshaw",truck hit auto-rickshaw,Bangladesh,event,road accident
4654,Death on the streets again,2018-07-31 14:31:40,https://en.prothomalo.com/opinion/Death-on-the-streets-again,dhaka streets,dhaka,1,0,bus,reckless driving and racing between buses,Bangladesh,event,road accident
4658,3 killed in Comilla traffic accident,2014-06-08 09:51:32,https://en.prothomalo.com/bangladesh/3-killed-in-Comilla-traffic-accident,adarsha sadar upazila,comilla,3,2,"covered-van, cng-run auto-rickshaw",covered-van rammed a cng-run auto-rickshaw,Bangladesh,event,road accident
4659,Two bus drivers held,2018-04-04 17:26:45,https://en.prothomalo.com/bangladesh/Two-bus-drivers-held,dhaka,dhaka,0,1,bus,bus collision,Bangladesh,event,road accident
4660,2 Juba League leaders killed in road accident,2014-06-07 19:11:41,https://en.prothomalo.com/bangladesh/2-Juba-League-leaders-killed-in-road-accident,dhaka- aricha highway,manikganj,2,0,,,Bangladesh,event,road accident
4661,3 killed in Gopalganj road accident,2014-06-07 10:19:47,https://en.prothomalo.com/bangladesh/3-killed-in-Gopalganj-road-accident,dhaka-khulna highway at pona,gopalganj,3,30,bus,plunged into a roadside ditch,Bangladesh,event,road accident
4662,Noakhali road crash kills 2 motorcyclists,2017-12-09 21:38:13,https://en.prothomalo.com/bangladesh/Noakhali-road-crash-kills-2-motorcyclists,sonaimuri-kankirhat road,noakhali,2,1,motorcycle,,Bangladesh,event,road accident
4669,"Battery-run rickshaws, easy bikes banned in Comilla",2017-12-18 13:37:28,https://en.prothomalo.com/bangladesh/Battery-run-rickshaws-easy-bikes-banned-in,,comilla,0,0,battery-run rickshaws and easy-bikes,,Bangladesh,event,road accident
4674,Fisherman dies as launch hits trawler in Bhola,2017-11-18 00:03:15,https://en.prothomalo.com/bangladesh/Fisherman-dies-as-launch-hits-trawler-in-Bhola,meghna river,bhola,1,0,launch and trawler,launch hit trawler,Bangladesh,event,road accident
4676,Savar road crash kills 2,2017-11-05 12:47:23,https://en.prothomalo.com/bangladesh/Savar-road-crash-kills-2-3,pakija area,dhaka,2,3,,,Bangladesh,event,road accident
4677,Girl dies falling off easy bike,2017-09-18 08:58:44,,monirampur,jessore,1,0,easy-bike,fell from a speeding easy-bike,Bangladesh,event,road accident
4679,Wild elephant kills 2 at Kutupalong Rohingya camp,2018-02-24 16:34:40,https://en.prothomalo.com/bangladesh/Wild-elephant-kills-2-at-Kutupalong-Rohingya-camp,rohingya refugee camp,cox's bazar,2,0,elephant,rampaging elephant attack,Bangladesh,event,road accident
4681,7 killed in Bagerhat road accident,2014-05-24 19:10:34,https://en.prothomalo.com/bangladesh/7-killed-in-Bagerhat-road-accident,fakirhat upazila,bagerhat,7,20,traffic accident,,Bangladesh,event,road accident
4682,3 killed in Comilla road accident,2014-05-24 14:20:46,https://en.prothomalo.com/bangladesh/3-killed-in-Comilla-road-accident,dhaka-chittagong highway at baropara,comilla,3,15,"bus, truck",triangular collision,Bangladesh,event,road accident
4683,Road accident kills two in Savar,2014-05-24 11:24:59,https://en.prothomalo.com/bangladesh/Road-accident-kills-two-in-Savar,baliarpur bus stand,savar,2,5,"microbus, truck",head-on collision,Bangladesh,event,road accident
4685,Road crash kills 3 in Noakhali,2017-09-14 14:40:27,,tinpukuria,noakhali,3,18,road,,Bangladesh,event,road accident
4686,"Gaibandha MP, among 4 severely injured in road crash",2017-11-18 22:18:44,https://en.prothomalo.com/bangladesh/Gaibandha-MP-3-others-severely-injured-in-road,natiyapara of delduar upazila on dhaka tangail highway,tangail,0,4,microbus and bus,head-on collision,Bangladesh,event,road accident
4694,Schoolboy meets death on the way to rally,2018-03-07 22:14:24,https://en.prothomalo.com/bangladesh/Schoolboy-meets-death-on-the-way-to-rally,dhamrai upazila,dhaka,1,0,bus,sticking head out of bus window and hitting a tree,Bangladesh,event,road accident
4700,3 die in Dhamrai traffic accident,2014-05-20 10:57:27,https://en.prothomalo.com/bangladesh/3-die-in-Dhamrai-traffic-accident,dhamrai,dhaka,3,22,bus,fell into a ditch,Bangladesh,event,road accident
4703,Ananta Jalil to bear educational expenses of Rajib’s brothers,2018-04-19 13:20:13,https://en.prothomalo.com/bangladesh/Ananta-Jalil-to-bear-educational-expenses-of,dhaka,dhaka,1,0,,tragic road accident,Bangladesh,event,road accident
4704,Quader finds Rajib too responsible,2018-04-19 13:17:19,https://en.prothomalo.com/bangladesh/Quader-says-Rajib-was-probably-also-responsible,,,1,0,,"road accident, victim's responsibility debated",Bangladesh,event,road accident
4706,"We are concerned, alarmed",2018-08-06 14:43:24,https://en.prothomalo.com/opinion/We-are-concerned-alarmed,shaheed ramiz uddin cantonment college,dhaka,2,0,,,Bangladesh,event,road accident
4713,Biker killed in Laxmipur road crash,2017-08-26 16:06:33,https://en.prothomalo.com/bangladesh/Biker-killed-in-Laxmipur-road-crash,dhaka-lakshmipur road,lakshmipur,1,0,"bus, motorbike",bus hit motorcyclist,Bangladesh,event,road accident
4715,Trader killed in Satkhira road crash,2017-08-31 13:10:59,https://en.prothomalo.com/bangladesh/Trader-killed-in-Satkhira-road-crash,asannagar area,satkhira,1,0,"pickup van, bicycle",pickup van hit bicycle,Bangladesh,event,road accident
4720,3 killed in Comilla road crash,2017-09-02 10:06:38,https://en.prothomalo.com/bangladesh/3-killed-in-Comilla-road-crash-5,daudkandi upazila,comilla,3,5,"bus, auto-rickshaw",bus hitting auto-rickshaw,Bangladesh,event,road accident
4721,3 killed in Comilla road crash,2017-09-02 10:06:38,https://en.prothomalo.com/bangladesh/3-killed-in-Comilla-road-crash-4,daudkandi upazila,comilla,3,5,"bus, auto-rickshaw",bus hit auto-rickshaw,Bangladesh,event,road accident
4722,3 killed in Comilla road crash,2017-09-02 10:06:38,https://en.prothomalo.com/bangladesh/3-killed-in-Comilla-road-crash-2,daudkandi upazila,comilla,3,5,"bus, auto-rickshaw",bus hit auto-rickshaw,Bangladesh,event,road accident
4723,3 killed in Comilla road crash,2017-09-02 10:06:38,https://en.prothomalo.com/bangladesh/3-killed-in-Comilla-road-crash,daudkandi,comilla,3,5,"bus, auto-rickshaw",bus hitting auto-rickshaw,Bangladesh,event,road accident
4725,Jessore road crash kills 1,2017-08-27 10:28:08,https://en.prothomalo.com/bangladesh/Jessore-road-crash-kills-1,chachra area on khulna-benapole road,khulna,1,0,road vehicle,,Bangladesh,event,road accident
4728,No bidding for highway!,2018-02-26 16:11:27,https://en.prothomalo.com/bangladesh/No-bidding-for-highway,kushtia-ishwardi highway,kushtia,0,0,,budget constraints,Bangladesh,event,road accident
4737,2 female students killed in road mishap,2017-10-09 16:43:42,,monsuria bazaar on the banshkhali-pekua highway,banshkhali upazila of chittagong district,2,0,truck,speedy truck ran them over,Bangladesh,event,road accident
4740,Such deaths must stop,2019-03-21 11:03:58,,jaflong,,2,0,"bus, truck",crushed under wheels,Bangladesh,event,road accident
4744,HC asks bus owners to pay for Rajib's treatment,2018-04-04 16:05:26,https://en.prothomalo.com/bangladesh/Bus-owners-to-pay-for-Rajib-s-treatment-HC,dhaka,dhaka,0,1,bus,collision between two buses,Bangladesh,event,road accident
4746,"Diya, Rajib killers to be punished, says PM",2018-08-12 13:59:48,https://en.prothomalo.com/bangladesh/Diya-Rajib-killers-to-be-punished-says-PM,dhaka,dhaka,2,1,bus,driver driving the bus defying all the traffic rules,Bangladesh,event,road accident
4747,Missing transport trader’s body found at DMCH morgue,2017-12-24 00:53:34,https://en.prothomalo.com/bangladesh/Missing-transport-trader’s-body-found-at-DMCH,dmch morgue,dhaka,1,0,transport,"missing, presumed deceased",Bangladesh,event,road accident
4751,Anarchy on the roads,2018-10-23 08:19:59,https://en.prothomalo.com/bangladesh/Anarchy-on-the-roads,bangladesh,,0,0,,chaotic traffic system,Bangladesh,,road accident
4752,2 die in Madhabpur traffic accident,2014-05-05 10:45:21,https://en.prothomalo.com/bangladesh/2-die-in-Madhabpur-traffic-accident,dhaka-sylhet highway,habiganj,2,0,"microbus, mini truck",collision,Bangladesh,event,road accident
4754,Man killed in Comilla road crash,2017-08-17 20:03:52,https://en.prothomalo.com/bangladesh/Man-killed-in-Comilla-road-crash,daklapara area,comilla,1,1,covered van,one covered van hit another,Bangladesh,event,road accident
4755,2 die in B'baria traffic accident,2014-05-02 11:51:48,https://en.prothomalo.com/bangladesh/2-die-in-B-baria-traffic-accident,dhaka-sylhet highway,brahmanbaria,2,1,car,traffic accident,Bangladesh,event,road accident
4760,When nothing matters,2019-04-07 12:52:44,,nimtali-churihatta to banani,dhaka,0,0,,negligence and lack of safety regulations,Bangladesh,event,road accident
4761,"Cases are fictitious, not the people",2019-02-03 21:39:10,,naya paltan,brahminbaria,0,0,,"obstructing citizens from casting ballots, attacking law enforcers, engaging in criminal offenses",Bangladesh,event,road accident
4769,"Quader accuses BNP, Jamaat of instigating agitating students",2018-08-04 20:42:49,https://en.prothomalo.com/bangladesh/Quader-accuses-BNP-Jamaat-of-instigating,dhaka streets,dhaka,0,0,,instigated demonstration,Bangladesh,event,road accident
4770,Crossing road takes life of schoolgirl in Dhaka,2017-09-12 16:21:29,,shewrapara bus stop area,dhaka,1,0,school bus,,Bangladesh,event,road accident
4772,Rajib to be buried in Patuakhali,2018-04-19 13:40:31,https://en.prothomalo.com/bangladesh/Rajib-to-be-buried-in-Patuakhali,city,dhaka,1,0,two buses,pressed between two buses,Bangladesh,event,road accident
4773,Living with ‘gas bombs’,2018-04-19 13:14:46,https://en.prothomalo.com/bangladesh/Living-with-‘gas-bombs’,brahmandi union,narayangaj,0,0,gas balloon,unsafe gas balloon usage,Bangladesh,event,road accident
4774,Rajib laid to rest in Patuakhali,2018-04-19 13:00:47,https://en.prothomalo.com/bangladesh/Rajib-laid-to-rest-in-Patuakhali,shahbagh,dhaka,1,0,bus,pressed between two buses,Bangladesh,event,road accident
4775,Woman killed in Chuadanga road crash,2017-08-30 11:21:05,,ujirpur village,damurhuda,1,0,truck,speeding,Bangladesh,event,road accident
4776,3 die in Tangail traffic accident,2014-05-07 10:15:44,https://en.prothomalo.com/bangladesh/3-die-in-Tangail-traffic-accident,bangabandhu bridge link road,tangail,3,0,truck,collision,Bangladesh,event,road accident
4778,"City streets shout out, loud and clear",2019-06-07 11:24:01,https://en.prothomalo.com/opinion/City-streets-shout-out-loud-and-clear,dhaka city,dhaka,0,0,,traffic,Bangladesh,event,road accident
4781,"Road crash kills 2, hurt 12",2017-10-20 12:48:44,https://en.prothomalo.com/bangladesh/Road-crash-kills-2-hurt-12,barabkunda,chittagong,2,12,road,,Bangladesh,event,road accident
4785,"Lakshmipur road crash kills father, son",2017-09-02 17:17:50,https://en.prothomalo.com/bangladesh/Lakshmipur-road-crash-kills-father-son,manadari bazar on laxmipur-chowmuhani road,laxmipur,3,3,car,,Bangladesh,event,road accident
4786,Rangpur bus plunge kills 2,2017-09-01 16:18:27,https://en.prothomalo.com/bangladesh/Rangpur-bus-plunge-kills-2,kolabari area,pirganj,2,10,bus,plunged into a roadside ditch,Bangladesh,event,road accident
4793,Bangladeshi loses legs in mine explosion on Myanmar border,2018-02-04 17:38:45,https://en.prothomalo.com/bangladesh/Bangladeshi-loses-legs-in-mine-explosion-on,buffer zone between bangladesh and myanmar,,0,1,,landmine explosion,Bangladesh,event,road accident
4796,BGB man killed in Jessore road crash,2017-08-29 21:04:59,https://en.prothomalo.com/bangladesh/BGB-man-killed-in-Jessore-road-crash,jessore-benapole highway in hajirali,jessore,1,0,bus,fell on the road while getting down from a bus and was crushed under the wheels of it,Bangladesh,event,road accident
4810,Chawkbazar tragedy and trading blame,2019-02-25 10:52:31,https://en.prothomalo.com/opinion/Chawkbazar-tragedy-and-trading-blame-2,old quarter of the city,dhaka,67,0,,fire,Bangladesh,event,road accident
4811,Road crash kills CNG driver,2017-09-30 11:33:37,https://en.prothomalo.com/bangladesh/Road-crash-kills-CNG-driver,sylhet-tamabeel highway,sylhet,1,5,microbus and cng-run auto-rickshaw,head-on collision,Bangladesh,event,road accident
4812,Bus-truck collision kills 6 in Gopalganj,2017-09-09 11:18:25,https://en.prothomalo.com/bangladesh/Bus-truck-collision-kills-6-in-Gopalganj,borashur area of kashiani upazila,gopalganj district,6,25,bus and a truck,head-on collision,Bangladesh,event,road accident
4813,3 college students among 5 killed in Gazipur road crash,2017-08-07 18:04:42,,dhaka-mymensingh highway at masterbari,gazipur,5,7,"human hauler, covered van",collision between human hauler and covered van,Bangladesh,event,road accident
4818,Juba Dal leader killed in Savar road crash,2017-09-15 19:12:50,https://en.prothomalo.com/bangladesh/Jubo-Dal-leader-killed-in-Savar-road-crash,dhaka-aricha highway in jorpool area,dhaka,1,1,"bus, motorbike",bus hit a motorbike,Bangladesh,event,road accident
4819,Munshiganj road crash kills police constable,2017-06-30 15:29:58,https://en.prothomalo.com/bangladesh/Munshiganj-road-crash-kills-constable,anarpura area of gojaria upazila,munshiganj,1,0,"police wrecker, speeding vehicle",speeding vehicle ran over constable while crossing highway,Bangladesh,event,road accident
4820,"Motorcyclist Uncle, Nephew killed in road crash",2017-09-23 12:42:59,https://en.prothomalo.com/bangladesh/Motorcyclist-Uncle-Nephew-killed-in-road-crash,barunkandi village on the bypass road,naogaon,2,2,motorcycle,,Bangladesh,event,road accident
4823,Bridge collapse snaps road communication on 12 southern routes,2017-08-12 15:43:59,https://en.prothomalo.com/bangladesh/Bridge-collapse-snaps-road-communication-on-12,madarsi bailey bridge,bhandaria,0,0,truck,bridge collapse due to overloading,Bangladesh,event,road accident
4824,‘Improvement of Dhaka’s chaotic traffic possible’,2018-10-12 22:09:38,https://en.prothomalo.com/bangladesh/‘Improvement-of-Dhaka’s-chaotic-traffic-possible’,dhaka,dhaka,0,0,,lack of discipline and planning,Bangladesh,event,road accident
4828,2 killed in Sylhet road crash,2017-09-21 11:03:47,https://en.prothomalo.com/bangladesh/2-killed-in-Sylhet-road-crash-4,"bokar bhanga, sylhet-sunamganj road",chhatak,2,10,,,Bangladesh,event,road accident
4830,2 killed in Sylhet road crash,2017-09-21 11:03:47,https://en.prothomalo.com/bangladesh/2-killed-in-Sylhet-road-crash,bokar bhanga on sylhet-sunamganj road,chhatak,2,10,,,Bangladesh,event,road accident
4833,Gazipur bus accident kills 3,2014-04-12 18:33:20,https://en.prothomalo.com/bangladesh/Gazipur-bus-accident-kills-3,dhaka-chittagong highway,gazipur,3,0,bus and motorbike,bus ran over a motorbike,Bangladesh,event,road accident
4840,2 killed in Thakurgaon road crash,2017-09-23 10:24:32,https://en.prothomalo.com/bangladesh/local-news/2-killed-in-thakurgaon-road-crash,farabari area on baliadangi-nekmorod road,thakurgaon,2,7,,,Bangladesh,event,road accident
4841,2 killed in Thakurgaon road crash,2017-09-23 10:24:32,https://en.prothomalo.com/bangladesh/2-killed-in-Thakurgaon-road-crash,farabari area on baliadangi-nekmorod road,thakurgaon,2,7,road vehicle,,Bangladesh,event,road accident
4843,Gaibandha MP Golam Mostafa passes away,2017-12-19 12:16:13,https://en.prothomalo.com/bangladesh/Gaibandha-MP-Golam-Mostafa-passes-away,natiapara in delduar upazila of tangail on dhaka-tangail highway,tangail,1,3,"microbus, bus",collision between microbus and bus,Bangladesh,event,road accident
4851,Comilla road crash kills 3,2017-06-24 20:13:08,https://en.prothomalo.com/bangladesh/Comilla-road-crash-kills-3,otiya,laksam,3,2,covered van and auto-rickshaw,collision,Bangladesh,event,road accident
4852,Comilla road crash kills 3,2017-06-24 20:13:08,https://en.prothomalo.com/bangladesh/Comilla-road-crash-kills-3-2,otiya area,laksam,3,2,covered van and cng-run auto-rickshaw,collision between vehicles,Bangladesh,event,road accident
4854,‘Gunfight’ between AL groups kills one,2018-04-23 13:52:36,https://en.prothomalo.com/bangladesh/City-clash-kills-one-injures-10,badda,dhaka,1,4,,gun battle between supporters of political figures,Bangladesh,event,road accident
4855,'77pc drivers have no license',2018-04-22 17:54:44,https://en.prothomalo.com/bangladesh/77pc-drivers-have-no-license,,,0,0,,lack of driving licenses,Bangladesh,event,road accident
4857,Police constable killed in Comilla road crash,2017-09-08 10:51:42,https://en.prothomalo.com/bangladesh/Police-constable-killed-in-Comilla-road-crash,comilla-sylhet regional highway,debidwar,1,4,road vehicle,,Bangladesh,event,road accident
4864,2 killed in Narsingdi road crash,2017-07-14 11:08:19,https://en.prothomalo.com/bangladesh/accident/2-killed-in-narsingdi-road-crash,dhaka-sylhet highway at khalapara,shibpur,2,5,,,Bangladesh,event,road accident
4865,2 killed in Narsingdi road crash,2017-07-14 11:08:19,https://en.prothomalo.com/bangladesh/2-killed-in-Narsingdi-road-crash,dhaka-sylhet highway at khalapara,shibpur,2,5,road,,Bangladesh,event,road accident
4873,MP Golam Mostafa laid to rest,2017-12-20 00:09:48,https://en.prothomalo.com/bangladesh/MP-Golam-Mostafa-laid-to-rest,dhaka,gaibandha,1,1,,road accident,Bangladesh,event,road accident
4875,Two killed while racing motorbikes,2017-09-07 22:39:31,https://en.prothomalo.com/bangladesh/Two-killed-while-racing-motorbikes,tangail-mymensingh highway near the modhupur forest,modhupur,2,0,motorbike,lost control and crashed into a tree,Bangladesh,event,road accident
4876,2 students go missing as a boat sinks in Padma river,2017-08-05 09:04:46,https://en.prothomalo.com/bangladesh/2-students-go-missing-as-a-boat-sinks-in-Padma,thanpur kheyaghat,bagha,0,0,,boat sinking,Bangladesh,event,road accident
4878,2 students missing as boat sinks in Padma river,2017-08-04 13:10:48,https://en.prothomalo.com/bangladesh/2-students-missing-as-boat-sinks-in-Padma-river,"thanpur kheyaghat, bagha upazila, rajshahi district",rajshahi,2,0,,boat capsized,Bangladesh,event,road accident
4880,20-km tailback on Dhaka-Ctg highway,2017-08-23 14:13:33,https://en.prothomalo.com/bangladesh/20-km-tailback-on-Dhaka-Ctg-highway,"meghna bridge, munshiganj area",munshiganj,0,0,goods-laden vehicle,"vehicle out of service, road accidents",Bangladesh,event,road accident
4884,"Depending on judgement, not speedometer",2018-05-02 14:50:26,https://en.prothomalo.com/bangladesh/Depending-on-judgement-not-speedometer,dhaka streets,dhaka,0,0,"motorised vehicles (rickshaws, human haulers, auto-rickshaws, buses)",drivers do not know the real-time speed,Bangladesh,event,road accident
4885,Bus-truck collision kills 3 in Bogra,2017-07-21 17:40:07,https://en.prothomalo.com/bangladesh/Bus-truck-collision-kills-3-in-Bogra,dhankundi area,"sherpur upazila, bogra district",3,14,bus and a truck,head-on collision,Bangladesh,event,road accident
4888,3 including physician killed in road crash,2017-10-21 11:19:20,https://en.prothomalo.com/bangladesh/3-including-physician-killed-in-road-mishap,egaro mile point on the thakurgaon-dinajpur highway,dinajpur,3,0,,,Bangladesh,event,road accident
4891,Dangerous disorder on the roads,2018-04-23 11:30:18,,city streets,dhaka,1,1,buses,"traffic congestion, slow moving vehicles",Bangladesh,event,road accident
4892,Dhaka's traffic jam causes Tk 370b annual loss,2018-03-27 11:07:59,https://en.prothomalo.com/bangladesh/Dhaka-s-traffic-jam-causes-Tk-370b-annual-loss,dhaka city,dhaka,0,0,,traffic congestion,Bangladesh,event,road accident
4897,Road crash kills college student among 3 in M’singh,2017-08-08 15:11:23,https://en.prothomalo.com/bangladesh/Road-crash-kills-college-student-among-3-in,bhaluka degree college,bhaluka,3,40,road,,Bangladesh,event,road accident
4898,Comilla road crashes kill 2,2017-06-17 20:13:26,https://en.prothomalo.com/bangladesh/Comilla-road-crashes-kill-2,sadar dakkhin upazila,comilla,2,0,,separate road accidents,Bangladesh,event,road accident
4906,UP chairman killed in Sirajganj road crash,2017-07-22 19:57:29,https://en.prothomalo.com/bangladesh/UP-chairman-killed-in-Sirajganj-road-crash,bohuti chara,sirajganj,1,0,"bus, motorcycle",collision,Bangladesh,event,road accident
4907,"Commuters suffer, businessmen also hit hard",2018-05-17 17:45:19,https://en.prothomalo.com/bangladesh/Commuters-suffer-businessmen-hit-hard,daudkandi,cumilla,0,0,,congestion,Bangladesh,event,road accident
4909,"Judge’s car on wrong side rams bike, youth injured",2017-07-03 00:05:21,https://en.prothomalo.com/bangladesh/Judge’s-car-on-wrong-side-rams-bike-youth-injured,ruposhi bangla hotel crossing,city,0,1,"motorcycle, car",vehicle of a high court judge rammed motorcycle,Bangladesh,event,road accident
4912,"3 killed, 10 injured in Bogra road crash",2017-07-31 10:47:25,https://en.prothomalo.com/bangladesh/3-killed-10-injured-in-Bogra-road-crash,ghoga battola,sherpur,3,10,bus and truck,head-on collision,Bangladesh,event,road accident
4915,"Siblings, their cousin killed in Ctg road crash",2017-06-11 22:20:27,https://en.prothomalo.com/bangladesh/Siblings-their-cousin-killed-in-Ctg-road-crash,halishahar,halishahar,3,0,private car,plunged into a ditch,Bangladesh,event,road accident
4921,"Dhaka, city of ‘godfathers’",2018-03-28 19:01:41,https://en.prothomalo.com/bangladesh/Dhaka-city-of-‘godfathers’,dhaka,dhaka,0,0,,,Bangladesh,event,road accident
4924,4 of a family among 6 killed in Faridpur road crash,2017-07-29 11:15:28,,kazir rasta,faridpur,6,2,,,Bangladesh,event,road accident
4926,Razzak 'out of danger' following road crash,2017-06-28 23:16:00,https://en.prothomalo.com/sports/Razzak-out-of-danger-following-road-crash,dhushor area of kashiani upazila,gopalganj district,0,1,car,tire burst leading to plunging into a ditch,Bangladesh,event,road accident
4938,9-yr-old killed by police vehicle,2018-02-17 13:15:03,https://en.prothomalo.com/bangladesh/9-yr-old-killed-by-police-vehicle,dayaganj,dhaka,1,0,vehicle,hit by a vehicle,Bangladesh,event,road accident
4943,Bus-truck collision kills 3 in Madaripur,2017-06-18 20:15:51,https://en.prothomalo.com/bangladesh/Bus-truck-collision-kills-3-in-Madaripur,dhaka-barisal highway,rajoir,3,15,bus and truck,head-on collision,Bangladesh,event,road accident
4950,"They are not voters, yet",2018-10-08 15:59:08,,national scene,,0,0,,,Bangladesh,event,road accident
4951,AL leaders control public transport sector,2018-08-04 13:19:12,,,,0,0,bus,chaotic situation in public transport sector due to ruling party involvement,Bangladesh,event,road accident
4954,Bullet-hit security member of Ganabhaban dies,2017-05-27 11:04:43,https://en.prothomalo.com/bangladesh/Bullet-hit-security-member-of-Ganabhaban-dies,dhaka medical college and hospital (dmch),dhaka,1,0,,bullet injuries while on duty,Bangladesh,event,road accident
4957,"Couple killed, son injured as truck hits motorcycle",2017-05-24 14:29:23,https://en.prothomalo.com/bangladesh/Couple-killed-son-injured-as-truck-hits,mohalpara,ghatail,2,1,"motorcycle, truck",speedy truck knocked down the motorbike,Bangladesh,event,road accident
4958,201 tourists returned from Saint Martin risking lives,2017-12-10 21:28:18,https://en.prothomalo.com/bangladesh/201-tourists-returned-from-Saint-Martin-risking,bay of bengal,teknaf,0,0,trawlers,severe weather,Bangladesh,event,road accident
4963,"Father, two children killed in Gazipur road crash",2017-05-22 23:16:15,https://en.prothomalo.com/bangladesh/Father-two-children-killed-in-Gazipur-road-crash,dhaka-tangail highway,kaliakoir,3,1,road,,Bangladesh,event,road accident
4966,Dhaka road crash kills 2,2017-06-16 10:19:12,https://en.prothomalo.com/bangladesh/Dhaka-road-crash-kills-2,signboard area of the city,,2,5,bus,hit by a tree,Bangladesh,event,road accident
4967,Two killed as human hauler overturns,2017-05-07 00:26:50,https://en.prothomalo.com/bangladesh/Two-killed-as-human-hauler-overturns,uazani mathbari,gopalganj,2,0,road,,Bangladesh,event,road accident
4971,Three-way road crash kills 2,2017-06-21 13:08:09,https://en.prothomalo.com/bangladesh/Three-way-road-crash-kills-2,chikli bazar area,nilphamari,2,3,"truck, microbus","truck hit microbus from back, another truck hit microbus from front",Bangladesh,event,road accident
4984,Court asks for probe report over JU vandalism by 7 Aug,2017-07-04 20:19:05,https://en.prothomalo.com/bangladesh/Court-asks-for-probe-report-over-JU-vandalism-by,dhaka,ashulia,2,0,,road crash,Bangladesh,event,road accident
4989,2 killed in Sirajaganj road crash,2017-04-16 15:51:06,https://en.prothomalo.com/bangladesh/2-killed-in-Sirajaganj-road-crash,shimultala on sirajganj-nalka road,sirajganj sadar upazila,2,3,bus and cng-run auto-rickshaw,bus knocked down a cng-run auto-rickshaw,Bangladesh,event,road accident
4993,JU students call off siege prog,2017-08-04 12:02:54,https://en.prothomalo.com/sports/JU-students-call-off-siege-prog,dhaka-aricha highway in savar,dhaka,2,0,,road accident,Bangladesh,event,road accident
4995,"Human hauler hits roadside tree, 2 killed",2017-05-06 18:49:57,https://en.prothomalo.com/bangladesh/Human-hauler-hits-roadside-tree-2-killed,adjacent to mathbaria college,pirojpur,2,0,,,Bangladesh,event,road accident
4998,Munshiganj road crash kills 2,2017-06-03 00:36:44,https://en.prothomalo.com/bangladesh/Munshiganj-road-crash-kills-2-2,meghna bridge,gazaria,2,6,,,Bangladesh,event,road accident
4999,Munshiganj road crash kills 2,2017-06-03 00:36:44,https://en.prothomalo.com/bangladesh/Munshiganj-road-crash-kills-2,dhaka-chittagong highway adjacent to meghna bridge,gazaria,2,6,,road accident,Bangladesh,event,road accident
5007,3 students among 5 killed,2014-10-04 17:59:11,,haji shariatullah bridge area,madaripur,5,0,bus,bus knocked them down,Bangladesh,event,road accident
5009,Slow traffic on Dhaka-Tangail highway,2017-06-24 13:37:51,,mirzapur,tangail,1,0,"truck, bus",collision between truck and bus,Bangladesh,event,road accident
5017,Narsingdi road crash kills 2,2017-04-16 15:52:50,https://en.prothomalo.com/bangladesh/Narsingdi-road-crash-kills-2-2,dhaka-sylhet highway,shibpur,2,6,microbus and private car,head-on collision,Bangladesh,event,road accident
5018,Narsingdi road crash kills 2,2017-04-16 15:52:50,https://en.prothomalo.com/bangladesh/Narsingdi-road-crash-kills-2,dhaka-sylhet highway,narsingdi,2,6,microbus and private car,head-on collision,Bangladesh,event,road accident
5021,2 female workers die in Jessore train-bus collision,2017-05-10 10:33:16,,nawapara taltala level crossing,abhaynagar,2,30,train and bus,speeding train hit bus at level crossing,Bangladesh,event,road accident
5038,Sterner actions for traffic rule violation in cantt areas,2017-05-15 15:35:38,https://en.prothomalo.com/bangladesh/Sterner-actions-for-traffic-rule-violation-in,"fatikchhari upazila, chittagong",chittagong,1,4,,breaking traffic rules,Bangladesh,event,road accident
5040,What makes them happy?,2018-07-31 16:29:15,https://en.prothomalo.com/lifestyle/What-makes-them-happy,dhaka,dhaka,0,0,,,Bangladesh,event,road accident