id,title,date,article_url,place_of_accident,district,number_of_deaths,number_of_injured,vehicle_type,cause_of_accident,country,report_type,type_of_accident
5042,Medical student killed in city road crash,2017-02-25 11:40:49,https://en.prothomalo.com/bangladesh/Medical-student-killed-in-city-road-crash,bangshal area,dhaka,1,1,"cng auto rickshaw, bus",bus hit cng auto rickshaw,Bangladesh,event,road accident
5044,3 killed in picnic bus plunge,2017-02-24 20:54:32,,chapainawabganj municipality,chapainawabganj,3,0,bus,plunged into a water body,Bangladesh,event,road accident
5047,Narsingdi road crash kills 11,2017-02-12 14:42:09,,dhaka-sylhet highway,narsingdi,11,0,"bus, microbus",bus-microbus collision,Bangladesh,event,road accident
5048,Auto-rickshaw workers submit memo with 10 demands to PM,2017-09-12 21:53:04,https://en.prothomalo.com/bangladesh/Auto-rickshaw-workers-submit-memo-with-10-demands,dhaka,dhaka,0,0,"auto-rickshaw, auto-tempo",demands realization,Bangladesh,event,road accident
5053,IGP talks tough against extortion by cops,2017-05-24 12:17:13,https://en.prothomalo.com/bangladesh/IGP-talks-tough-against-extortion-by-cops,police headquarters,,0,0,"human-haulers like nosimon, korimon, bhatbhati and easybike",,Bangladesh,event,road accident
5054,Two motorcyclists killed on Jessore road,2017-03-06 12:06:32,https://en.prothomalo.com/bangladesh/Two-motorcyclists-killed-on-Jessore-road,jessore-satkhira highway at altapol taltola in keshabpur upazila,keshabpur,2,0,"motorcycle, truck",truck hit motorcycle,Bangladesh,event,road accident
5062,Sylhet road crash kills 2,2017-04-09 09:57:33,https://en.prothomalo.com/bangladesh/Sylhet-road-crash-kills-2,sylhet-tamabil highway,sylhet,2,4,truck and auto-rickshaw,collision,Bangladesh,event,road accident
5067,Student hit by brick from under-construction building goes to coma,2017-07-15 19:58:29,https://en.prothomalo.com/bangladesh/Student-hit-by-brick-from-under-construction,mohammadia housing area,mohammadpur,0,1,building material,falling brick from under-construction building,Bangladesh,event,road accident
5073,Transport strike in Chuadanga enters third day,2017-02-24 19:21:11,https://en.prothomalo.com/bangladesh/Transport-strike-in-Chuadanga-enters-third-day,manikganj,chuadanga,5,0,bus,"sentence of bus driver jamir hossain in a case filed over deaths of tareque masud, mishuk munier and three others",Bangladesh,event,road accident
5079,10 killed as cement-laden truck overturns,2017-03-24 12:39:13,https://en.prothomalo.com/bangladesh/10-killed-as-cement-laden-truck-overturns,dhaka-mymensingh highway at meherabari in bhaluka upazila,bhaluka,10,2,cement-laden truck,truck turned turtle,Bangladesh,event,road accident
5085,No respite from anarchy in public transport,2018-04-20 21:41:31,https://en.prothomalo.com/bangladesh/No-respite-from-anarchy-in-public-transport,dhaka,dhaka,114,210,various vehicles,,Bangladesh,event,road accident
5087,Security beefed up after stone hits Aussie team bus,2017-09-05 12:58:19,https://en.prothomalo.com/sports/Security-beefed-up-after-stone-hits-Aussie-team,dhaka,dhaka,0,0,bus,rock thrown by another vehicle,Bangladesh,event,road accident
5088,Public protest against tree-felling along Jessore highway,2018-01-17 19:42:27,https://en.prothomalo.com/environment/Public-protest-against-tree-felling-along-Jessore,jessore-benapole highway,jessore,0,0,,infrastructure project,Bangladesh,event,road accident
5091,Bagerhat road crash kills 4,2017-01-16 11:53:06,https://en.prothomalo.com/bangladesh/Bagerhat-road-crash-kills-4,mulghar area of fakirhar upazila,khulna,4,2,"bus, engine-run van",bus hit an engine-run van,Bangladesh,event,road accident
5092,5 killed in Habiganj road crash,2017-01-26 09:25:52,https://en.prothomalo.com/bangladesh/5-killed-in-Habiganj-road-crash,ulukandi,habiganj,5,4,microbus and truck,collision,Bangladesh,event,road accident
5094,JU students end hunger strike,2017-07-18 00:54:57,https://en.prothomalo.com/bangladesh/JU-students-end-hunger-strike,jahangirnagar university,dhaka,0,0,,protest,Bangladesh,event,road accident
5095,HC’s compensation to Tareque Masud’s family: Fair or unfair?,2018-05-14 11:59:47,https://en.prothomalo.com/opinion/HC’s-compensation-to-Tareque-Masud’s-family-Fair,bangladesh,,1810,0,,,Bangladesh,event,road accident
5104,'I screamed for the driver to slow down',2017-06-24 15:10:57,https://en.prothomalo.com/bangladesh/I-screamed-for-the-driver-to-slow-down,pirganj,rangpur,17,1,truck,truck tipped over due to swaying,Bangladesh,event,road accident
5116,"Driver jailed for life for killing Tareque Masud, Mishuk Munier",2017-02-22 17:23:27,,manikganj,manikganj,2,0,bus,deadly road crash,Bangladesh,event,road accident
5121,42 JU students granted bail,2017-05-28 18:16:09,https://en.prothomalo.com/bangladesh/42-JU-students-granted-bail,jahangirnagar university campus,dhaka,2,0,,road accident,Bangladesh,event,road accident
5122,Man killed in Tangail road crash,2017-01-02 12:12:45,,eastern side of bangabandhu bridge,tangail,1,0,,,Bangladesh,event,road accident
5123,JU students vandalise VC residence after police fire rubber bullets,2017-05-28 00:01:19,https://en.prothomalo.com/bangladesh/JU-students-vandalise-VC-residence-after-police,jahangirnagar university,dhaka,2,0,,road accident,Bangladesh,event,road accident
5129,JU student handcuffing: 4 cops apologise to HC,2017-06-05 20:28:13,https://en.prothomalo.com/bangladesh/JU-student-handcuffing-4-cops-apologise-to-HC,jahangirnagar university hospital,dhaka,0,0,,,Bangladesh,event,road accident
5130,6 killed in Comilla bus plunge,2017-01-14 15:11:32,https://en.prothomalo.com/bangladesh/4-killed-in-Comilla-road-crash-2,jinglatali,comilla,6,15,,,Bangladesh,event,road accident
5139,4 killed in Bagerhat road crash,2017-01-16 16:10:48,,kakdanga area on the khulna-mawa highway,fakirhat,4,2,bus and auto rickshaw,bus hit auto rickshaw,Bangladesh,event,road accident
5140,2 picnickers die in Khulna bus plunge,2017-01-06 10:27:15,,khulna-bagerhat highway at ujir battala,khulna,2,12,bus,plunged into a roadside ditch,Bangladesh,event,road accident
5141,Bus-microbus collision kills 3 in Cox’s Bazar,2017-02-03 15:02:13,,dayalmara on chittagong-cox’s bazar highway,chokoria,3,15,bus and microbus,collision between a bus and a microbus,Bangladesh,event,road accident
5144,"Don't harass people; go to court, law minister asks strikers",2017-02-28 17:47:38,https://en.prothomalo.com/bangladesh/Don-t-harass-people-go-to-court-law-minister,southwestern region,dhaka,0,0,truck,sentencing a driver life-term in a road accident case,Bangladesh,event,road accident
5146,Bagerhat trawler capsize death toll rises to 12,2017-03-30 12:12:16,https://en.prothomalo.com/bangladesh/Bagerhat-trawler-capsize-death-toll-rises-to-12,panguchi river,morelganj,12,0,trawler,trawler capsized,Bangladesh,event,road accident
5151,Living in 'unliveable' Dhaka,2018-08-23 17:28:07,https://en.prothomalo.com/opinion/Living-the-unliveable-life,dhaka,dhaka,0,0,cars,"overcrowded streets, garbage, jostling crowds and bustling sidewalks",Bangladesh,event,road accident
5159,4 killed in Natore road crash,2016-11-25 13:33:43,https://en.prothomalo.com/bangladesh/4-killed-in-Natore-road-crash,ishwardi-lalpur road in south lalpur area,lalpur,4,3,"truck, rickshaw van",truck hitting rickshaw van,Bangladesh,event,road accident
5160,N’ganj trawler capsize death toll reaches 16,2017-04-02 23:11:17,https://en.prothomalo.com/bangladesh/N’ganj-trawler-capsize-death-toll-reaches-16,meghna river,sonargaon,16,0,trawler,trawler capsize,Bangladesh,event,road accident
5161,At least 10 drown as another Rohingya boat sinks,2017-10-16 13:25:52,https://en.prothomalo.com/bangladesh/At-least-five-drown-in-Rohingya-boat-capsize,sea,,10,0,,sinking,Bangladesh,event,road accident
5166,4 killed in B’baria road crash,2016-11-30 17:47:07,https://en.prothomalo.com/bangladesh/4-killed-in-B’baria-road-crash,dhaka-sylhet highway at soshoi in bijoynagar upazila,bijoynagar,4,1,"bus, auto-rickshaw",bus rammed an auto-rickshaw,Bangladesh,event,road accident
5167,Rana Plaza owner gets 3 yrs jail for graft,2017-08-29 21:12:12,https://en.prothomalo.com/bangladesh/Rana-Plaza-owner-gets-3-yrs-jail-for-graft,dhaka,dhaka,1130,0,garment factory complex,building collapse,Bangladesh,event,road accident
5168,Journo Zia flown to Singapore,2017-01-13 23:16:55,https://en.prothomalo.com/bangladesh/Journo-Zia-flown-to-Singapore,panthapath,dhaka,0,1,car,speeding car,Bangladesh,event,road accident
5172,6 killed in Gazipur road crash,2016-12-17 09:45:45,https://en.prothomalo.com/bangladesh/6-killed-in-Gazipur-road-crash,dhaka-tangail highway in the city,etahata area,6,6,"bus, human hauler",bus rammed a human hauler,Bangladesh,event,road accident
5173,6 killed in Gazipur road crash,2016-12-17 09:45:45,https://en.prothomalo.com/bangladesh/5-killed-in-Gazipur-road-crash,dhaka-tangail highway,etahata,6,6,"bus, human hauler",bus rammed a human hauler,Bangladesh,event,road accident
5180,Transport strike in 10 dists against driver’s punishment,2017-02-25 17:39:15,https://en.prothomalo.com/bangladesh/Transport-strike-in-10-dists-against-driver’s,khulna division,10 districts,5,0,bus,,Bangladesh,event,road accident
5182,Rajib’s hand reaches out!,2018-04-05 14:47:47,https://en.prothomalo.com/opinion/Rajib’s-hand-reaches-out,dhaka streets,dhaka,0,1,bus,,Bangladesh,event,road accident
5200,"Bangladesh needs $1.2b fix, fashion giants in rights drive",2018-04-24 19:50:39,https://en.prothomalo.com/bangladesh/Bangladesh-needs-1.2b-fix-fashion-giants-in,rana plaza,dhaka,1130,2500,factory building,poorly built factory complex collapsed,Bangladesh,event,road accident
5204,Bagerhat trawler capsize death toll reaches 14,2017-03-30 19:46:46,https://en.prothomalo.com/bangladesh/Bagerhat-trawler-capsize-death-reaches-14,panguchi river,morelganj,14,0,trawler,capsized,Bangladesh,event,road accident
5212,Road crashes kill 3 in city,2016-11-26 00:24:17,https://en.prothomalo.com/bangladesh/Road-crashes-kill-3-in-city,jatrabari and tikatoli areas,dhaka,3,0,,,Bangladesh,event,road accident
5217,Indian users not very interested in Bangladesh transit,2017-08-18 16:27:12,https://en.prothomalo.com/bangladesh/Indian-users-not-very-interested-in-Bangladesh,,,0,0,bus,,Bangladesh,event,road accident
5218,Disorderly development,2017-03-18 13:16:15,https://en.prothomalo.com/opinion/Disorderly-development,under-construction drain,dhaka,1,0,,fell into an under-construction drain,Bangladesh,event,road accident
5221,4 killed in Chakaria road crash,2016-12-16 17:41:06,https://en.prothomalo.com/bangladesh/4-killed-in-Chakaria-road-crash,chittagong-cox’s bazar highway,cox's bazar,4,10,bus and human hauler,bus crashed into a human hauler,Bangladesh,event,road accident
5222,Minister mute as death rules the roads,2017-03-27 12:56:30,,highways,,0,0,,,Bangladesh,event,road accident
5224,Death on highways,2017-02-13 14:18:47,https://en.prothomalo.com/opinion/Death-on-highways,narsingdi highway,narsingdi,12,0,,various,Bangladesh,event,road accident
5229,Indefinite transport strike begins in 10 Khulna districts,2017-02-26 21:17:31,https://en.prothomalo.com/bangladesh/Indefinite-transport-strike-in-10-districts-of,manikganj,chuadanga,5,0,bus,life term imprisonment of a bus driver in a case filed over a road accident,Bangladesh,event,road accident
5232,3 killed in Panchagarh road crash,2016-09-02 17:59:02,https://en.prothomalo.com/bangladesh/3-killed-in-Panchagarh-road-crash,panchagarh-tentulia highway in jagdal area,sadar upazila,3,3,truck and auto-rickshaw,truck hit auto-rickshaw,Bangladesh,event,road accident
5234,"Court for banning ‘Nasimon’, ‘Karimon’ on highways",2017-01-25 18:56:08,https://en.prothomalo.com/bangladesh/Court-for-banning-‘Nasimon’-‘Karimon’-on-highways,highways across the country,dhaka,0,0,"nasimon, karimon",plying on highways,Bangladesh,event,road accident
5235,"23 killed, 25 hurt in road crashes in 4 dists",2017-06-25 14:58:58,https://en.prothomalo.com/bangladesh/23-killed-25-hurt-in-road-crashes-in-4-districts,"pirganj upazila on dhaka-rangpur highway at kolabari, laksam upazila in fuluya area on comilla-chandpur road, mouchak in gazipur city, shantola on jessore-jhenidah highway","rangpur, comilla, gazipur, jessore",23,25,"truck, covered van, cng-run auto-rickshaw, human hauler, three-wheeler","driver lost control over the steering, covered van knock a cng-run auto-rickshaw, head-on collision between a truck and a human hauler, truck hits a three-wheeler",Bangladesh,event,road accident
5236,5 die as microbus plunges in ditch,2016-08-27 09:53:10,https://en.prothomalo.com/bangladesh/5-die-as-microbus-plunges-in-ditch,laksham municipality area,comilla,5,0,microbus,plunged into a roadside water body,Bangladesh,event,road accident
5237,Eid trips fraught with fear,2017-08-24 13:37:47,https://en.prothomalo.com/bangladesh/Eid-trips-fraught-with-fear,highways and roads in many districts,64 districts,0,0,"cars, trucks, buses, motorcycles","potholes, ruts, floods, vehicle breakdowns",Bangladesh,event,road accident
5243,2 killed as bus rams rickshaw at Motijheel,2016-09-07 12:03:01,https://en.prothomalo.com/bangladesh/2-killed-as-bus-rams-rickshaw-at-Motijheel,motijheel area near rajuk bahaban,dhaka,2,1,"bus, rickshaw",bus rammed rickshaw,Bangladesh,event,road accident
5244,Workers block Dhaka-Tangail highway in Gazipur,2016-10-23 11:47:31,https://en.prothomalo.com/bangladesh/Workers-block-Dhaka-Tangail-highway-in-Gazipur,konabari area,gazipur,0,1,human hauler,running over by human hauler,Bangladesh,event,road accident
5245,8 killed in Brahmanbaria road crash,2016-09-16 13:06:26,https://en.prothomalo.com/bangladesh/Housewife-found-dead-in-Sherpur-2,bijoynagar upazila,brahmanbaria,8,0,"bus, microbus",head-on collision,Bangladesh,event,road accident
5247,2 bodies recovered in Shitlakkhya River,2016-10-21 00:26:14,https://en.prothomalo.com/bangladesh/2-bodies-recovered-in-Shitlakkhya-River,shitalakkhya river at boroni,shreepur upazila,2,0,dredger,dredger sank,Bangladesh,event,road accident
5250,2 minor siblings killed in Keraniganj microbus crash,2016-09-03 15:56:11,https://en.prothomalo.com/bangladesh/Minor-boy-killed-in-Keraniganj-microbus-crash,satka area,keraniganj,1,2,microbus,speeding microbus knocked down victims,Bangladesh,event,road accident
5253,Home minister motorcade injures six,2016-11-13 17:33:15,,jessore-khulna highway,jessore,0,6,motorcade,collision with pedestrians,Bangladesh,event,road accident
5260,Madrasa student crushed under bus in city,2016-09-23 17:51:40,https://en.prothomalo.com/bangladesh/Madrasa-student-crushed-under-bus-in-city,karwan bazar,kishoreganj,1,0,bus,speeding bus rammed a pedestrian,Bangladesh,event,road accident
5261,"Stop practice of bloodshed over trifling matters, Quader asks BCL",2017-04-22 19:52:40,,chittagong,chittagong,0,0,,,Bangladesh,event,road accident
5268,2 killed in Tangail road crash,2016-09-09 11:12:09,https://en.prothomalo.com/bangladesh/2-killed-in-Tangail-road-crash-5,dhaka-tangail highway at jamurki,mirzapur,2,4,"truck, pickup",head-on collision,Bangladesh,event,road accident
5271,5 killed in Tangail road crash,2016-09-17 13:12:08,https://en.prothomalo.com/bangladesh/5-killed-in-Tangail-road-crash,mirzapur upazila,tangail,5,30,bus and truck,head-on collision,Bangladesh,event,road accident
5272,5 killed in Tangail road crash,2016-09-17 13:12:08,https://en.prothomalo.com/bangladesh/2-killed-in-Tangail-road-crash-3,mirzapur upazila,tangail,5,30,bus and truck,head-on collision,Bangladesh,event,road accident
5273,Bodies of two siblings recovered from Meghna,2016-09-17 00:23:50,https://en.prothomalo.com/bangladesh/Bodies-of-two-siblings-recovered-from-Meghna,meghna river at moulvir hat,hizla,2,0,trawler,capsize,Bangladesh,event,road accident
5278,Bus helper killed in Jessore road crash,2016-10-01 10:44:15,https://en.prothomalo.com/bangladesh/Bus-helper-killed-in-Jessore-road-crash,jessore-narial road,bagherpara,1,0,bus,,Bangladesh,event,road accident
5285,Western stores beef up safety for Bangladesh workers,2017-06-29 23:58:26,https://en.prothomalo.com/business/Western-stores-beef-up-safety-for-Bangladesh,dhaka,dhaka,1000,0,factory,factory collapse,Bangladesh,event,road accident
5290,"Sirajganj truck plunge kills driver, assistant",2016-09-06 11:18:09,https://en.prothomalo.com/bangladesh/Sirajganj-truck-plunge-kills-driver-assistant,dhaka-pabna highway in purba delua area of ullapara upazila,ullapara,2,0,truck,lost control over wheels,Bangladesh,event,road accident
5293,Jessore collision kills trucker,2016-08-17 10:07:21,https://en.prothomalo.com/bangladesh/Jessore-collision-kills-trucker,harikhali bazar on the jessore-satkhira road,jessore,1,0,"truck, bus",head-on collision,Bangladesh,event,road accident
5295,Road minister calls for lifting transport strike,2017-02-28 19:34:37,https://en.prothomalo.com/bangladesh/Road-minister-calls-for-lifting-transport-strike,savar,dhaka,1,0,,driver sentenced to death,Bangladesh,event,road accident
5297,3 crushed under reckless truck,2016-10-24 13:15:42,https://en.prothomalo.com/bangladesh/3-crushed-under-reckless-truck,lalmonirhat-burimari road,lalmonirhat,3,0,truck,crushed under the wheels of a truck,Bangladesh,event,road accident
5302,2 killed in Tangail road crash,2016-09-28 11:16:41,https://en.prothomalo.com/bangladesh/2-killed-in-Tangail-road-crash,dulla masur area,tangail,2,25,road,,Bangladesh,event,road accident
5306,Severe congestion slows down Ctg port,2017-07-18 20:10:18,https://en.prothomalo.com/bangladesh/Severe-congestion-slows-down-Ctg-port,chittagong port,chittagong,0,0,cargo vessels,inadequate infrastructure leading to congestion,Bangladesh,event,road accident
5307,4 killed in Madaripur road crash,2016-09-16 16:36:09,https://en.prothomalo.com/bangladesh/4-killed-in-Madaripur-road-crash,boro bridge area,rajair upazila,4,15,"bus, human hauler",head-on collision,Bangladesh,event,road accident
5312,Two killed in B’baria road crash,2016-08-01 10:08:26,https://en.prothomalo.com/bangladesh/Two-killed-in-B’baria-road-crash,bertala on dhaka-sylhet highway,sarail,2,4,microbus and truck,head-on collision,Bangladesh,event,road accident
5326,Minister blames reckless driving for rising road mishap,2016-09-19 18:38:10,https://en.prothomalo.com/bangladesh/Minister-blames-reckless-driving-for-rising-road,dhaka,dhaka,0,0,,reckless and unrestrained driving,Bangladesh,event,road accident
5328,4 bodies recovered in Natore boat capsize,2016-08-24 21:44:01,https://en.prothomalo.com/bangladesh/4-bodies-recovered-in-Natore-boat-capsize,padma river,natore,4,0,,boat capsized,Bangladesh,event,road accident
5329,1 killed in Magura road crash,2016-07-13 12:26:14,https://en.prothomalo.com/bangladesh/1-killed-in-Magura-road-crash,chhoyghoria,shalikha,1,4,microbus and bus,head-on collision,Bangladesh,event,road accident
5330,Bus runs over transport worker in Gaibandha,2016-10-17 10:43:46,https://en.prothomalo.com/bangladesh/Bus-runs-over-transport-worker-in-Gaibandha,"chowmatha area, gobindoganj",gaibandha,1,0,bus,driver recklessly tried to evade obstruction by workers,Bangladesh,event,road accident
5332,Cop killed in Jhenaidah road crash,2016-09-13 19:14:40,https://en.prothomalo.com/bangladesh/Cop-killed-in-Jhenaidah-road-crash,jhenaidah-kushtia road,jhenaidah,1,1,motorcycle,head-on collision,Bangladesh,event,road accident
5338,3 killed in Gazipur road crash,2016-06-22 10:20:28,https://en.prothomalo.com/bangladesh/3-killed-in-Gazipur-road-crash-5,sc bazaar area,gazipur,3,2,"pick-up van, truck",pick-up van hit a truck from behind,Bangladesh,event,road accident
5339,3 killed in Gazipur road crash,2016-06-22 10:20:28,https://en.prothomalo.com/bangladesh/3-killed-in-Gazipur-road-crash-3,sc bazaar area,gazipur,3,2,"pick-up van, truck",pick-up van hit a truck from behind,Bangladesh,event,road accident
5340,3 killed in Gazipur road crash,2016-06-22 10:20:28,https://en.prothomalo.com/bangladesh/3-killed-in-Gazipur-road-crash,sc bazaar area,gazipur,3,2,"pick-up van, truck",pick-up van hit a truck from behind,Bangladesh,event,road accident
5343,Ctg world’s cheapest place to scrap ships but it’s people who pay the price,2017-12-11 14:25:47,https://en.prothomalo.com/bangladesh/Ctg-world’s-cheapest-place-to-scrap-ships-but-it’s-2,ferdous steel corporation shipyard,chittagong,1,0,container ship,catastrophe struck,Bangladesh,event,road accident
5344,JU JCD leader killed in Savar road crash,2016-08-26 21:17:55,https://en.prothomalo.com/bangladesh/JU-JCD-leader-killed-in-Savar-road-crash,dhaka-aricha highway,savar,1,0,,,Bangladesh,event,road accident
5345,Dhk-Ctg rail link snapped for train-truck collision,2016-07-21 11:09:11,https://en.prothomalo.com/bangladesh/Dhk-Ctg-rail-link-snapped-for-train-truck,fatehpur level crossing,chittagong,0,0,"freight train, truck",truck stuck at level crossing due to mechanical failure collided with train engine,Bangladesh,event,road accident
5352,4 killed after ambulance hits crowd at DMCH gate,2016-10-16 00:04:25,https://en.prothomalo.com/bangladesh/4-killed-as-ambulance-hits-crowd-at-DMCH-gate,dhaka medical college hospital (dmch),dhaka,4,3,ambulance,ambulance ran over them,Bangladesh,event,road accident
5362,Bogra road crash death toll rises to 6,2016-10-06 11:32:32,https://en.prothomalo.com/bangladesh/Bogra-road-crash-toll-rises-to-6,mokamtala kashipur,bogra,6,25,two buses,head-on collision,Bangladesh,event,road accident
5363,"Tailback on Dhaka-Tangail highway, yet again",2016-09-20 12:16:35,https://en.prothomalo.com/bangladesh/Tailback-on-Dhaka-Tangail-highway-yet-again,dhaka-tangail highway,dhaka,0,0,multiple,gridlock due to returnees after eid vacation,Bangladesh,event,road accident
5364,5 RMG workers killed in Tangail road crash,2016-09-16 13:11:50,https://en.prothomalo.com/bangladesh/4-RMG-workers-killed-in-Tangail-road-crash,tangail-mymensingh road near pouli bridge,kalihati,5,30,bus,driver lost control over the wheels and skidded off the road,Bangladesh,event,road accident
5369,Trio's road crash avoider device,2017-01-23 16:00:42,https://en.prothomalo.com/science-technology/Trio-s-road-crash-avoider-device,,,0,0,,,Bangladesh,event,road accident
5379,3 killed in B’baria road crash,2016-06-27 14:15:15,,bertola,sarail,3,0,"truck, motorcycle",truck rammed a motorcycle,Bangladesh,event,road accident
5381,Elderly couple killed in road crash,2016-09-14 20:16:50,https://en.prothomalo.com/bangladesh/Elderly-couple-killed-in-road-crash,"shewrapara, in front of haji ashraf ali market",dhaka,2,0,car,speeding car hit pedestrians,Bangladesh,event,road accident
5391,2 drivers killed in bus-truck collision,2016-07-09 11:54:10,https://en.prothomalo.com/bangladesh/2-drivers-killed-in-bus-truck-collision-2,golra on the dhaka-aricha highway,shaturia upazila,2,20,bus and a truck,head-on collision,Bangladesh,event,road accident
5392,"3 killed in Tangail, Satkhira road crashes",2016-08-19 10:35:20,https://en.prothomalo.com/bangladesh/3-killed-in-Tangail-Satkhira-road-crashes,deuhata on the dhaka-tangail highway in mirzapur upazila,tangail,2,0,truck and pickup,truck rammed into a pickup,Bangladesh,event,road accident
5395,Road crashes kill 5 in Gazipur,2016-07-16 21:44:23,https://en.prothomalo.com/bangladesh/Road-crashes-kill-5-in-Gazipur,dhaka-mymensingh highway in gazipur’s sadar upazila,gazipur,5,5,"truck, human hauler (leguna), bus, covered van","speedy truck crashed into a human hauler from behind, bus collided with a covered van",Bangladesh,event,road accident
5397,Party fellows accuse shipping minister of backing strike,2017-03-01 20:54:19,https://en.prothomalo.com/bangladesh/Party-fellows-accuse-shipping-minister-of-backing,,,0,0,transport workers,transport workers’ nationwide strike,Bangladesh,event,road accident
5398,"Shipping minister backs strike, speaks against sentence",2017-02-28 22:46:16,https://en.prothomalo.com/bangladesh/Shipping-minister-backs-strike-speaks-against,,,0,0,,,Bangladesh,event,road accident
5401,4 killed in Manikganj road crash,2016-07-15 17:44:47,https://en.prothomalo.com/bangladesh/4-killed-in-Manikganj-road-crash,ghior,manikganj,5,7,pickup van and passenger bus,head-on collision between a pickup van and a passenger bus,Bangladesh,event,road accident
5403,AL leader killed by accidental gunshot,2016-04-24 20:04:02,https://en.prothomalo.com/bangladesh/AL-leader-killed-by-accidental-gunshot,rajshahi medical college hospital,rajshahi,1,0,revolver,accidental discharge of firearm while cleaning,Bangladesh,event,road accident
5404,‘Missing Jamaat leader’ found dead in Jhenaidah,2016-08-12 18:51:57,https://en.prothomalo.com/bangladesh/‘Missing-Jamaat-leader’-found-dead-in-Jhenidah,jorapukur on the harinakundu-jhenaidah road in harinakundu upazila,jhenaidah,1,0,,,Bangladesh,event,road accident
5408,Gas cylinder blast kills two in Savar,2016-04-14 20:59:03,https://en.prothomalo.com/bangladesh/Gas-cylinder-blast-kills-one-in-Savar,delta filling station,savar,2,4,private car,faulty gas cylinder blast,Bangladesh,event,road accident
5413,"BNP leader Mahbub, wife injured in road crash",2016-06-25 20:38:22,https://en.prothomalo.com/bangladesh/BNP-leader-Mahbub-wife-injured-in-road-crash,dinajpur,dinajpur,0,2,,,Bangladesh,event,road accident
5414,Three including SI killed in N’ganj road crash,2016-06-15 22:17:48,https://en.prothomalo.com/bangladesh/Three-including-SI-killed-in-N’ganj-road-crash,kanchpur,narayanganj,3,10,,,Bangladesh,event,road accident
5423,"Woman, daughter among 4 killed in Manikganj",2016-07-15 14:42:07,https://en.prothomalo.com/bangladesh/Woman-daughter-among-4-killed-on-Aricha-road,dhaka-aricha highway at tara in ghior upazila,ghior,4,3,bus and pick-up van,bus rammed a pick-up van,Bangladesh,event,road accident
5424,Narsingdi road crash kills 2,2016-06-02 19:38:33,https://en.prothomalo.com/bangladesh/Narsingdi-road-crash-kills-2-4,dhaka-sylhet highway in shibpur upazila,narayanganj,2,2,bus and microbus,head-on collision,Bangladesh,event,road accident
5425,Narsingdi road crash kills 2,2016-06-02 19:38:33,https://en.prothomalo.com/bangladesh/Narsingdi-road-crash-kills-2-2,dhaka-sylhet highway in shibpur upazila,narayanganj,2,2,bus and microbus,head-on collision,Bangladesh,event,road accident
5426,Narsingdi road crash kills 2,2016-06-02 19:38:33,https://en.prothomalo.com/bangladesh/Narsingdi-road-crash-kills-2,karar chak on the dhaka-sylhet highway,narayanganj,2,2,bus and microbus,head-on collision,Bangladesh,event,road accident
5427,Dhaka-M’singh highway faces traffic jam after road crash,2016-04-16 11:31:56,https://en.prothomalo.com/bangladesh/Dhaka-M’singh-highway-faces-traffic-jam-after-road,signboard,mymensingh,0,0,truck,head on collision,Bangladesh,event,road accident
5428,Bodies of 2 Kishoreganj boat capsize victims recovered,2016-05-14 20:18:24,https://en.prothomalo.com/bangladesh/Bodies-of-2-Kishoreganj-boat-capsize-victims,katiarkanda area of itna upazila,itna,2,0,,boat capsize,Bangladesh,event,road accident
5434,Two killed in Gazipur road crash,2016-05-30 11:01:33,https://en.prothomalo.com/bangladesh/Two-killed-in-Gazipur-road-crash-2,chandra-nabinagar highway in tetuibari area,gazipur,2,5,"truck, bus",truck hit a bus,Bangladesh,event,road accident
5437,3 killed Bogra road crash,2016-06-04 21:45:54,https://en.prothomalo.com/bangladesh/3-killed-Bogra-road-crash,dhaka-bogra highway at mokamtola,bogra,3,2,auto-rickshaw and bus,bus hit the auto-rickshaw,Bangladesh,event,road accident
5438,Truck-pickup collision hurts 28 cops,2016-04-29 15:57:45,https://en.prothomalo.com/bangladesh/Truck-pickup-collision-hurts-28-cops,'6th mile' area of babuganj upazila,barisal,0,28,"pickup van, truck",head-on collision between pickup van and truck,Bangladesh,event,road accident
5441,"About 1,800-km highway to be upgraded: Quader",2016-06-18 14:22:21,https://en.prothomalo.com/business/About-1-800-km-highway-to-be-upgraded-Quader,,,0,0,,,Bangladesh,event,road accident
5444,5 killed in Cox’s Bazar road crash,2016-05-03 15:35:49,,cox’s bazar-chittagong highway,cox’s bazar,5,15,bus and pickup van,head-on collision,Bangladesh,event,road accident
5447,No unfit vessels on rivers during Eid: shipping minister,2016-06-28 17:45:32,https://en.prothomalo.com/bangladesh/No-unfit-vessels-on-rivers-during-Eid-shipping,river routes,secretariat,0,0,"river vessels, launch","unfit river vessels, excess passengers",Bangladesh,event,road accident
5455,Bogra crash death toll reaches 10,2016-06-03 12:19:54,https://en.prothomalo.com/bangladesh/8-killed-in-Bogra-road-crash,dhaka-bogra highway in sherpur upazila of bogra,bogra,10,20,"truck, bus",collision,Bangladesh,event,road accident
5457,9 killed in Rangpur road crash,2016-04-20 12:43:56,https://en.prothomalo.com/bangladesh/9-killed-in-Rangpur-road-crash,"tero mile, on the rangpur-syedpur highway",rangpur,9,40,two buses,head on collision,Bangladesh,event,road accident