id,title,date,article_url,place_of_accident,district,number_of_deaths,number_of_injured,vehicle_type,cause_of_accident,country,report_type,type_of_accident
5465,"Spending 25 yrs in jail without trial, Babul is free but...",2017-02-16 17:22:29,https://en.prothomalo.com/youth/Spending-25-yrs-in-jail-without-trial-Babul-is-2,dhaka-chittagong highway,brahmanbaria,0,0,bus,robbery on bus,Bangladesh,event,road accident
5466,"HSTU student killed in road crash, vehicles vandalised",2016-06-16 21:22:26,https://en.prothomalo.com/bangladesh/HSTU-student-killed-in-road-crash-vehicles,hajee mohammad danesh science and technology university (hstu) campus,dinajpur,1,0,multiple vehicles,unknown road accident,Bangladesh,event,road accident
5468,48-hr transport strike in Khulna division from Sunday,2016-05-14 18:02:46,https://en.prothomalo.com/bangladesh/48-hr-transport-strike-in-Khulna-division-from,khulna division,chuadanga,0,0,bus,strike related demands,Bangladesh,event,road accident
5473,Newly elected UP member killed in C’nawabganj road crash,2016-04-25 13:09:50,https://en.prothomalo.com/bangladesh/Newly-elected-UP-member-killed-in-C’nawabganj-road,rohonpur dhulauri area,gomostopur,1,0,"bicycle, truck",truck hit bicycle,Bangladesh,event,road accident
5481,2 killed in Gazipur road crash,2016-05-13 14:36:10,https://en.prothomalo.com/bangladesh/2-killed-in-Gazipur-road-crash-5,bhogra bypass area,gazipur,2,0,"bus, motorcycle",bus rammed a motorcycle,Bangladesh,event,road accident
5482,2 killed in Gazipur road crash,2016-05-13 14:36:10,https://en.prothomalo.com/bangladesh/2-killed-in-Gazipur-road-crash-4,bhogra bypass area,gazipur,2,0,"bus, motorcycle",bus rammed a motorcycle,Bangladesh,event,road accident
5483,2 killed in Gazipur road crash,2016-05-13 14:36:10,https://en.prothomalo.com/bangladesh/2-killed-in-Gazipur-road-crash-3,bhogra bypass area,gazipur,2,0,"bus, motorcycle",bus rammed a motorcycle,Bangladesh,event,road accident
5484,2 killed in Gazipur road crash,2016-05-13 14:36:10,https://en.prothomalo.com/bangladesh/2-killed-in-Gazipur-road-crash,bhogra bypass area,gazipur,2,0,"bus, motorcycle",bus rammed a motorcycle,Bangladesh,event,road accident
5492,Quader urges VIPs not to travel on wrong side,2016-06-30 22:13:56,https://en.prothomalo.com/bangladesh/Quader-urges-VIPs-not-to-travel-on-wrong-side,highways,,0,0,,traveling on the wrong side of the highways,Bangladesh,event,road accident
5493,Jubo Dal leader killed in Ctg road crash,2016-04-29 23:53:03,https://en.prothomalo.com/bangladesh/Jubo-Dal-leader-killed-in-Ctg-road-crash,sitakunda upazila headquarters,chittagong,1,4,"motorcycle, covered van, private car","covered van hit motorcycle, covered van hit private car",Bangladesh,event,road accident
5495,Death of three motorbike riders,2016-06-29 13:33:16,https://en.prothomalo.com/opinion/Death-of-three-motorbike-riders,sarail highway,brahmanbaria,3,0,"motorbike, truck","police allegedly threw a stick at a motorbike, causing it to skid and be hit by a truck.",Bangladesh,event,road accident
5499,2 killed in road crash,2016-04-16 15:55:49,https://en.prothomalo.com/bangladesh/2-killed-in-road-crash-11,savar,dhaka,2,10,,,Bangladesh,event,road accident
5502,2 killed in road crash,2016-04-16 15:55:49,https://en.prothomalo.com/bangladesh/2-killed-in-road-crash-7,savar,dhaka,2,10,,,Bangladesh,event,road accident
5503,2 killed in road crash,2016-04-16 15:55:49,https://en.prothomalo.com/bangladesh/2-killed-in-road-crash-4,savar,dhaka,2,10,,,Bangladesh,event,road accident
5510,7-hr petrol pump strike underway,2016-08-28 11:50:34,https://en.prothomalo.com/bangladesh/7-hr-petrol-pump-strike-underway,,,0,0,tank-lorry,strike,Bangladesh,event,road accident
5511,"Petrol pump, tank-lorry owners call 7-hr strike for Sunday",2016-08-27 15:55:11,https://en.prothomalo.com/bangladesh/Petrol-pump-tank-lorry-owners-call-7-hr-strike-2,,,0,0,tank-lorry,,Bangladesh,event,road accident
5512,4 killed in Bogra bus-truck collision,2016-05-07 10:24:04,https://en.prothomalo.com/bangladesh/4-killed-in-Bogra-bus-truck-collision-2,"ghoga bridge, sherpur upazila",bogra,4,15,bus and truck,head-on collision,Bangladesh,event,road accident
5513,"Driver, helper killed in Habiganj road crash",2016-03-25 10:57:33,https://en.prothomalo.com/bangladesh/Driver-helper-killed-in-Habiganj-road-crash,karanji bridge area,habiganj,2,10,two buses,head-on collision,Bangladesh,event,road accident
5515,"Explain wrong side driving, HC asks govt",2016-05-04 17:15:59,https://en.prothomalo.com/bangladesh/Explain-wrong-side-driving-HC-asks-govt,capital,dhaka,0,0,vehicles,driving on the wrong side of the road,Bangladesh,event,road accident
5518,"Road crashes kill four in Lalmonirhat, Khulna",2016-06-14 21:11:15,https://en.prothomalo.com/bangladesh/Road-crashes-kill-four-in-Lalmonirhat-and-Khulna,"barakhata level crossing, hatibandha upazila",lalmonirhat,2,5,truck,head-on collision,Bangladesh,event,road accident
5519,3 killed in Nilphamari motorcycle collision,2016-04-11 22:07:29,https://en.prothomalo.com/bangladesh/3-killed-in-Nilphamari-motorcycle-collision,chakirbazar,kishoreganj,3,0,motorcycle,head-on collision between two motorcycles,Bangladesh,event,road accident
5527,'Alumni' to develop social protection scheme,2016-08-18 18:23:28,,,,0,0,,workplace injuries,Bangladesh,event,road accident
5532,2 killed in Dinajpur road crash,2016-03-10 12:06:55,,bhanga madrasah,bochaganj,2,0,truck and rickshaw van,head-on collision,Bangladesh,event,road accident
5534,Man hit by auto-rickshaw near PMO diues,2016-02-28 12:56:30,https://en.prothomalo.com/bangladesh/Man-hit-by-auto-rickshaw-near-PMO-diues,tejgaon area,dhaka,1,0,cng-run auto-rickshaw,hit by a speeding cng-run auto-rickshaw while crossing the road,Bangladesh,event,road accident
5539,"ASI killed, 3 injured in road crash",2016-03-12 17:36:43,https://en.prothomalo.com/bangladesh/ASI-killed-3-injured-in-road-crash,puspwadham of bagherbazar,gazipur,1,3,"truck, police microbus",sand-laden truck hit a police microbus,Bangladesh,event,road accident
5543,2 officials found responsible in Ctg blast,2016-08-31 20:27:38,https://en.prothomalo.com/bangladesh/2-officials-found-responsible-in-Ctg-gas-tank,anwara upazila,chittagong,0,50,industrial equipment (ammonia tank),ammonia tank explosion,Bangladesh,event,road accident
5548,ACC approves chargesheet against Sohel Rana in graft case,2016-08-01 19:50:48,https://en.prothomalo.com/bangladesh/ACC-approves-chargesheet-against-Sohel-Rana-in,ramna police station,dhaka,0,0,,"graft case, accumulating wealth illegally",Bangladesh,event,road accident
5553,3 of a family die as bus hits car at Khilkhet,2016-03-20 20:26:34,https://en.prothomalo.com/bangladesh/3-of-a-family-die-as-bus-hits-car-at-Khilkhet,airport road at khilkhet,dhaka,3,1,bus and private car,bus crashed into the car from behind,Bangladesh,event,road accident
5555,Reckless bus kills schoolteacher,2016-03-02 13:03:57,,kamalapur,dhaka,1,0,bus,rashly-driven,Bangladesh,event,road accident
5556,"Mother, son killed in Rajshahi car-truck collision",2016-03-10 00:04:36,,muraripur area,paba,2,1,private car and a truck,head-on collision,Bangladesh,event,road accident
5557,Leguna driver dies after train collision,2015-12-20 11:14:46,,mahakhali level crossing,dhaka,1,0,human hauler (leguna),train collision,Bangladesh,event,road accident
5560,Bus overturns killing 3 at Chauddagram,2016-02-28 10:34:13,https://en.prothomalo.com/bangladesh/Bus-overturns-killing-3-at-Chauddagram,dhaka-chittagong highway in chauddagram upazila headquarters,chauddagram,3,8,bus,bus overturned after hitting a road divider,Bangladesh,event,road accident
5566,Two killed on Chauddagram highway,2016-03-06 11:42:35,https://en.prothomalo.com/bangladesh/Two-killed-on-Chauddagram-highway,"sujatpur, chauddagram upazila",comilla,2,0,pickup van,speeding vehicle hit pedestrians,Bangladesh,event,road accident
5568,Schoolgirl crushed under bus,2016-02-06 21:21:11,https://en.prothomalo.com/bangladesh/Schoolgirl-crushed-under-bus,gopal village,sylhet,1,0,bus,speeding bus,Bangladesh,event,road accident
5573,"2 killed in separate road crashes in Nilphamari, Chandpur",2016-03-18 20:56:14,https://en.prothomalo.com/bangladesh/2-killed-in-separate-road-crashes-in-Nilphamari,kachharipara village of sadar upazila,nilphamari,1,0,"van, fire service vehicle",hit by fire service vehicle,Bangladesh,event,road accident
5587,Cop among 2 killed in Comilla road crash,2016-02-08 15:45:44,https://en.prothomalo.com/bangladesh/Cop-among-2-killed-in-Comilla-road-crash,eliotganj area of daudkandi upazila,comilla,2,3,"covered van, pick-up van, lorry","chittagong-bound covered van hit a stationary pick-up van, then a lorry hit both vehicles",Bangladesh,event,road accident
5590,4 die on Bangabandhu Bridge,2016-01-09 12:20:14,https://en.prothomalo.com/bangladesh/4-die-on-Bangabandhu-Bridge,bangabandhu bridge,,4,20,"bus, truck",collision due to dense fog,Bangladesh,event,road accident
5591,Truck ploughs thru’ house killing 3,2016-01-26 12:26:08,https://en.prothomalo.com/bangladesh/Truck-ploughs-thru’-house-killing-3,dwariapur municipality area,shahjadpur,3,0,truck,truck ploughed through a house,Bangladesh,event,road accident
5593,2 die as microbus hits CNG 3-wheeler,2016-01-17 11:39:21,https://en.prothomalo.com/bangladesh/2-die-as-microbus-hits-CNG-3-wheeler,banglabazar area of begumganj upazila,begumganj,2,3,"microbus, cng-run auto-rickshaw",microbus hit the auto-rickshaw while overtaking,Bangladesh,event,road accident
5599,Man killed in city road crash,2016-02-12 19:32:13,https://en.prothomalo.com/bangladesh/Man-killed-in-city-road-accident,shanir akhra,jatrabari,1,1,microbus,driver lost control over the steering,Bangladesh,event,road accident
5600,Man killed in city road crash,2016-02-12 19:32:13,https://en.prothomalo.com/bangladesh/Man-killed-in-city-road-crash-7,shanir akhra,jatrabari,1,1,microbus,driver lost control,Bangladesh,event,road accident
5601,Man killed in city road crash,2016-02-12 19:32:13,https://en.prothomalo.com/bangladesh/Man-killed-in-city-road-crash-9,"shanir akhra, jatrabari",dhaka,1,1,microbus,driver lost control over steering,Bangladesh,event,road accident
5602,Man killed in city road crash,2016-02-12 19:32:13,https://en.prothomalo.com/bangladesh/Man-killed-in-city-road-crash-5,shanir akhra,jatrabari,1,1,microbus,driver lost control of the steering,Bangladesh,event,road accident
5603,Man killed in city road crash,2016-02-12 19:32:13,https://en.prothomalo.com/bangladesh/Man-killed-in-city-road-crash-3,shanir akhra,jatrabari,1,1,microbus,driver lost control over the steering,Bangladesh,event,road accident
5604,Man killed in city road crash,2016-02-12 19:32:13,https://en.prothomalo.com/bangladesh/Man-killed-in-city-road-crash,shanir akhra,jatrabari,1,1,microbus,driver lost control over steering,Bangladesh,event,road accident
5606,Road crashes kill 3 in Nilphamari,2016-03-07 22:24:54,https://en.prothomalo.com/bangladesh/Road-crashes-kill-3-in-Nilphamari,dimla and saidpur upazilas of nilphamari,nilphamari,3,0,"tractor, van, truck","driver lost control over steering, speeding truck hit van",Bangladesh,event,road accident
5607,Councillor candidate killed in Madaripur road crash,2015-12-27 22:46:56,https://en.prothomalo.com/bangladesh/Councillor-candidate-killed-in-Madaripur-road,bhorghata-kalkini road,kalkini,1,0,motorcycle,speeding motorcycle hit the deceased while crossing the road,Bangladesh,event,road accident
5609,Transport strike in 21 dists called off,2016-05-17 00:11:30,https://en.prothomalo.com/bangladesh/Transport-strike-in-21-southwestern-dists-called,,21 southwestern districts under khulna and barisal divisions and greater faridpur,0,0,,transport strike,Bangladesh,event,road accident
5620,College students block highway in Comilla,2016-02-15 00:31:55,https://en.prothomalo.com/bangladesh/College-students-block-highway-in-Comilla,dhaka-chittagong highway,daudkandi,1,0,,road accident involving a student,Bangladesh,event,road accident
5629,Schoolgirl killed in road crash,2016-01-16 15:43:06,https://en.prothomalo.com/bangladesh/Schoolgirl-killed-in-road-crash-2,shahbag area,dhaka,1,0,bus,vehicle ran over victim,Bangladesh,event,road accident
5630,Schoolgirl killed in road crash,2016-01-16 15:43:06,https://en.prothomalo.com/bangladesh/Schoolgirl-killed-in-road-crash,shahbag area,dhaka,1,0,bus,vehicle ran over student,Bangladesh,event,road accident
5633,Four Jubo League men killed in Meherpur road crash,2016-03-17 22:54:56,https://en.prothomalo.com/bangladesh/Four-Jubo-League-men-killed-in-Meherpur-road-crash,chak shyamnagar,meherpur,5,12,"bus, human-hauler",picnic bus crashed into a human-hauler,Bangladesh,event,road accident
5639,Govt plans 42km Airport-EPZ flyover,2016-02-23 14:11:56,https://en.prothomalo.com/bangladesh/Govt-plans-42km-Airport-EPZ-flyover,ashulia area,savar,0,0,,,Bangladesh,event,road accident
5645,3 killed in Comilla road crash,2015-11-24 11:11:00,https://en.prothomalo.com/bangladesh/3-killed-in-Comilla-road-crash-5,laksam upazila headquarters,cumilla,3,3,truck and auto-rickshaw,head-on collision,Bangladesh,event,road accident
5648,3 killed in Comilla road crash,2015-11-24 11:11:00,https://en.prothomalo.com/bangladesh/3-killed-in-Comilla-road-crash,laksam upazila headquarters,comilla,3,3,truck and auto-rickshaw,head-on collision,Bangladesh,event,road accident
5653,Two crushed under SUST teacher’s car,2016-01-23 20:17:58,https://en.prothomalo.com/bangladesh/2-people-crushed-under-SUST-teacher’s-car,near main gate area of the university campus,jalalabad,2,1,private car,car hit them,Bangladesh,event,road accident
5662,SUST teacher sued over road crash,2016-01-25 15:47:06,https://en.prothomalo.com/bangladesh/SUST-teacher-sued-over-road-crash,shahjalal university of science technology (sust) campus,jalalabad,2,0,car,vehicle collision (car knocked down pedestrians),Bangladesh,event,road accident
5663,SUST teacher sued over road crash killing 2 on campus,2016-01-25 13:59:14,https://en.prothomalo.com/bangladesh/SUST-teacher-sued-over-road-crash-killing-2-on,"sust campus, near the main gate",jalalabad,2,0,car,vehicle hitting pedestrians,Bangladesh,event,road accident
5668,2 university students crushed on Trishal highway,2015-12-28 21:36:33,https://en.prothomalo.com/bangladesh/2-university-students-crushed-on-Trishal-highway,dorirampur area on dhaka-mymensingh highway,mymensingh,2,0,,,Bangladesh,event,road accident
5670,Mymensingh road crash kills 6,2015-11-07 09:54:39,https://en.prothomalo.com/bangladesh/Mymensingh-road-crash-kills-6,meherabari,mymensingh,6,20,bus,plunged into a ditch,Bangladesh,event,road accident
5674,4 killed in Sylhet road crash,2015-12-27 12:13:04,https://en.prothomalo.com/bangladesh/4-killed-in-Sylhet-road-crash-3,moglabazar,south surma,4,2,truck and private car,speeding truck hit private car from behind,Bangladesh,event,road accident
5687,3 more bodies recovered in Meghna trawler capsize,2016-02-01 21:35:16,https://en.prothomalo.com/bangladesh/2-more-bodies-recovered-in-Meghna-trawler-capsize,meghna river,haimchar,7,0,trawler,capsize,Bangladesh,event,road accident
5694,SUST teacher goes into hiding,2016-01-24 18:58:35,https://en.prothomalo.com/bangladesh/SUST-teacher-goes-into-hiding-after-car-crash,near main gate of the campus,sylhet,2,0,car,crash,Bangladesh,event,road accident
5695,"PM calls for constant vigilance against militancy, terrorism",2016-09-13 15:21:27,,tampaco factory,gazipur,0,0,,safety measures not ensured,Bangladesh,event,road accident
5698,Man crushed between two buses,2015-09-06 10:50:25,https://en.prothomalo.com/international/Man-crushed-between-two-buses,jatrabari,dhaka,1,0,bus,crushed between two buses,Bangladesh,event,road accident
5704,"Satkhira road crash kills mother, daughter",2015-11-20 20:52:00,,satkhira-jessore highway in sadar upazila,sadar,2,0,bus,bus hit victims from behind,Bangladesh,event,road accident
5706,Another ASI killed in road crash,2015-11-10 15:27:33,,court academy school,rajshahi,1,0,,,Bangladesh,event,road accident
5707,ASA univ students block city street,2016-02-23 16:56:59,https://en.prothomalo.com/bangladesh/ASA-univ-students-block-city-street,mirpur road in front of asa university bangladesh,dhaka,1,0,,a student died in a road accident,Bangladesh,event,road accident
5718,Ctg road crashes kill 3,2015-10-29 18:40:23,https://en.prothomalo.com/bangladesh/Ctg-road-crashes-kill-3,dhaka-chittagong highway,,3,2,,,Bangladesh,event,road accident
5724,30 injured in Barisal road crash,2015-09-18 10:29:50,https://en.prothomalo.com/bangladesh/30-injured-in-Barisal-road-crash,rupatoli on the barisal-patuakhali highway,sadar upazila,0,30,bus,slamming against a boundary wall,Bangladesh,event,road accident
5725,Land minister’s son among 7 killed in road crashes,2016-01-09 18:09:19,https://en.prothomalo.com/bangladesh/Land-minister’s-son-among-7-killed-in-Bangabandhu,eastern side of bangabandhu bridge in bhuapur upazila,tangail,7,45,"bus, truck, police vehicle, private car, ambulance",opaque visibility caused by dense fog,Bangladesh,event,road accident
5727,2 killed as bus hits human hauler,2015-10-22 11:06:01,https://en.prothomalo.com/bangladesh/2-killed-as-bus-hits-human-hauler,rajshahi-chapainawabganj highway,faridpur,2,0,"bus, human hauler",collision,Bangladesh,event,road accident
5728,Transport strike in Rajshahi from Sunday,2015-11-14 20:44:56,https://en.prothomalo.com/bangladesh/Indefinite-transport-strike-in-Rajshahi-from,rajshahi district,rajshahi,0,0,unauthorised vehicles,movement of unauthorised vehicles on roads and highways,Bangladesh,event,road accident
5732,Cattle-loaded trawler capsizes in Padma,2015-09-23 20:44:27,https://en.prothomalo.com/bangladesh/Cattle-loaded-trawler-capsizes-in-Padma,padma river near shimulia ghat of lauhajang upazila,munshiganj,0,0,"trawler, launch",collision between trawler and launch,Bangladesh,event,road accident
5746,Tangail auto-rickshaw crash kills 3,2015-10-25 11:12:08,https://en.prothomalo.com/bangladesh/Tangail-auto-rickshaw-crash-kills-3,gangair on the tangail-mymensingh highway in madhupur upazila,madhupur,3,3,"auto-rickshaw, truck",speeding truck hit the auto-rickshaw,Bangladesh,event,road accident
5747,RMG workers block roads to Kamalapur,2015-12-08 13:53:52,https://en.prothomalo.com/bangladesh/RMG-workers-block-roads-to-Kamalapur,near kamalapur train station,kamalapur,1,2,passenger bus,bus hit pedestrians,Bangladesh,event,road accident
5750,BGMEA rejects TIB report terming it baseless,2016-01-15 22:16:05,https://en.prothomalo.com/business/BGMEA-rejects-TIB-report-terming-it-baseless,dhaka,dhaka,0,0,,,Bangladesh,event,road accident
5752,Comilla road crash kills 3,2015-10-14 16:07:31,https://en.prothomalo.com/bangladesh/Comilla-road-crash-kills-3,dhaka-chittagong highway at sangkarpur,sadar upazila,3,14,,,Bangladesh,event,road accident
5754,2 army men killed in Cox’s Bazar road crash,2015-10-04 21:51:52,https://en.prothomalo.com/bangladesh/2-army-men-killed-in-Cox’s-Bazar-road-crash,chakaria upazila,cox's bazar,2,0,vehicle,plunged into a ditch,Bangladesh,event,road accident
5755,Barricade in Ashulia after road crash kills RMG worker,2015-10-12 12:28:44,https://en.prothomalo.com/bangladesh/Barricade-in-Ashulia-after-road-crash-kills-RMG,"jamgara, ashulia",dhaka,1,0,"bus, human hauler",speeding bus ran over pedestrian,Bangladesh,event,road accident
5756,"2 siblings, their cousin killed in Rangpur road crash",2015-10-19 20:27:18,https://en.prothomalo.com/bangladesh/2-siblings-their-cousin-killed-in-Rangpur-road-2,darshana intersection,city,3,0,"bus, bicycle",bus crashed into bicycle,Bangladesh,event,road accident
5760,‘Owners to be penalized for road crashes’,2016-02-04 14:11:05,https://en.prothomalo.com/bangladesh/‘Owners-to-be-penalized-for-road-crashes’,,,0,0,,,Bangladesh,event,road accident
5766,Cox’s Bazar road crash kills 3,2015-10-15 21:40:52,,khutakhali dhal area on chittagong-cox’s bazar highway,cox's bazar,3,7,pickup van and microbus,collision between pickup van and microbus,Bangladesh,event,road accident
5778,Road crashes kill at least 43 during Eid vacation,2016-07-09 22:23:37,https://en.prothomalo.com/bangladesh/Road-crashes-kill-at-least-43-during-Eid-vacation,"rangpur-dinajpur highway, taraganj upazila, rangpur district",rangpur,6,0,"minibus, battery-run auto-rickshaw",minibus hit a battery-run auto-rickshaw from behind,Bangladesh,event,road accident
5784,Dhaka attack damages post-Rana Plaza progress,2016-07-05 20:24:34,https://en.prothomalo.com/business/Dhaka-attack-damages-post-Rana-Plaza-progress,dhaka’s diplomatic zone,dhaka,20,0,,attack by islamist militants,Bangladesh,event,road accident
5788,Vessel plying thru Sundarbans banned after 1:00pm,2015-12-07 21:57:49,https://en.prothomalo.com/bangladesh/Vessel-plying-thru-Sundarbans-banned-after-1-00pm,sundarbans,sundarbans east zone,0,0,heavy vessels,violation of plying hours leading to potential accidents,Bangladesh,event,road accident
5794,Chittagong road crash kills 5,2015-10-09 19:17:56,https://en.prothomalo.com/bangladesh/Chittagong-road-crash-kills-5,monsha area of patiya upazila,chittagong,5,4,bus and cng-run auto-rickshaw,collision,Bangladesh,event,road accident
5799,2 killed in road crash,2015-08-10 15:02:24,https://en.prothomalo.com/bangladesh/2-killed-in-road-crash-13,dhaka-rangpur highway in bhaperhat area,sadullapur,2,4,bus and truck,collision,Bangladesh,event,road accident
5800,2 killed in road crash,2015-08-10 15:02:24,https://en.prothomalo.com/bangladesh/2-killed-in-road-crash-10,dhaka-rangpur highway in bhaperhat area,sadullapur,2,4,bus and truck,collision,Bangladesh,event,road accident
5802,2 killed in road crash,2015-08-10 15:02:24,https://en.prothomalo.com/bangladesh/2-killed-in-road-crash-4,dhaka-rangpur highway in bhaperhat area,sadullapur,2,4,bus and truck,collision,Bangladesh,event,road accident
5806,Housewife killed in city road crash,2015-09-29 22:42:36,https://en.prothomalo.com/bangladesh/Housewife-killed-in-city-road-crash,rustampur,dhaka,1,3,"auto-rickshaw, pickup",head-on collision,Bangladesh,event,road accident
5807,Manhole or death trap?,2015-12-10 03:33:02,https://en.prothomalo.com/opinion/Manhole-or-death-trap,"shyampur, dhaka city",dhaka,1,0,not applicable,fell into an open manhole,Bangladesh,event,road accident
5808,Heavy vehicles on highways during Eid banned,2015-09-12 16:58:33,https://en.prothomalo.com/bangladesh/Heavy-vehicles-on-highways-during-Eid-banned,highways across the country,,0,0,heavy vehicles,,Bangladesh,event,road accident
5809,Motorcyclist dies in Hatirjheel crash,2015-09-26 12:56:17,https://en.prothomalo.com/bangladesh/Motorcyclist-dies-in-Hatirjheel-crash,hatirjheel area,dhaka,1,0,motorcycle,,Bangladesh,event,road accident
5820,Remove bazaar from railway tracks,2015-10-14 19:14:30,https://en.prothomalo.com/opinion/Remove-bazaar-from-railway-tracks,old dhaka,old dhaka,0,0,,,Bangladesh,event,road accident
5822,Patients forcefully held in hospital,2015-11-22 15:07:13,https://en.prothomalo.com/opinion/Patients-forcefully-held-in-hospital,savar,dhaka,0,2,"auto-rickshaw, bus","hit by auto-rickshaw, fell from bus",Bangladesh,event,road accident
5829,6 killed in Gazipur road crash,2015-05-25 20:59:41,https://en.prothomalo.com/bangladesh/6-killed-in-Gazipur-road-crash,porabari area,gazipur,6,0,truck and human hauler (police vehicle),collision,Bangladesh,event,road accident
5830,6 killed in Gazipur road crash,2015-05-25 20:59:41,https://en.prothomalo.com/bangladesh/5-killed-in-Gazipur-road-crash,porabari area,gazipur,6,0,truck and human hauler,collision,Bangladesh,event,road accident
5836,Road crashes claim 11 lives in 7 districts,2016-02-08 23:21:46,https://en.prothomalo.com/bangladesh/Road-crashes-claim-11-lives-in-7-districts,"eliotganj area, daudkandi upazila, comilla",comilla,3,3,"covered van, pickup, lorry","covered van hit a stationary pickup, then an electric pole-laden lorry hit both vehicles",Bangladesh,event,road accident
5839,Road crash kills two,2015-07-23 13:10:59,https://en.prothomalo.com/bangladesh/Road-crash-kills-two,dhaka-sylhet highway in islamabad area of sarail upazila,brahmanbaria,2,3,bus and auto-rickshaw,collision between a bus and a cng-run auto-rickshaw,Bangladesh,event,road accident
5842,4 killed in Tangail road crash,2015-07-03 13:28:28,https://en.prothomalo.com/bangladesh/4-killed-in-Tangail-road-crash,kostapara area in tangail town,tangail,4,2,"auto rickshaw, bus",hit by a bus and subsequently run over,Bangladesh,event,road accident
5849,Road crash kills two in Joypurhat,2015-06-25 14:24:25,https://en.prothomalo.com/bangladesh/Road-crash-kills-two-in-Joypurhat,pachshira-shimultali on the joypurhat-bogra highway,kalai upazila,2,25,bus and a human hauler,head-on collision,Bangladesh,event,road accident
5853,Death toll in Habiganj road crash reaches 7,2015-10-03 12:56:08,https://en.prothomalo.com/bangladesh/Death-toll-in-Habiganj-road-crash-reaches-7,jalalpur,habiganj,7,4,,,Bangladesh,event,road accident
5855,Comilla road crash kills 4,2015-07-04 23:04:05,https://en.prothomalo.com/bangladesh/Comilla-road-crash-kills-4,dhaka-chittagong highway,chouddagram,4,13,bus and a truck,collision,Bangladesh,event,road accident
5858,Rajshahi road crash kills 7,2015-08-18 22:11:40,https://en.prothomalo.com/bangladesh/Rajshahi-road-crash-kills-at-least-6,malipara tebbaria,puthia,7,0,truck and rickshaw van,truck crashed into a rickshaw van,Bangladesh,event,road accident
5866,3 motorcyclists killed in collision with truck,2015-06-06 17:50:39,https://en.prothomalo.com/bangladesh/3-motorcyclists-killed-in-collision-with-truck,kendul area,chapainawabganj,3,0,motorcycle and truck,head-on collision,Bangladesh,event,road accident
5868,3 killed in Sirajganj road crash,2015-05-24 09:28:53,https://en.prothomalo.com/bangladesh/3-killed-in-Sirajganj-road-crash-4,bangabandhu bridge west link road,sirajganj,3,2,truck,speeding truck hit another truck from behind,Bangladesh,event,road accident
5869,3 killed in Sirajganj road crash,2015-05-24 09:28:53,https://en.prothomalo.com/bangladesh/3-killed-in-Sirajganj-traffic-accident,bangabandhu bridge west link road,sirajganj,3,2,truck,speeding truck hit another truck from behind,Bangladesh,event,road accident
5870,3 killed in Sirajganj road crash,2015-05-24 09:28:53,https://en.prothomalo.com/bangladesh/3-killed-in-Sirajganj-road-crash-2,bangabandhu bridge west link road in the konabari area,sirajganj,3,2,truck,speeding truck hit another truck from behind,Bangladesh,event,road accident
5871,3 killed in Sirajganj road crash,2015-05-24 09:28:53,https://en.prothomalo.com/bangladesh/3-killed-in-Sirajganj-road-crash,bangabandhu bridge west link road,sirajganj,3,2,truck,speeding truck hit another truck from behind,Bangladesh,event,road accident
5891,7 killed in Dhamrai road crash,2015-04-18 16:40:50,https://en.prothomalo.com/bangladesh/7-killed-in-Dhamrai-road-crash,dhaka-aricha highway,dhamrai,7,0,,,Bangladesh,event,road accident
5898,Killed by a tiger statue,2015-08-23 18:06:10,https://en.prothomalo.com/opinion/Killed-by-a-tiger-statue,kawran bazar intersection,dhaka,1,0,cycle-van,toppled statue,Bangladesh,event,road accident
5910,5 killed in Sirajganj road crash,2015-07-21 08:16:12,https://en.prothomalo.com/bangladesh/5-killed-in-Sirajganj-road-crash-2,mulibari level-crossing,sadar upazila,5,1,auto-rickshaw and bus,auto-rickshaw crashed into a bus,Bangladesh,event,road accident
5919,"Mother, son killed in city road crash",2015-04-10 14:40:57,,jatrabari,dhaka,2,1,car,,Bangladesh,event,road accident
5922,Bus plunge kills 8 in Tangail,2015-07-23 21:03:42,https://en.prothomalo.com/bangladesh/Bus-plunge-kills-8-in-Tangail,patkhaguri,basail,8,20,bus,plunged into a roadside ditch,Bangladesh,event,road accident
5932,Vessel sinks with 900 tonnes of coal,2015-04-24 19:07:56,https://en.prothomalo.com/bangladesh/Vessel-sinks-with-900-tonnes-of-coal,bay of bengal near vasanchar,"sandwip upazila, chittagong",0,0,lighter vessel,hull crack due to high waves,Bangladesh,event,road accident
5937,Army officer killed in road crash,2015-05-22 19:18:59,https://en.prothomalo.com/bangladesh/Army-officer-killed-in-road-crash,gazaria upazila of munshiganj,munshiganj,1,3,car,vehicle crashed into a tree,Bangladesh,event,road accident
5939,3 killed in Sirajganj road crash,2015-04-22 11:34:08,https://en.prothomalo.com/bangladesh/3-killed-in-Sirajganj-road-crash-4,"nagarbari-hatikumrul highway, garadah area","shahjadpur upazila, sirajganj",3,1,truck and auto-rickshaw,head-on collision,Bangladesh,event,road accident
5942,3 killed in Sirajganj road crash,2015-04-22 11:34:08,https://en.prothomalo.com/bangladesh/3-killed-in-Sirajganj-road-crash,nagarbari-hatikumrul highway,shahjadpur upazila,3,1,truck and auto-rickshaw,head-on collision,Bangladesh,event,road accident
5958,Students' death triggers highway blockade in Ctg,2015-06-13 13:36:01,https://en.prothomalo.com/bangladesh/Death-of-2-students-triggers-highway-blockade-in,city gate area,chittagong,2,0,,road accident,Bangladesh,event,road accident
5960,7 killed in Comilla road crash,2015-02-24 19:59:37,,dhaka-chittagong highway,comilla,7,0,,,Bangladesh,event,road accident