id,title,date,article_url,place_of_accident,district,number_of_deaths,number_of_injured,vehicle_type,cause_of_accident,country,report_type,type_of_accident
5968,Has anything changed after 3 years?,2016-04-22 17:48:39,https://en.prothomalo.com/bangladesh/Has-anything-changed-after-3-years,rana plaza,dhaka district,1100,0,factory,building collapse,Bangladesh,event,road accident
5971,RMG factory bus torched over death roumour,2015-03-24 13:06:08,https://en.prothomalo.com/bangladesh/RMG-factory-bus-torched-over-death-roumour,zirani,gazipur,0,0,bus,rumor of a fellow's death in a road accident leading to arson,Bangladesh,event,road accident
5974,5 of a family killed in Lalmonirhat road crash,2015-04-07 18:58:34,https://en.prothomalo.com/bangladesh/5-of-a-family-killed-on-Lalmonirhat-road,rangpur-kurigram highway in lalmonirhat sadar upazila,lalmonirhat,5,5,bus and auto-rickshaw,bus rammed into an auto-rickshaw,Bangladesh,event,road accident
5980,4 killed in Bogra road crash,2015-03-07 13:58:07,https://en.prothomalo.com/bangladesh/4-killed-in-Bogra-road-crash-2,dhaka-rangpur highway in bogra sadar area,bogra sadar,4,7,"truck, car",driver lost control while trying to overtake a car,Bangladesh,event,road accident
5987,Female RMG worker killed in Gazipur crash,2015-06-02 13:32:09,https://en.prothomalo.com/bangladesh/Female-RMG-worker-killed-in-Gazipur-crash,konabari area,gazipur,1,10,bus,bus ran over a pedestrian,Bangladesh,event,road accident
5999,'They are always on my mind',2015-08-13 15:33:06,https://en.prothomalo.com/entertainment/They-are-always-on-my-mind,bangladesh,,2,1,microbus,,Bangladesh,event,road accident
6001,Bus driver sued in Faridpur road crash,2015-04-10 22:35:34,https://en.prothomalo.com/bangladesh/Bus-driver-sued-in-Faridpur-road-crash,bhanga,faridpur,25,18,bus,reckless driving,Bangladesh,event,road accident
6005,Reckless bike takes Runa’s life,2015-10-21 18:39:19,,motijheel agb colony,motijheel,1,0,motorcycle,"scarf entangled with motorcycle wheel, reckless driving, high speed",Bangladesh,event,road accident
6013,Cop killed in Ctg road crash,2015-01-26 12:20:28,https://en.prothomalo.com/bangladesh/Cop-killed-in-Ctg-road-crash,salimpur fakirhat area,chittagong,1,5,,,Bangladesh,event,road accident
6016,Narayanganj road crash kills 4,2015-02-27 16:11:19,https://en.prothomalo.com/bangladesh/Narayanganj-road-crash-kills-4,dhaka-sylhet highway,narayanganj,4,2,"truck, auto rickshaw",truck crushed an auto rickshaw,Bangladesh,event,road accident
6028,3 killed in Bogra road crash,2015-03-12 21:43:53,https://en.prothomalo.com/bangladesh/3-killed-in-Bogra-road-crash-3,dhaka-bogra highway,sherpur,3,2,,,Bangladesh,event,road accident
6029,3 killed in Bogra road crash,2015-03-12 21:43:53,https://en.prothomalo.com/bangladesh/3-killed-in-Bogra-road-crash-2,sherpur upazila,bogra,3,2,road vehicle,,Bangladesh,event,road accident
6034,3 killed as truck hits auto-rickshaw in B'baria,2015-02-28 22:28:59,https://en.prothomalo.com/bangladesh/3-killed-as-truck-hits-auto-rickshaw-in-B-baria,comilla-sylhet highway at brahmanbaria’s vadugarh,brahmanbaria,3,3,"truck, auto-rickshaw",truck crashed into a cng-run auto rickshaw,Bangladesh,event,road accident
6035,Auto-rickshaws banned on 22 highways,2015-08-07 21:30:31,https://en.prothomalo.com/bangladesh/Auto-rickshaws-ban-on-22-highways,various highways,noakhali,0,0,"three-wheelers, auto tempos, non-mechanical vehicles",to avoid accidents,Bangladesh,event,road accident
6039,Terrorist attacks continue unabated,2015-11-12 12:05:16,https://en.prothomalo.com/bangladesh/Terrorist-attacks-continue-unabated,"rangpur, faridpur, dhaka","rangpur, faridpur",2,1,,"hacked to death, stabbed",Bangladesh,event,road accident
6040,"It wasn’t a gunfight, Arzu was killed: Taposh MP",2015-08-20 17:49:16,https://en.prothomalo.com/bangladesh/It-wasn’t-a-gunfight-Arzu-was-killed-Taposh-MP,hazaribagh,dhaka,1,0,,killed by rab,Bangladesh,event,road accident
6047,6 killed in road crashes,2015-06-03 15:00:56,https://en.prothomalo.com/bangladesh/2-killed-in-B-baria-road-crash,"brahmanbaria, pabna and dhaka","brahmanbaria, pabna, dhaka",6,0,cars,,Bangladesh,event,road accident
6050,Worker's death in N'ganj sparks violence,2015-03-28 14:49:23,https://en.prothomalo.com/bangladesh/RMG-workers-death-in-N-ganj-road-crash-sparks,tipordi area of sonargaon upazila,naraynganj,1,0,bus,hit by a bus while crossing the road,Bangladesh,event,road accident
6054,"Father, daughter killed in Keraniganj road crash",2015-02-05 21:19:59,https://en.prothomalo.com/bangladesh/Father-daughter-killed-in-Keraniganj-road-crash,dhaka-mawa highway,south keraniganj,2,0,car,road accident,Bangladesh,event,road accident
6058,5 killed in Dinajpur road crash,2014-12-30 13:26:50,https://en.prothomalo.com/bangladesh/5-killed-in-Dinajpur-road-crash,mizpara prem bazar area,dinajpur,5,30,,,Bangladesh,event,road accident
6060,Death on the highways,2015-04-11 10:14:49,https://en.prothomalo.com/opinion/Death-on-the-highways-3,"dhaka-barisal highway, bhanga municipal area",faridpur,25,25,bus,serious accident,Bangladesh,event,road accident
6061,Death on the highways,2015-04-11 10:14:49,https://en.prothomalo.com/opinion/Death-on-the-highways-2,bhanga municipal area,faridpur,25,0,bus,,Bangladesh,event,road accident
6062,Death on the highways,2015-04-11 10:14:49,https://en.prothomalo.com/opinion/Death-on-the-highways,bhanga municipal area,faridpur,25,0,bus,serious accident,Bangladesh,event,road accident
6067,8 killed in Tangail road crash,2014-12-24 16:08:20,https://en.prothomalo.com/bangladesh/8-killed-in-Tangail-road-crash,tangail-mymensingh road at ashura in madhupur upazila,tangail,8,3,truck and tempo,truck hit tempo coming from opposite direction,Bangladesh,event,road accident
6070,"Bomb blasts in Lalbagh, youth loses hand",2015-01-21 18:49:18,https://en.prothomalo.com/bangladesh/Bomb-blasts-in-Lalbagh-youth-loses-hand,lalbagh,dhaka,0,1,,bomb blast,Bangladesh,event,road accident
6073,Cop among 3 killed in Sirajganj road crash,2014-12-31 13:56:54,https://en.prothomalo.com/bangladesh/Cop-among-3-killed-in-Sirajganj-road-crash,koddar intersection of bangabandhu bridge (west) connecting road,sirajganj sadar,3,3,"truck, bus, van",truck ran into a stationary bus from behind,Bangladesh,event,road accident
6080,Satkhira road crash kills woman,2014-12-05 12:44:41,https://en.prothomalo.com/bangladesh/Satkhira-road-crash-kills-woman,satkhira town,satkhira,1,0,,,Bangladesh,event,road accident
6081,"Truck driver, asst burnt to death",2015-02-03 15:51:17,https://en.prothomalo.com/bangladesh/Truck-driver-and-assistant-burnt-to-death,dhaka-barisal highway,gaurnadi,2,0,truck,petrol bomb attack,Bangladesh,event,road accident
6083,Narsingdi road crash kills 2,2014-12-19 13:21:02,https://en.prothomalo.com/bangladesh/Narsingdi-road-crash-kills-2-4,dhaka-sylhet highway in front of bscic industrial area at kararchar,shibganj,2,3,"bus, cng-run auto-rickshaw",bus rammed a cng-run auto-rickshaw,Bangladesh,event,road accident
6084,Narsingdi road crash kills 2,2014-12-19 13:21:02,https://en.prothomalo.com/bangladesh/Narsingdi-road-crash-kills-2-2,in front of bscic industrial area at kararchar,shibganj,2,3,"bus, cng-run auto-rickshaw",bus rammed a cng-run auto-rickshaw,Bangladesh,event,road accident
6085,Narsingdi road crash kills 2,2014-12-19 13:21:02,https://en.prothomalo.com/bangladesh/Narsingdi-road-crash-kills-2,kararchar in shibganj upazila,brahmanbaria,2,3,"bus, cng-run auto-rickshaw",bus rammed a cng-run auto-rickshaw,Bangladesh,event,road accident
6086,Driver held in connection with death of 3 Rajshahi College girls,2014-12-11 14:00:58,https://en.prothomalo.com/bangladesh/Driver-held-in-connection-with-death-of-3-Rajshahi,rajshahi,rajshahi,3,0,bus,,Bangladesh,event,road accident
6089,Female RMG worker killed in Ashulia road crash,2014-12-08 11:43:24,https://en.prothomalo.com/bangladesh/Female-RMG-worker-killed-in-Ashulia-road-crash,ashulia,savar,1,0,,,Bangladesh,event,road accident
6094,"Pinak-6 capsize: A year on, wound remains",2015-08-04 20:03:14,https://en.prothomalo.com/bangladesh/Pinak-6-capsize-A-year-on-wound-remains,padma river,munshiganj,49,112,launch (pinak-6),launch overloaded beyond capacity,Bangladesh,event,road accident
6097,JCD leader wounded in blast dies,2015-01-22 10:41:43,https://en.prothomalo.com/bangladesh/JCD-leader-wounded-in-blast-dies,lalbagh,dhaka,1,0,,making a bomb,Bangladesh,event,road accident
6098,Chakaria death toll rises to 4,2015-01-16 17:54:02,https://en.prothomalo.com/bangladesh/Chakaria-death-toll-rises-to-4,chittagong-cox's bazar highway,cox's bazar,4,0,"microbus, picnic bus",head-on collision,Bangladesh,event,road accident
6099,Tangail bus-truck collision kills 4,2014-10-17 09:33:23,https://en.prothomalo.com/bangladesh/Tangail-bus-truck-collision-kills-4,gharinda bypass intersection,tangail sadar,4,10,bus and a truck,head-on collision,Bangladesh,event,road accident
6107,No lack of excuses to strike,2015-05-25 08:24:49,https://en.prothomalo.com/bangladesh/Transport-strikes-at-meagre-excuses,"madhukhali, faridpur",faridpur,0,0,bus,robbery and subsequent arrests leading to strike,Bangladesh,event,road accident
6122,Madrasah teacher killed in Rajshahi bike crash,2014-11-01 10:09:55,https://en.prothomalo.com/bangladesh/Madrasah-teacher-killed-in-Rajshahi-bike-crash,shah makhdum airport area,rajshahi,1,0,"motorcycle, truck",truck hit motorcycle,Bangladesh,event,road accident
6132,Brands taking responsibility for workers,2015-04-11 13:08:18,https://en.prothomalo.com/bangladesh/Brands-taking-responsibility-for-workers,rana plaza,dhaka,1134,2500,factory building collapse,structural failure,Bangladesh,event,road accident
6134,"3 killed in road crashes in Mirsharai, Savar",2014-12-05 22:41:59,https://en.prothomalo.com/bangladesh/3-killed-in-road-crashes-in-Mirsharai-Savar,"sufia road, nayarhat area of ashulia","mirsharai, savar, dhamrai, dhaka",3,8,"covered van, cng-run auto-rickshaw, bus, three-wheeler","collision between vehicles, bus rammed three-wheeler",Bangladesh,event,road accident
6135,JUST student among 3 killed in Jessore,2014-12-12 20:08:00,https://en.prothomalo.com/bangladesh/University-student-among-3-killed-in-Jessore-road,jessore-chougachha highway at fultadanga,jessore,3,8,,,Bangladesh,event,road accident
6140,"Mother, son drown in Buriganga",2014-10-01 16:11:26,https://en.prothomalo.com/bangladesh/Mother-son-drown-in-Buriganga,river buriganga near sadarghat terminal,dhaka,2,1,"launch, boat",launch hit boat,Bangladesh,event,road accident
6142,Natore bus plunge kills 3,2014-10-03 20:48:54,https://en.prothomalo.com/bangladesh/Natore-bus-plunge-kills-3,banpara-hatikumrul highway,natore,3,28,bus,plunged into a roadside ditch,Bangladesh,event,road accident
6152,Munshiganj road crash kills 2,2014-10-26 10:35:40,https://en.prothomalo.com/bangladesh/Munshiganj-road-crash-kills-2-2,madhyam farazi kandi,munshiganj,2,25,,,Bangladesh,event,road accident
6153,Munshiganj road crash kills 2,2014-10-26 10:35:40,https://en.prothomalo.com/bangladesh/Munshiganj-road-crash-kills-2,dhaka-chittagong highway,munshiganj,2,25,road vehicle,,Bangladesh,event,road accident
6155,"1 killed, 5 injured in Mymensingh road crash",2014-09-06 18:20:42,https://en.prothomalo.com/bangladesh/1-killed-5-injured-in-Mymensingh-road-crash,mymensingh sadar,mymensingh,1,5,road vehicle,,Bangladesh,event,road accident
6157,Driver killed as truck plunges into Sirajganj ditch,2014-09-20 16:28:12,https://en.prothomalo.com/bangladesh/Driver-killed-as-truck-plunges-into-Sirajganj,solomile of raiganj upazila,sirajganj,1,4,truck,plunged into a ditch,Bangladesh,event,road accident
6163,"Man killed, 10 hurt in Mymensingh road crash",2014-08-29 17:33:40,https://en.prothomalo.com/bangladesh/Man-killed-10-hurt-in-Mymensingh-road-crash,mymensingh-kishoreganj highway at sharshi,mymensingh,1,10,bus and a truck,head-on collision,Bangladesh,event,road accident
6168,AL leader killed in Sylhet bike crash,2014-09-12 12:50:12,https://en.prothomalo.com/bangladesh/AL-leader-killed-in-Sylhet-bike-crash,nijpat bandarhati village,jaintapur uapzila,1,0,"motorcycle, truck",truck hit motorcycle,Bangladesh,event,road accident
6178,4 killed in Tangail traffic collision,2014-09-21 15:45:46,https://en.prothomalo.com/bangladesh/3-killed-in-Highway-road-crash,dhaka-tangail highway in jamurki,tangail,4,0,covered van and pickup van,head-on collision,Bangladesh,event,road accident
6181,Steel mill explosion burns 4,2014-10-26 16:13:38,,salam steel mill,shyampur,0,4,furnace,furnace exploded,Bangladesh,event,road accident
6182,Cop killed in Tangail road crash,2014-09-08 17:09:37,,kurni,mirzapur,1,7,"bus, police vehicle",bus hit a police vehicle,Bangladesh,event,road accident
6185,Zaglul Ahmed Chowdhury laid to rest,2014-12-01 23:06:15,https://en.prothomalo.com/bangladesh/Zaglul-Ahmed-Chowdhury-laid-to-rest,dhaka,dhaka,1,0,,road accident,Bangladesh,event,road accident
6193,4 killed in truck-auto rickshaw collision,2014-09-16 11:54:15,https://en.prothomalo.com/bangladesh/4-killed-in-truck-auto-rickshaw-collision,kanchan jinda park area,narayanganj,4,2,"truck, auto rickshaw",head on collision,Bangladesh,event,road accident
6197,2 killed in Narsingdi road crash,2014-09-06 22:34:46,https://en.prothomalo.com/bangladesh/accident/2-killed-in-narsingdi-road-crash,dhaka-sylhet highway,shibpur,2,3,road vehicle,,Bangladesh,event,road accident
6198,2 killed in Narsingdi road crash,2014-09-06 22:34:46,https://en.prothomalo.com/bangladesh/2-killed-in-Narsingdi-road-crash,dhaka-sylhet highway,shibpur upazila,2,3,,,Bangladesh,event,road accident
6200,"Driver killed, 5 injured in road crash",2014-08-14 13:37:54,https://en.prothomalo.com/bangladesh/Driver-killed-5-injured-in-road-crash,jessore-chaugachha road,chuadanga,1,5,bus,,Bangladesh,event,road accident
6201,"Twin boys, mother die as bus falls in ditch",2014-10-05 12:41:02,https://en.prothomalo.com/bangladesh/Twin-boys-mother-die-as-bus-falls-in-ditch,"comilla-sylhet highway, brahmanbaria sadar upazila",brahmanbaria,3,0,microbus,plunged into water,Bangladesh,event,road accident
6202,Traffic constable killed in Dhaka,2014-08-21 22:02:03,https://en.prothomalo.com/bangladesh/Traffic-constable-killed-in-Dhaka,bananiof dhaka,dhaka,1,0,,traffic accident,Bangladesh,event,road accident
6203,Traffic resumes on Dhaka-Tangail Highway,2014-07-11 11:30:35,https://en.prothomalo.com/bangladesh/Traffic-resumes-on-Dhaka-Tangail-Highway,dhaka-tangail highway at delduar upazila,tangail,0,0,coal-truck,truck turned turtle,Bangladesh,event,road accident
6204,Clinker-laden cargo vessel sinks at Mongla,2014-09-12 23:00:00,https://en.prothomalo.com/bangladesh/Clinker-laden-cargo-vessel-sinks-at-Mongla,pashur channel,mongla,0,0,cargo vessel,capsized,Bangladesh,event,road accident
6206,Truck runs over 2 siblings,2014-09-28 10:29:06,https://en.prothomalo.com/bangladesh/Truck-runs-over-2-siblings,satkhira town,satkhira,2,1,truck,ran over siblings,Bangladesh,event,road accident
6212,7 bodies recovered after Padma boat capsize,2014-07-31 11:11:30,https://en.prothomalo.com/bangladesh/7-bodies-recovered-after-Padma-boat-capsize,river padma,kushtia,7,0,,capsize,Bangladesh,event,road accident
6224,Kandari stops spraying chemical,2014-12-12 22:46:12,https://en.prothomalo.com/bangladesh/Kandari-stops-spraying-chemical,shyla river and its adjacent areas in sundarbans,sundarbans,0,0,tugboat,stopped applying its chemical process on the oily water,Bangladesh,event,road accident
6235,3 killed in Comilla road crash,2014-07-27 18:33:43,https://en.prothomalo.com/bangladesh/3-killed-in-Comilla-road-crash,nuritala on the dhaka-chittagong highway,comilla,3,2,bus and pick-up van,bus rammed a pick-up van,Bangladesh,event,road accident
6236,Clinker-laden coaster sinks in Meghna River,2014-08-26 11:31:14,https://en.prothomalo.com/bangladesh/Clinker-laden-coaster-sinks-in-Meghna-River,meghna river near old market area,chandpur,0,0,"coaster, oil-laden tanker",collision between coaster and oil-laden tanker,Bangladesh,event,road accident
6237,2 traders killed in Magura road crash,2014-07-26 17:47:34,https://en.prothomalo.com/bangladesh/2-traders-killed-in-Magura-road-crash,kasundi on the dhaka-khulna highway,magura sadar,2,7,truck and pick-up,truck rammed into a pick-up,Bangladesh,event,road accident
6238,6 killed in Nilphamari road crash,2014-06-21 14:51:53,https://en.prothomalo.com/bangladesh/6-killed-in-Nilphamari-road-crash,kishoreganj-taraganj highway at dharerbazar,nilphamari,6,10,"bus, ambulance",bus smashed an ambulance,Bangladesh,event,road accident
6240,5 killed in Habiganj road crash,2014-09-06 12:31:02,https://en.prothomalo.com/bangladesh/5-killed-in-Habiganj-road-crash,habiganj,habiganj,5,16,,,Bangladesh,event,road accident
6241,4 killed in a Tangail road crash,2014-06-28 10:19:02,,dhaka-tangail highway at jokarchar,tangail,4,0,"truck, pick-up van",truck rammed into a pick-up van,Bangladesh,event,road accident
6242,Sundarbans in grave danger,2014-12-11 10:06:13,https://en.prothomalo.com/opinion/Sundarbans-in-grave-danger,river shela of the sundarbans,sundarbans,0,0,tanker,capsized,Bangladesh,event,road accident
6243,3 killed in M’singh as 2 trucks collide,2014-07-04 13:09:09,https://en.prothomalo.com/bangladesh/3-killed-in-M’singh-as-2-trucks-collide,meherabari,bhaluka,3,1,truck,head-on collision,Bangladesh,event,road accident
6245,Limon maiming accidental: Asaduzzaman,2014-10-22 20:03:35,https://en.prothomalo.com/bangladesh/Limon-maiming-accidental-Asaduzzaman,jhalakati,jhalakati,0,1,,shot and maimed by rapid action battalion members,Bangladesh,event,road accident
6246,2 killed in Mymensingh road crash,2014-07-25 13:21:47,https://en.prothomalo.com/bangladesh/accident/xmi9mzllmi,netrakona-mymensingh highway at kashiganj,mymensingh,2,10,bus and private car,bus rammed into a private car,Bangladesh,event,road accident
6247,2 killed in Mymensingh road crash,2014-07-25 13:21:47,https://en.prothomalo.com/bangladesh/2-killed-in-Mymensingh-road-crash-3,netrakona-mymensingh highway at kashiganj,mymensingh,2,10,"bus, private car",bus rammed into a private car,Bangladesh,event,road accident
6248,2 killed in Mymensingh road crash,2014-07-25 13:21:47,https://en.prothomalo.com/bangladesh/2-killed-in-Mymensingh-road-crash,netrakona-mymensingh highway at kashiganj under tarakanda upazila of mymensingh,mymensingh,2,10,bus and private car,bus rammed into a private car,Bangladesh,event,road accident
6249,4 killed in M’singh road crash,2014-08-15 11:58:27,https://en.prothomalo.com/bangladesh/3-killed-in-M’singh-road-crash,dhaka-mymensingh highway at beltoli,sadar upazila,4,2,bus and auto-rickshaw,head-on collision,Bangladesh,event,road accident
6250,"MP hurt, domestic help killed in road crash",2014-07-23 18:19:26,https://en.prothomalo.com/bangladesh/MP-hurt-domestic-help-killed-in-road-crash,kadda,sirajganj,1,3,,,Bangladesh,event,road accident
6252,2 SUST students among 3 hurt in road crash,2014-07-12 18:16:21,https://en.prothomalo.com/bangladesh/2-SUST-students-among-3-hurt-in-road-crash,akhalia,chittagong,0,3,"microbus, auto-rickshaw",microbus rammed into auto-rickshaw,Bangladesh,event,road accident
6262,Man killed in Panchagarh road crash,2014-06-20 10:57:54,https://en.prothomalo.com/bangladesh/Man-killed-in-Panchagarh-road-crash,dhaka-panchagarh highway,panchagarh district town,1,0,traffic,,Bangladesh,event,road accident
6263,"Ferry sinks with 5 trucks, 2 pickups",2014-06-19 10:44:41,https://en.prothomalo.com/bangladesh/Ferry-sinks-with-5-trucks-2-pickups,madhumati river near kalna ferry ghat,kashiani,0,0,"ferry, trucks, pickup-vans",capsized,Bangladesh,event,road accident
6266,2 killed in Feni road crash,2014-07-08 13:12:12,https://en.prothomalo.com/bangladesh/2-killed-in-Feni-road-crash,feni-noakhali highway,daganbhuiyan,2,0,microbus and cng-run auto-rickshaw,head-on collision,Bangladesh,event,road accident
6267,8 killed as two buses collide in Narsingdi,2014-08-06 22:07:18,https://en.prothomalo.com/bangladesh/8-killed-as-two-buses-collide-in-Narsingdi,dhaka-sylhet highway at amtala of shibpur,narsingdi,8,60,buses,collision,Bangladesh,event,road accident
6268,Cultural affairs secretary injured in road crash,2014-06-20 18:12:58,https://en.prothomalo.com/bangladesh/Cultural-affairs-secretary-injured-in-road-crash,boraigram upazila,natore,0,3,,road accident,Bangladesh,event,road accident
6272,5 die as boat capsizes in Mymensingh,2014-07-24 17:55:39,,borobilar beel,fulbaria,5,0,,overloaded boat sank,Bangladesh,event,road accident
6279,No reason for shipping minister to quit: Obaidul,2014-08-07 20:47:29,https://en.prothomalo.com/bangladesh/No-reason-for-shipping-minister-to-quit-Obaidul,,,0,0,,,Bangladesh,event,road accident
6281,"Hit by washing machine, apparel worker dies",2014-06-19 20:05:57,https://en.prothomalo.com/bangladesh/Hit-by-washing-machine-apparel-worker-dies,konabari,gazipur,1,0,washing machine,struck by a washing machine,Bangladesh,event,road accident
6287,"Ferry capsizes in Padma, 2 bodies recovered",2014-08-04 15:05:05,https://en.prothomalo.com/bangladesh/Ferry-capsizes-in-Padma-2-bodies-recovered,mawa ferry terminal,mawa,0,0,,capsized,Bangladesh,event,road accident
6288,24-hr bus strike on Dhaka-Barisal-Madaripur routes underway,2014-07-21 13:12:39,https://en.prothomalo.com/bangladesh/24-hr-bus-strike-on-Dhaka-Barisal-Madaripur-routes,dhaka-barisal and dhaka-madaripur highways,dhaka,0,0,bus,demand for compensation cut,Bangladesh,event,road accident
6290,Quader blames jaywalkers for traffic jams,2014-08-12 22:28:26,https://en.prothomalo.com/bangladesh/Quader-blames-jaywalkers-for-traffic-jams,dhaka,dhaka,0,0,"various (cars, potentially others implied by 'traffic jams')","jaywalking, reckless driving, misuse of vehicle stickers",Bangladesh,event,road accident
6294,10 killed as bus hits crowd in Barisal,2014-07-11 22:59:19,https://en.prothomalo.com/bangladesh/10-killed-as-bus-hits-crowd-in-Barisal,barisal-dhaka highway at wazirpur upazila,barisal,10,30,passenger bus,ploughed through a crowd at a makeshift market,Bangladesh,event,road accident
6295,3 killed in Tangail road crash,2014-05-20 18:59:07,https://en.prothomalo.com/bangladesh/3-killed-in-Tangail-road-crash-2,dhaka-tangail highway at postokamari,tangail,3,3,truck and pick-up van,truck rammed into a pick-up van,Bangladesh,event,road accident
6299,"Ban on battery-run rickshaws, vans demanded",2014-05-06 19:32:50,https://en.prothomalo.com/bangladesh/Ban-on-battery-run-rickshaws-vans-demanded,,,0,0,battery-run rickshaw-van,illegal plying,Bangladesh,event,road accident
6302,Pistol found in mangled car belonged to Nur Hossain,2014-08-02 22:40:15,https://en.prothomalo.com/bangladesh/Pistol-found-in-mangled-car-belonged-to-Nur,malibagh bazar level crossing,dhaka,0,0,"car, train",car rammed by train,Bangladesh,event,road accident
6303,Will the state not take responsibility of Farzana?,2014-09-08 14:11:12,https://en.prothomalo.com/opinion/Will-the-state-not-take-responsibility-of-Farzana,kurmitola bihari camp,"pallabi, mirpur",9,0,,"arson related to land grabbing, possibly due to fireworks incident escalating.",Bangladesh,event,road accident
6311,Severed body parts found at Agargaon,2014-05-02 10:37:21,https://en.prothomalo.com/bangladesh/Severed-body-parts-found-at-Agargaon,agargaon,dhaka,1,0,,severed body parts found,Bangladesh,event,road accident
6321,Cop killed in Gazipur road crash,2014-05-12 12:34:42,https://en.prothomalo.com/bangladesh/Cop-killed-in-Gazipur-road-crash,dhaka-mymensingh highway,dhaka,1,2,truck,truck knocked down police constables,Bangladesh,event,road accident
6332,"Ferry capsize: Institutional, tech glitches",2014-08-08 16:07:37,https://en.prothomalo.com/opinion/Ferry-capsize-Institutional-and-technical,river padma,,0,0,,"institutional and technical glitches, lack of responsibility",Bangladesh,event,road accident
6338,Female UZ vice chair dies after road crash,2014-04-25 20:15:28,https://en.prothomalo.com/bangladesh/Female-UZ-vice-chair-dies-after-road-crash,,dighalia,1,0,,road accident,Bangladesh,event,road accident
6345,Sundarbans oil spill threatens rare dolphins,2014-12-12 12:22:29,https://en.prothomalo.com/bangladesh/Sundarbans-oil-spill-threatens-rare-dolphins,sundarbans delta,,0,0,tanker,oil spill from crashed tanker,Bangladesh,event,road accident
6351,Chittagong unfit for habitation: Obaidul,2014-08-03 19:27:32,https://en.prothomalo.com/bangladesh/Chittagong-unfit-for-habitation-Obaidul,,chittagong,0,0,,,Bangladesh,,road accident
6353,10 die as 2 buses collide in Rajbari,2014-05-09 12:33:33,https://en.prothomalo.com/bangladesh/10-die-as-2-buses-collide-in-Rajbari,daulatdia-khulna highway at basantapur,rajbari,10,23,two buses,head-on collision,Bangladesh,event,road accident
6356,2 killed in Sirajganj road crash,2014-06-03 13:44:33,https://en.prothomalo.com/bangladesh/2-killed-in-Sirajganj-road-crash-2,highway villa area,sirajganj,2,10,traffic,traffic accident,Bangladesh,event,road accident
6362,Ferry capsize toll reaches 12,2014-05-15 23:51:15,https://en.prothomalo.com/bangladesh/Ferry-capsize-toll-reaches-12,river meghna at gazaria,munshiganj,12,50,,capsizing,Bangladesh,event,road accident
6363,4 killed in Comilla road crash,2014-05-15 19:45:15,https://en.prothomalo.com/bangladesh/4-killed-in-Comilla-road-crash,chouddagram upazila,comilla,4,12,"bus, ambulance, tractor",triangular collision,Bangladesh,event,road accident
6369,Tofail sorry for N'ganj 7-murder,2014-05-10 21:46:33,https://en.prothomalo.com/bangladesh/Tofail-sorry-for-N-ganj-7-murder,narayanganj,narayanganj,7,0,,murder,Bangladesh,event,road accident
6373,3 schoolboys killed in Tangail road crash,2014-03-26 21:53:38,https://en.prothomalo.com/bangladesh/3-schoolboys-killed-in-Tangail-road-crash,asimtala,mirzapur,3,0,motorcycle and bus,motorcycle crashed into a bus,Bangladesh,event,road accident
6375,5 killed in Gazipur-Tangi road clashes,2014-04-15 11:41:54,https://en.prothomalo.com/bangladesh/4-killed-in-truck-human-hauler-collision,dhaka-tangail highway,gazipur,4,5,"truck, human-hauler",head-on collision,Bangladesh,event,road accident
6379,155 CC cameras in Dhaka closed for 4 years,2014-12-07 13:58:40,https://en.prothomalo.com/bangladesh/CC-cameras-closed-in-Dhaka,saarc fountain intersection,dhaka,1,0,bus,hit and run,Bangladesh,event,road accident
6393,Minister fails to ensure passenger safety,2014-08-06 11:09:29,https://en.prothomalo.com/bangladesh/Minister-fails-to-ensure-passenger-safety,"mawa route, paturia","munshiganj, manikganj",0,0,ferries,overloading passengers or goods beyond capacity,Bangladesh,event,road accident
6394,Mozena narrowly escapes road mishap,2014-05-09 22:28:54,https://en.prothomalo.com/bangladesh/Mozena-narrowly-escapes-road-mishap,village road,gazipur,0,0,car,loss of control and sliding over a bend,Bangladesh,event,road accident
6403,UN concerned about Sundarbans oil spill,2014-12-11 09:22:43,https://en.prothomalo.com/bangladesh/UN-concerned-about-Sundarbans-oil-spill,sundarbans,mongla,0,0,tanker and cargo vessel,collision between two vessels,Bangladesh,event,road accident
6404,'Compensate Rana Plaza victims by 24 Apr',2014-04-20 19:47:03,https://en.prothomalo.com/bangladesh/Compensate-Rana-Plaza-victims-by-24-Apr,rana plaza building,dhaka,1130,2500,building,building collapse,Bangladesh,event,road accident
6428,Rana Plaza collapse: At last ACC accuses Rana,2014-07-15 21:02:12,https://en.prothomalo.com/bangladesh/Rana-Plaza-collapse-At-last-ACC-accuses-Rana,"savar, outskirts of capital dhaka",dhaka,1136,2515,commercial complex building,faulty design,Bangladesh,event,road accident
6429,"Please, let me live: Nancy",2014-08-20 12:33:20,https://en.prothomalo.com/entertainment/Please-let-me-live-Nancy,netrakona residence,netrakona,0,1,,overdose on sleeping pills,Bangladesh,event,road accident
6431,Microbus gas cylinder blast kills 3 in Ctg,2014-03-17 15:15:21,,suabeel,fatikchhari,4,7,microbus,gas cylinder explosion,Bangladesh,event,road accident
6437,Pinak-6 like 'metal object' detected under Padma,2014-08-09 17:57:20,https://en.prothomalo.com/bangladesh/Pinak-6-like-metal-object-detected-under-Padma,riverbed padma,,0,0,,,Bangladesh,event,road accident
6441,Bodies of tourist couple found in Kaptai Lake,2014-03-22 11:37:41,https://en.prothomalo.com/bangladesh/Bodies-of-tourist-couple-found-in-Kaptai-Lake,kaptai lake,rangamati,2,1,engine boat,boat capsize due to high winds,Bangladesh,event,road accident
6449,Dhaka not pedestrian friendly,2014-11-26 09:00:32,https://en.prothomalo.com/bangladesh/Dhaka-not-pedestrian-friendly,dhaka,dhaka,0,0,,,Bangladesh,,road accident
6462,Rana Plaza owner gets bail,2014-03-23 19:14:51,https://en.prothomalo.com/bangladesh/Rana-Plaza-owner-gets-bail,savar,dhaka,1135,2000,building collapse,building construction rule violation,Bangladesh,event,road accident
6463,7 die in ferry capsize,2014-05-03 22:58:10,https://en.prothomalo.com/bangladesh/7-die-in-ferry-capsize,kolagachia river in golachipa upazila,golachipa,7,20,,launch capsized,Bangladesh,event,road accident