id,title,date,article_url,place_of_accident,district,number_of_deaths,number_of_injured,vehicle_type,cause_of_accident,country,report_type,type_of_accident
6468,Tejturi Bazar burn victim dies,2014-04-11 11:44:39,https://en.prothomalo.com/bangladesh/Tejturi-Bazar-burn-victim-dies,"tejturi bazar, tejgaon area",dhaka,1,11,van,short circuit spreading to flammable chemical materials,Bangladesh,event,road accident
6472,Pedestrian-unfriendly Dhaka,2014-11-30 15:38:51,https://en.prothomalo.com/opinion/Pedestrian-unfriendly-Dhaka,sonargaon intersection of kawran bazar,dhaka,0,0,,obstruction of free pedestrian movement,Bangladesh,event,road accident
6477,Galachipa Ferry Capsize: Ferry owners to be blamed,2014-05-05 20:26:23,https://en.prothomalo.com/opinion/Galachipa-Ferry-Capsize-Ferry-owners-to-be-blamed,galachipa,galachipa,12,0,,"design and technical flaws, negligence of authorities, and owner's lack of risk assessment",Bangladesh,event,road accident
6516,Dhaka-Ctg highway as if tattered-quilt,2014-07-22 10:56:17,https://en.prothomalo.com/bangladesh/Dhaka-Ctg-highway-as-if-tattered-quilt,dhaka-chittagong highway,,0,0,,poor road conditions due to makeshift repairs,Bangladesh,event,road accident
6001,Bus driver sued in Faridpur road crash,2015-04-10 22:35:34,https://en.prothomalo.com/bangladesh/Bus-driver-sued-in-Faridpur-road-crash,bhanga,faridpur,25,18,bus,reckless driving,Bangladesh,event,road accident
6005,Reckless bike takes Runa’s life,2015-10-21 18:39:19,,motijheel agb colony,motijheel,1,0,motorcycle,reckless driving and scarf entanglement with motorcycle wheel,Bangladesh,event,road accident
6009,Rizvi being tortured to death: BNP,2015-02-23 20:45:30,https://en.prothomalo.com/bangladesh/Rizvi-being-tortured-to-death-BNP,police custody,,0,0,,torture in custody,Bangladesh,event,road accident
6012,3 killed in Tangail road crash,2015-01-13 10:52:54,https://en.prothomalo.com/bangladesh/3-killed-in-Tangail-road-crash,near bangabandhu bridge,sirajganj,3,9,taxicab and truck,head-on collision,Bangladesh,event,road accident
6016,Narayanganj road crash kills 4,2015-02-27 16:11:19,https://en.prothomalo.com/bangladesh/Narayanganj-road-crash-kills-4,dhaka-sylhet highway of rupganj upazila in narayanganj,narayanganj,4,2,"truck, auto rickshaw",truck crushed auto rickshaw,Bangladesh,event,road accident
6028,3 killed in Bogra road crash,2015-03-12 21:43:53,https://en.prothomalo.com/bangladesh/3-killed-in-Bogra-road-crash-3,dhaka-bogra highway,sherpur,3,2,road,,Bangladesh,event,road accident
6029,3 killed in Bogra road crash,2015-03-12 21:43:53,https://en.prothomalo.com/bangladesh/3-killed-in-Bogra-road-crash-2,dhaka-bogra highway,sherpur,3,2,road vehicle,,Bangladesh,event,road accident
6030,3 killed in Bogra road crash,2015-03-12 21:43:53,https://en.prothomalo.com/bangladesh/3-killed-in-Bogra-road-crash,dhaka-bogra highway,sherpur,3,2,,,Bangladesh,event,road accident
6032,City road crash kills 1,2014-12-31 10:40:16,https://en.prothomalo.com/bangladesh/City-road-crash-kills-1,karwan bazar,dhaka,1,0,,,Bangladesh,event,road accident
6034,3 killed as truck hits auto-rickshaw in B'baria,2015-02-28 22:28:59,https://en.prothomalo.com/bangladesh/3-killed-as-truck-hits-auto-rickshaw-in-B-baria,comilla-sylhet highway at brahmanbaria’s vadugarh,brahmanbaria,3,3,"truck, auto-rickshaw",truck crashed into a cng-run auto rickshaw,Bangladesh,event,road accident
6035,Auto-rickshaws banned on 22 highways,2015-08-07 21:30:31,https://en.prothomalo.com/bangladesh/Auto-rickshaws-ban-on-22-highways,"companyganj residence, noakhali",noakhali,0,0,"three-wheelers, auto tempos, non-mechanical vehicles",to avoid accidents,Bangladesh,event,road accident
6040,"It wasn’t a gunfight, Arzu was killed: Taposh MP",2015-08-20 17:49:16,https://en.prothomalo.com/bangladesh/It-wasn’t-a-gunfight-Arzu-was-killed-Taposh-MP,hazaribagh,dhaka,1,0,,killed by rab,Bangladesh,event,road accident
6047,6 killed in road crashes,2015-06-03 15:00:56,https://en.prothomalo.com/bangladesh/2-killed-in-B-baria-road-crash,"brahmanbaria, pabna and dhaka","brahmanbaria, pabna and dhaka",6,0,cars,,Bangladesh,event,road accident
6050,Worker's death in N'ganj sparks violence,2015-03-28 14:49:23,https://en.prothomalo.com/bangladesh/RMG-workers-death-in-N-ganj-road-crash-sparks,tipordi area of sonargaon upazila,naraynganj,1,0,bus,hit by a bus while crossing the road,Bangladesh,event,road accident
6054,"Father, daughter killed in Keraniganj road crash",2015-02-05 21:19:59,https://en.prothomalo.com/bangladesh/Father-daughter-killed-in-Keraniganj-road-crash,dhaka-mawa highway,south keraniganj,2,0,,,Bangladesh,event,road accident
6060,Death on the highways,2015-04-11 10:14:49,https://en.prothomalo.com/opinion/Death-on-the-highways-3,bhanga municipal area,faridpur,25,0,bus,serious accident,Bangladesh,event,road accident
6061,Death on the highways,2015-04-11 10:14:49,https://en.prothomalo.com/opinion/Death-on-the-highways-2,bhanga municipal area,faridpur,25,0,bus,,Bangladesh,event,road accident
6062,Death on the highways,2015-04-11 10:14:49,https://en.prothomalo.com/opinion/Death-on-the-highways,bhanga municipal area,faridpur,25,25,bus,,Bangladesh,event,road accident
6066,Tangled web of overhead cables,2015-07-05 17:00:45,https://en.prothomalo.com/bangladesh/Tangled-web-of-overhead-cables,"gulshan, banani, mohakhali, karwan bazar, mirpur",dhaka,0,0,,illegal overhead cables entangled with electricity lines and transformers,Bangladesh,event,road accident
6070,"Bomb blasts in Lalbagh, youth loses hand",2015-01-21 18:49:18,https://en.prothomalo.com/bangladesh/Bomb-blasts-in-Lalbagh-youth-loses-hand,lalbagh,dhaka,0,1,,bomb blast,Bangladesh,event,road accident
6073,Cop among 3 killed in Sirajganj road crash,2014-12-31 13:56:54,https://en.prothomalo.com/bangladesh/Cop-among-3-killed-in-Sirajganj-road-crash,koddar intersection of bangabandhu bridge (west) connecting road,sirajganj sadar,3,3,"bus, truck, van",truck ran into a stationary bus,Bangladesh,event,road accident
6080,Satkhira road crash kills woman,2014-12-05 12:44:41,https://en.prothomalo.com/bangladesh/Satkhira-road-crash-kills-woman,satkhira town,satkhira,1,0,road vehicle,,Bangladesh,event,road accident
6081,"Truck driver, asst burnt to death",2015-02-03 15:51:17,https://en.prothomalo.com/bangladesh/Truck-driver-and-assistant-burnt-to-death,dhaka-barisal highway in gaurnadi upazila,barisal,2,0,truck,petrol bomb attack,Bangladesh,event,road accident
6083,Narsingdi road crash kills 2,2014-12-19 13:21:02,https://en.prothomalo.com/bangladesh/Narsingdi-road-crash-kills-2-4,dhaka-sylhet highway in front of bscic industrial area at kararchar,shibganj,2,3,"bus, auto-rickshaw",bus rammed auto-rickshaw,Bangladesh,event,road accident
6084,Narsingdi road crash kills 2,2014-12-19 13:21:02,https://en.prothomalo.com/bangladesh/Narsingdi-road-crash-kills-2-2,bscic industrial area at kararchar,baniachong,2,3,"bus, cng-run auto-rickshaw",bus rammed a cng-run auto-rickshaw,Bangladesh,event,road accident
6085,Narsingdi road crash kills 2,2014-12-19 13:21:02,https://en.prothomalo.com/bangladesh/Narsingdi-road-crash-kills-2,dhaka-sylhet highway in front of bscic industrial area,shibganj,2,3,bus and auto-rickshaw,bus rammed auto-rickshaw,Bangladesh,event,road accident
6086,Driver held in connection with death of 3 Rajshahi College girls,2014-12-11 14:00:58,https://en.prothomalo.com/bangladesh/Driver-held-in-connection-with-death-of-3-Rajshahi,rajshahi,rajshahi,3,0,bus,bus turned turtle,Bangladesh,event,road accident
6094,"Pinak-6 capsize: A year on, wound remains",2015-08-04 20:03:14,https://en.prothomalo.com/bangladesh/Pinak-6-capsize-A-year-on-wound-remains,padma river,munshiganj,49,112,launch (pinak-6),overloaded with passengers,Bangladesh,event,road accident
6097,JCD leader wounded in blast dies,2015-01-22 10:41:43,https://en.prothomalo.com/bangladesh/JCD-leader-wounded-in-blast-dies,lalbagh,dhaka,1,0,,making a bomb,Bangladesh,event,road accident
6098,Chakaria death toll rises to 4,2015-01-16 17:54:02,https://en.prothomalo.com/bangladesh/Chakaria-death-toll-rises-to-4,chittagong-cox's bazar highway,cox's bazar,4,0,"microbus, picnic bus",head-on collision between a picnic bus and a microbus,Bangladesh,event,road accident
6099,Tangail bus-truck collision kills 4,2014-10-17 09:33:23,https://en.prothomalo.com/bangladesh/Tangail-bus-truck-collision-kills-4,gharinda bypass intersection,tangail sadar,4,10,bus and a truck,head-on collision,Bangladesh,event,road accident
6107,No lack of excuses to strike,2015-05-25 08:24:49,https://en.prothomalo.com/bangladesh/Transport-strikes-at-meagre-excuses,"madhukhali, faridpur",faridpur,0,0,bus,robbery and arrest of bus staff,Bangladesh,event,road accident
6122,Madrasah teacher killed in Rajshahi bike crash,2014-11-01 10:09:55,https://en.prothomalo.com/bangladesh/Madrasah-teacher-killed-in-Rajshahi-bike-crash,shah makhdum airport area,rajshahi,1,0,"motorcycle, truck",truck knocked down motorcycle,Bangladesh,event,road accident
6126,14 injured in Gulistan traffic crash,2014-11-17 13:20:14,https://en.prothomalo.com/bangladesh/14-injured-in-Gulistan-traffic-crash,toll plaza in front of mayor mohhad hanif flyover,dhaka,0,14,bus,rear-end collision,Bangladesh,event,road accident
6134,"3 killed in road crashes in Mirsharai, Savar",2014-12-05 22:41:59,https://en.prothomalo.com/bangladesh/3-killed-in-road-crashes-in-Mirsharai-Savar,"sufia road, nayarhat area of ashulia, dhaka-aricha highway","mirsharai, ashulia",3,8,"covered van, cng-run auto-rickshaw, bus, three-wheeler","collision between vehicles, bus rammed three-wheeler",Bangladesh,event,road accident
6135,JUST student among 3 killed in Jessore,2014-12-12 20:08:00,https://en.prothomalo.com/bangladesh/University-student-among-3-killed-in-Jessore-road,jessore-chougachha highway at fultadanga,jessore,3,8,,,Bangladesh,event,road accident
6140,"Mother, son drown in Buriganga",2014-10-01 16:11:26,https://en.prothomalo.com/bangladesh/Mother-son-drown-in-Buriganga,river buriganga near sadarghat terminal,dhaka,2,1,launch and boat,launch hit the boat,Bangladesh,event,road accident
6142,Natore bus plunge kills 3,2014-10-03 20:48:54,https://en.prothomalo.com/bangladesh/Natore-bus-plunge-kills-3,banpara-hatikumrul highway,natore,3,28,bus,plunged into a roadside ditch,Bangladesh,event,road accident
6143,Compensation claims mark Rana Plaza anniversary,2015-04-24 17:45:16,https://en.prothomalo.com/bangladesh/Compensation-claims-mark-Rana-Plaza-anniversary,dhaka,dhaka,1138,2500,building collapse,structural failure,Bangladesh,event,road accident
6152,Munshiganj road crash kills 2,2014-10-26 10:35:40,https://en.prothomalo.com/bangladesh/Munshiganj-road-crash-kills-2-2,madhyam farazi kandi on the dhaka-chittagong highway,munshiganj,2,25,,,Bangladesh,event,road accident
6153,Munshiganj road crash kills 2,2014-10-26 10:35:40,https://en.prothomalo.com/bangladesh/Munshiganj-road-crash-kills-2,dhaka-chittagong highway,munshiganj,2,25,,,Bangladesh,event,road accident
6155,"1 killed, 5 injured in Mymensingh road crash",2014-09-06 18:20:42,https://en.prothomalo.com/bangladesh/1-killed-5-injured-in-Mymensingh-road-crash,mymensingh sadar,mymensingh,1,5,road vehicle,,Bangladesh,event,road accident
6163,"Man killed, 10 hurt in Mymensingh road crash",2014-08-29 17:33:40,https://en.prothomalo.com/bangladesh/Man-killed-10-hurt-in-Mymensingh-road-crash,mymensingh-kishoreganj highway at sharshi,mymensingh,1,10,bus and truck,head-on collision,Bangladesh,event,road accident
6168,AL leader killed in Sylhet bike crash,2014-09-12 12:50:12,https://en.prothomalo.com/bangladesh/AL-leader-killed-in-Sylhet-bike-crash,nijpat bandarhati village,jaintapur uapzila,1,0,"motorcycle, truck",truck hit motorcycle,Bangladesh,event,road accident
6178,4 killed in Tangail traffic collision,2014-09-21 15:45:46,https://en.prothomalo.com/bangladesh/3-killed-in-Highway-road-crash,dhaka-tangail highway in jamurki,tangail,4,0,covered van and pickup van,head-on collision,Bangladesh,event,road accident
6181,Steel mill explosion burns 4,2014-10-26 16:13:38,,shyampur,shyampur,0,4,furnace,furnace exploded,Bangladesh,event,road accident
6182,Cop killed in Tangail road crash,2014-09-08 17:09:37,,kurni,"mirzapur, tangail",1,7,"bus, police vehicle",bus hitting a police vehicle,Bangladesh,event,road accident
6185,Zaglul Ahmed Chowdhury laid to rest,2014-12-01 23:06:15,https://en.prothomalo.com/bangladesh/Zaglul-Ahmed-Chowdhury-laid-to-rest,dhaka,dhaka,1,0,,,Bangladesh,event,road accident
6193,4 killed in truck-auto rickshaw collision,2014-09-16 11:54:15,https://en.prothomalo.com/bangladesh/4-killed-in-truck-auto-rickshaw-collision,kanchan jinda park area,narayanganj,4,2,"truck, auto rickshaw",head on collision,Bangladesh,event,road accident
6197,2 killed in Narsingdi road crash,2014-09-06 22:34:46,https://en.prothomalo.com/bangladesh/accident/2-killed-in-narsingdi-road-crash,dhaka-sylhet highway in shibpur upazila,narsingdi,2,3,road vehicle,,Bangladesh,event,road accident
6198,2 killed in Narsingdi road crash,2014-09-06 22:34:46,https://en.prothomalo.com/bangladesh/2-killed-in-Narsingdi-road-crash,dhaka-sylhet highway,shibpur upazila,2,3,road vehicle,,Bangladesh,event,road accident
6200,"Driver killed, 5 injured in road crash",2014-08-14 13:37:54,https://en.prothomalo.com/bangladesh/Driver-killed-5-injured-in-road-crash,jessore-chaugachha road,chuadanga,1,5,bus,,Bangladesh,event,road accident
6201,"Twin boys, mother die as bus falls in ditch",2014-10-05 12:41:02,https://en.prothomalo.com/bangladesh/Twin-boys-mother-die-as-bus-falls-in-ditch,comilla-sylhet highway,brahmanbaria sadar upazila,3,0,microbus,plunged into water,Bangladesh,event,road accident
6202,Traffic constable killed in Dhaka,2014-08-21 22:02:03,https://en.prothomalo.com/bangladesh/Traffic-constable-killed-in-Dhaka,bananiof dhaka,dhaka,1,0,,traffic accident,Bangladesh,event,road accident
6206,Truck runs over 2 siblings,2014-09-28 10:29:06,https://en.prothomalo.com/bangladesh/Truck-runs-over-2-siblings,satkhira town,satkhira,2,1,truck,truck ran over siblings,Bangladesh,event,road accident
6212,7 bodies recovered after Padma boat capsize,2014-07-31 11:11:30,https://en.prothomalo.com/bangladesh/7-bodies-recovered-after-Padma-boat-capsize,river padma,kushtia,7,0,,boat capsize,Bangladesh,event,road accident
6214,2 killed in Mirzapur collision,2014-08-24 13:02:22,https://en.prothomalo.com/bangladesh/2-killed-in-Mirzapur-collision,mirzapur upazila,tangail,2,0,passenger bus and a fish-laden pick-up,collision,Bangladesh,event,road accident
6232,3 killed in Comilla road crash,2014-07-27 18:33:43,https://en.prothomalo.com/bangladesh/3-killed-in-Comilla-road-crash-5,"nuritala, chandina upazila",comilla,3,2,"bus, pick-up van",bus rammed a pick-up van,Bangladesh,event,road accident
6233,3 killed in Comilla road crash,2014-07-27 18:33:43,https://en.prothomalo.com/bangladesh/3-killed-in-Comilla-road-crash-4,"nuritala, chandina upazila, comilla",comilla,3,2,"bus, pick-up van",bus rammed a pick-up van,Bangladesh,event,road accident
6234,3 killed in Comilla road crash,2014-07-27 18:33:43,https://en.prothomalo.com/bangladesh/3-killed-in-Comilla-road-crash-2,dhaka-chittagong highway at nuritala,comilla,3,2,"bus, pick-up van",bus rammed a pick-up van,Bangladesh,event,road accident
6236,Clinker-laden coaster sinks in Meghna River,2014-08-26 11:31:14,https://en.prothomalo.com/bangladesh/Clinker-laden-coaster-sinks-in-Meghna-River,meghna river near old market area,chandpur,0,0,coaster and oil-laden tanker,collision between coaster and oil-laden tanker,Bangladesh,event,road accident
6237,2 traders killed in Magura road crash,2014-07-26 17:47:34,https://en.prothomalo.com/bangladesh/2-traders-killed-in-Magura-road-crash,kasundi,magura sadar,2,7,"truck, pick-up",truck rammed into a pick-up,Bangladesh,event,road accident
6238,6 killed in Nilphamari road crash,2014-06-21 14:51:53,https://en.prothomalo.com/bangladesh/6-killed-in-Nilphamari-road-crash,kishoreganj-taraganj highway at dharerbazar,kishoreganj upazila of nilphamari,6,10,bus and ambulance,bus smashed an ambulance,Bangladesh,event,road accident
6239,Stern action against unfit vehicles,2014-11-10 12:03:22,https://en.prothomalo.com/opinion/Stern-action-against-unfit-vehicles,,,0,0,,vehicles without fitness and registration,Bangladesh,event,road accident
6241,4 killed in a Tangail road crash,2014-06-28 10:19:02,,dhaka-tangail highway at jokarchar,tangail,4,0,truck and pick-up van,truck rammed into a pick-up van,Bangladesh,event,road accident
6242,Sundarbans in grave danger,2014-12-11 10:06:13,https://en.prothomalo.com/opinion/Sundarbans-in-grave-danger,"river shela, sundarbans",sundarbans,0,0,tanker,capsized,Bangladesh,event,road accident
6243,3 killed in M’singh as 2 trucks collide,2014-07-04 13:09:09,https://en.prothomalo.com/bangladesh/3-killed-in-M’singh-as-2-trucks-collide,meherabari,bhaluka,3,1,two trucks,head-on collision,Bangladesh,event,road accident
6245,Limon maiming accidental: Asaduzzaman,2014-10-22 20:03:35,https://en.prothomalo.com/bangladesh/Limon-maiming-accidental-Asaduzzaman,jhalakati,jhalakati,0,1,,shot and maimed by rapid action battalion members,Bangladesh,event,road accident
6246,2 killed in Mymensingh road crash,2014-07-25 13:21:47,https://en.prothomalo.com/bangladesh/accident/xmi9mzllmi,netrakona-mymensingh highway at kashiganj,mymensingh,2,10,"bus, private car",bus rammed into a private car,Bangladesh,event,road accident
6247,2 killed in Mymensingh road crash,2014-07-25 13:21:47,https://en.prothomalo.com/bangladesh/2-killed-in-Mymensingh-road-crash-3,netrakona-mymensingh highway at kashiganj under tarakanda upazila,mymensingh,2,10,bus and private car,bus rammed into a private car,Bangladesh,event,road accident
6248,2 killed in Mymensingh road crash,2014-07-25 13:21:47,https://en.prothomalo.com/bangladesh/2-killed-in-Mymensingh-road-crash,netrakona-mymensingh highway at kashiganj,mymensingh,2,10,bus and private car,bus rammed into a private car,Bangladesh,event,road accident
6249,4 killed in M’singh road crash,2014-08-15 11:58:27,https://en.prothomalo.com/bangladesh/3-killed-in-M’singh-road-crash,dhaka-mymensingh highway at beltoli,sadar upazila,4,2,bus and cng-run auto-rickshaw,head-on collision,Bangladesh,event,road accident
6250,"MP hurt, domestic help killed in road crash",2014-07-23 18:19:26,https://en.prothomalo.com/bangladesh/MP-hurt-domestic-help-killed-in-road-crash,kadda,sirajganj,1,3,,,Bangladesh,event,road accident
6252,2 SUST students among 3 hurt in road crash,2014-07-12 18:16:21,https://en.prothomalo.com/bangladesh/2-SUST-students-among-3-hurt-in-road-crash,akhalia,chittagong,0,3,microbus and auto-rickshaw,microbus rammed into a cng-run auto-rickshaw,Bangladesh,event,road accident
6262,Man killed in Panchagarh road crash,2014-06-20 10:57:54,https://en.prothomalo.com/bangladesh/Man-killed-in-Panchagarh-road-crash,dhaka-panchagarh highway,panchagarh,1,0,traffic,,Bangladesh,event,road accident
6263,"Ferry sinks with 5 trucks, 2 pickups",2014-06-19 10:44:41,https://en.prothomalo.com/bangladesh/Ferry-sinks-with-5-trucks-2-pickups,madhumati river near kalna ferry ghat,kashiani upazila,0,0,"ferry, paddy-laden trucks, pickup-vans",capsized,Bangladesh,event,road accident
6266,2 killed in Feni road crash,2014-07-08 13:12:12,https://en.prothomalo.com/bangladesh/2-killed-in-Feni-road-crash,feni-noakhali highway,daganbhuiyan,2,0,microbus and cng-run auto-rickshaw,head-on collision,Bangladesh,event,road accident
6267,8 killed as two buses collide in Narsingdi,2014-08-06 22:07:18,https://en.prothomalo.com/bangladesh/8-killed-as-two-buses-collide-in-Narsingdi,dhaka-sylhet highway at amtala of shibpur,narsingdi,8,60,buses,collision and subsequent fire,Bangladesh,event,road accident
6268,Cultural affairs secretary injured in road crash,2014-06-20 18:12:58,https://en.prothomalo.com/bangladesh/Cultural-affairs-secretary-injured-in-road-crash,boraigram upazila,natore,0,3,road vehicle,,Bangladesh,event,road accident
6279,No reason for shipping minister to quit: Obaidul,2014-08-07 20:47:29,https://en.prothomalo.com/bangladesh/No-reason-for-shipping-minister-to-quit-Obaidul,pinak-6 ferry,,0,0,,capsize,Bangladesh,event,road accident
6281,"Hit by washing machine, apparel worker dies",2014-06-19 20:05:57,https://en.prothomalo.com/bangladesh/Hit-by-washing-machine-apparel-worker-dies,konabari,gazipur,1,0,washing machine,struck by a washing machine,Bangladesh,event,road accident
6286,'Jarip-10' to trace the sunken ferry,2014-08-05 13:36:16,https://en.prothomalo.com/bangladesh/Jarip-10-to-trace-the-sunken-ferry,river padma at mawa,munshiganj,0,0,,sunken,Bangladesh,event,road accident
6287,"Ferry capsizes in Padma, 2 bodies recovered",2014-08-04 15:05:05,https://en.prothomalo.com/bangladesh/Ferry-capsizes-in-Padma-2-bodies-recovered,mawa ferry terminal,mawa,0,0,,capsized,Bangladesh,event,road accident
6288,24-hr bus strike on Dhaka-Barisal-Madaripur routes underway,2014-07-21 13:12:39,https://en.prothomalo.com/bangladesh/24-hr-bus-strike-on-Dhaka-Barisal-Madaripur-routes,dhaka-barisal and dhaka-madaripur highways,dhaka,0,0,bus,demand for compensation rate cut,Bangladesh,event,road accident
6290,Quader blames jaywalkers for traffic jams,2014-08-12 22:28:26,https://en.prothomalo.com/bangladesh/Quader-blames-jaywalkers-for-traffic-jams,dhaka,dhaka,0,0,"cars, motorcycles, trucks","jaywalking, reckless driving, misuse of stickers",Bangladesh,event,road accident
6294,10 killed as bus hits crowd in Barisal,2014-07-11 22:59:19,https://en.prothomalo.com/bangladesh/10-killed-as-bus-hits-crowd-in-Barisal,barisal-dhaka highway at wazirpur upazila,barisal,10,30,passenger bus,ploughed through a crowd at a makeshift market,Bangladesh,event,road accident
6295,3 killed in Tangail road crash,2014-05-20 18:59:07,https://en.prothomalo.com/bangladesh/3-killed-in-Tangail-road-crash-2,dhaka-tangail highway at postokamari,tangail,3,3,"truck, pick-up van",truck rammed into a pick-up van,Bangladesh,event,road accident
6296,3 killed in Tangail road crash,2014-05-20 18:59:07,https://en.prothomalo.com/bangladesh/3-killed-in-Tangail-road-crash,dhaka-tangail highway,tangail,3,3,"truck, pick-up van",truck rammed into a pick-up van,Bangladesh,event,road accident
6299,"Ban on battery-run rickshaws, vans demanded",2014-05-06 19:32:50,https://en.prothomalo.com/bangladesh/Ban-on-battery-run-rickshaws-vans-demanded,,,0,0,battery-run rickshaw-van,,Bangladesh,event,road accident
6303,Will the state not take responsibility of Farzana?,2014-09-08 14:11:12,https://en.prothomalo.com/opinion/Will-the-state-not-take-responsibility-of-Farzana,"kurmitola bihari camp in pallabi, mirpur",dhaka,9,0,,arson related to land grabbing conflict,Bangladesh,event,road accident
6311,Severed body parts found at Agargaon,2014-05-02 10:37:21,https://en.prothomalo.com/bangladesh/Severed-body-parts-found-at-Agargaon,bangabandhu international conference centre,agargaon,0,0,,,Bangladesh,event,road accident
6327,Bodies of 3 workers arrive from Malaysia,2014-08-21 12:38:55,https://en.prothomalo.com/bangladesh/Bodies-of-3-workers-arrive-from-Malaysia,malaysia,,3,0,,flyover beam collapse,Bangladesh,event,road accident
6338,Female UZ vice chair dies after road crash,2014-04-25 20:15:28,https://en.prothomalo.com/bangladesh/Female-UZ-vice-chair-dies-after-road-crash,dighalia,khulna,1,0,,road accident,Bangladesh,event,road accident
6350,Demands for a ‘People’s Dhaka’,2015-04-24 13:54:10,,dhaka university campus,dhaka,0,0,,"sexual harassment, arrogance of power",Bangladesh,event,road accident
6353,10 die as 2 buses collide in Rajbari,2014-05-09 12:33:33,https://en.prothomalo.com/bangladesh/10-die-as-2-buses-collide-in-Rajbari,daulatdia-khulna highway at basantapur,rajbari sadar upazila,10,23,two buses,head-on collision,Bangladesh,event,road accident
6355,7 killed in Jessore road crash,2014-06-03 16:28:04,https://en.prothomalo.com/bangladesh/6-killed-in-Jessore-road-crash,jessore-khulna highway at abhaynagar upazila,jessore,7,0,traffic,traffic accident,Bangladesh,event,road accident
6362,Ferry capsize toll reaches 12,2014-05-15 23:51:15,https://en.prothomalo.com/bangladesh/Ferry-capsize-toll-reaches-12,river meghna,munshiganj,12,50,,capsize,Bangladesh,event,road accident
6363,4 killed in Comilla road crash,2014-05-15 19:45:15,https://en.prothomalo.com/bangladesh/4-killed-in-Comilla-road-crash,chouddagram upazila,comilla,4,12,"bus, ambulance, tractor",triangular collision,Bangladesh,event,road accident
6371,Rana Plaza victims receive first installment of compensation,2014-10-03 14:52:56,https://en.prothomalo.com/bangladesh/Rana-Plaza-victims-receive-first-installment-of,rana plaza building,dhaka,1552,35,building collapse,structural failure,Bangladesh,event,road accident
6379,155 CC cameras in Dhaka closed for 4 years,2014-12-07 13:58:40,https://en.prothomalo.com/bangladesh/CC-cameras-closed-in-Dhaka,saarc fountain intersection,dhaka,1,0,bus,hit-and-run by a bus,Bangladesh,event,road accident
6394,Mozena narrowly escapes road mishap,2014-05-09 22:28:54,https://en.prothomalo.com/bangladesh/Mozena-narrowly-escapes-road-mishap,gazipur,gazipur,0,0,car,loss of control and slid over a bend,Bangladesh,event,road accident
6403,UN concerned about Sundarbans oil spill,2014-12-11 09:22:43,https://en.prothomalo.com/bangladesh/UN-concerned-about-Sundarbans-oil-spill,sundarbans,mongla,0,0,tanker and cargo vessel,collision between tanker and cargo vessel,Bangladesh,event,road accident
6404,'Compensate Rana Plaza victims by 24 Apr',2014-04-20 19:47:03,https://en.prothomalo.com/bangladesh/Compensate-Rana-Plaza-victims-by-24-Apr,rana plaza,savar,1134,2500,,building collapse,Bangladesh,event,road accident
6428,Rana Plaza collapse: At last ACC accuses Rana,2014-07-15 21:02:12,https://en.prothomalo.com/bangladesh/Rana-Plaza-collapse-At-last-ACC-accuses-Rana,savar,dhaka,1136,2515,commercial complex,faulty design,Bangladesh,event,road accident
6431,Microbus gas cylinder blast kills 3 in Ctg,2014-03-17 15:15:21,,suabeel,fatikchhari,4,7,microbus,gas cylinder explosion,Bangladesh,event,road accident
6437,Pinak-6 like 'metal object' detected under Padma,2014-08-09 17:57:20,https://en.prothomalo.com/bangladesh/Pinak-6-like-metal-object-detected-under-Padma,riverbed padma,,0,0,,capsized,Bangladesh,event,road accident
6439,Human trafficking unabated,2014-10-20 15:58:43,https://en.prothomalo.com/bangladesh/Human-trafficking-unabated,cox's bazar coast,"19 districts including rangpur, dinajpur, rajshahi, jessore, kurigram, mymensingh and khulna",0,0,,human trafficking,Bangladesh,event,road accident
6441,Bodies of tourist couple found in Kaptai Lake,2014-03-22 11:37:41,https://en.prothomalo.com/bangladesh/Bodies-of-tourist-couple-found-in-Kaptai-Lake,rangamati dc bungalow,rangamati,2,1,engine boat,boat capsize,Bangladesh,event,road accident
6453,Hasina distributes cheques among Rana plaza victims' families,2014-04-16 13:52:35,https://en.prothomalo.com/bangladesh/Hasina-distributes-cheques-among-Rana-plaza,rana plaza,dhaka,53,0,building collapse,building collapse,Bangladesh,event,road accident
6462,Rana Plaza owner gets bail,2014-03-23 19:14:51,https://en.prothomalo.com/bangladesh/Rana-Plaza-owner-gets-bail,savar,dhaka,1135,0,building,building collapse,Bangladesh,event,road accident
6463,7 die in ferry capsize,2014-05-03 22:58:10,https://en.prothomalo.com/bangladesh/7-die-in-ferry-capsize,kolagachia river,golachipa,7,20,,capsized amid stormy weather,Bangladesh,event,road accident
6468,Tejturi Bazar burn victim dies,2014-04-11 11:44:39,https://en.prothomalo.com/bangladesh/Tejturi-Bazar-burn-victim-dies,tejturi bazar,tejgaon,1,11,van,short circuit and flammable chemical materials,Bangladesh,event,road accident
6472,Pedestrian-unfriendly Dhaka,2014-11-30 15:38:51,https://en.prothomalo.com/opinion/Pedestrian-unfriendly-Dhaka,sonargaon intersection of kawran bazar,dhaka,0,0,,obstruction of free pedestrian movement for vehicles,Bangladesh,event,road accident
6477,Galachipa Ferry Capsize: Ferry owners to be blamed,2014-05-05 20:26:23,https://en.prothomalo.com/opinion/Galachipa-Ferry-Capsize-Ferry-owners-to-be-blamed,galachipa,galachipa,12,0,,"design and technical flaws of the ferry, negligence of the authorities, and failure to consider storm risks",Bangladesh,event,road accident
6481,The all-in-one minister,2014-08-10 14:00:45,https://en.prothomalo.com/bangladesh/The-all-in-one-minister,mawa-kawrakandi route,,0,0,mv oishee khan (vessel),,Bangladesh,event,road accident
6504,Highway horrors,2014-07-08 20:01:57,https://en.prothomalo.com/bangladesh/Highway-horrors,dhaka-mymensingh highway,dhaka,0,0,all vehicles,poor road conditions,Bangladesh,event,road accident
6516,Dhaka-Ctg highway as if tattered-quilt,2014-07-22 10:56:17,https://en.prothomalo.com/bangladesh/Dhaka-Ctg-highway-as-if-tattered-quilt,dhaka-chittagong highway,,0,0,,poor road conditions due to ongoing repairs,Bangladesh,event,road accident